cliente_id,num_compras,gasto_historico,ticket_medio,cantidad_total,gasto_siguiente_periodo
1,13,5804.36,446.49,37,59.23
2,9,2484.18,276.02,14,715.29
3,11,1809.19,164.47,24,48.19
4,22,8480.11,385.46,49,707.88
5,10,2417.63,241.76,21,27.67
6,4,514.18,128.54,5,60.22
7,9,2303.54,255.95,17,100.24
8,52,23601.56,453.88,112,1956.32
9,4,1446.84,361.71,11,0.0
10,7,2626.41,375.2,12,51.17
11,7,4580.94,654.42,14,253.25
12,13,3411.97,262.46,21,244.53
13,25,5999.35,239.97,51,3637.07
14,23,9370.03,407.39,52,146.13
15,11,3549.73,322.7,31,118.94
16,19,4241.14,223.22,45,621.04
17,11,5333.4,484.85,33,3064.28
18,27,7835.13,290.19,70,8227.18
19,9,5651.34,627.93,17,350.76
20,10,1161.22,116.12,18,801.49
21,30,7317.45,243.92,61,3060.7
22,29,15861.71,546.96,72,1291.36
23,15,3951.95,263.46,38,278.76
24,15,4304.09,286.94,48,974.4
25,30,23434.85,781.16,66,354.38
26,14,2737.3,195.52,27,571.77
27,7,1646.78,235.25,11,0.0
28,13,4979.62,383.05,46,13.68
29,15,3111.6,207.44,26,1833.07
30,14,2466.37,176.17,21,737.82
31,27,7630.21,282.6,42,1455.19
32,8,6261.0,782.62,13,0.0
33,13,2550.15,196.17,17,717.02
34,10,2696.38,269.64,24,288.79
35,26,10591.44,407.36,50,433.93
36,8,1941.33,242.67,12,0.0
37,26,12697.82,488.38,49,3688.93
38,13,4987.39,383.65,31,0.0
39,8,2104.82,263.1,24,1826.59
40,25,11019.58,440.78,63,6258.63
41,6,4663.58,777.26,8,692.08
42,22,9211.19,418.69,38,3905.68
43,8,4462.16,557.77,19,995.2
44,7,6255.21,893.6,16,0.0
45,19,7444.26,391.8,43,0.0
46,28,8048.2,287.44,64,2104.13
47,9,3606.4,400.71,37,15.98
48,9,8275.7,919.52,25,0.0
49,18,7449.1,413.84,30,4364.85
50,58,15457.18,266.5,112,3604.51
51,17,12610.68,741.8,46,1409.54
52,30,15698.32,523.28,57,875.74
53,8,2730.3,341.29,15,0.0
54,16,2753.44,172.09,40,77.76
55,21,5254.41,250.21,48,1520.15
56,24,11521.4,480.06,54,5516.23
57,27,8669.87,321.11,60,5302.72
58,20,15343.24,767.16,49,242.63
59,31,11829.65,381.6,67,953.12
60,12,6416.34,534.7,28,5309.34
61,12,4676.02,389.67,30,97.72
62,44,16203.35,368.26,90,7829.7
63,5,1470.92,294.18,7,279.42
64,9,2612.96,290.33,21,216.66
65,12,3345.22,278.77,30,68.78
66,18,7818.77,434.38,38,211.31
67,35,16000.27,457.15,75,1915.47
68,33,12559.83,380.6,65,1637.94
69,9,2802.09,311.34,30,0.0
70,14,4221.93,301.57,28,0.0
71,8,1276.5,159.56,17,147.56
72,29,14740.87,508.31,86,544.75
73,9,1205.66,133.96,17,54.3
74,25,4883.75,195.35,64,480.27
75,17,6330.7,372.39,30,1162.41
76,8,1391.13,173.89,17,1328.53
77,23,8565.84,372.43,46,229.81
78,15,13207.52,880.5,37,110.46
79,8,1336.94,167.12,9,478.65
80,10,8667.53,866.75,22,7.44
81,11,3688.77,335.34,23,178.63
82,8,5553.58,694.2,17,0.0
83,2,268.14,134.07,3,0.0
84,13,3894.27,299.56,32,350.66
85,4,1542.45,385.61,14,96.08
86,30,5905.03,196.83,66,744.08
87,9,748.02,83.11,20,0.0
88,17,9028.74,531.1,39,0.0
89,7,2575.64,367.95,13,1811.4
90,8,10265.02,1283.13,26,0.0
91,5,1592.6,318.52,9,383.69
92,13,5129.17,394.55,28,1182.99
93,3,1221.17,407.06,7,343.2
94,19,14176.55,746.13,50,217.88
95,17,11479.61,675.27,38,5409.84
96,46,9258.45,201.27,108,2145.81
97,19,9921.58,522.19,50,0.0
98,12,5518.97,459.91,24,1542.54
99,23,14145.79,615.03,46,1795.36
100,9,6453.98,717.11,21,0.0
101,5,1387.51,277.5,11,526.48
102,9,2962.05,329.12,14,504.85
103,17,5712.44,336.03,36,111.91
104,5,538.25,107.65,5,0.0
105,11,5961.02,541.91,26,165.49
106,17,4574.83,269.11,45,2051.88
107,6,1628.28,271.38,15,0.0
108,6,4199.17,699.86,10,183.98
109,14,5545.16,396.08,26,138.34
110,22,8363.73,380.17,41,38.79
111,9,2335.54,259.5,15,0.0
112,5,3326.32,665.26,7,88.01
113,58,27882.3,480.73,137,1833.18
114,31,15299.94,493.55,71,46.91
115,9,1342.53,149.17,21,207.69
116,9,11885.14,1320.57,22,0.0
117,11,1671.77,151.98,24,0.0
118,33,17789.11,539.06,75,378.52
119,10,4692.62,469.26,24,0.0
120,8,3458.87,432.36,27,0.0
121,10,5368.54,536.85,21,118.04
122,13,2533.08,194.85,34,2549.3
123,12,1362.05,113.5,21,261.17
124,8,818.19,102.27,11,5546.52
125,10,4785.62,478.56,28,1044.39
126,19,2255.64,118.72,34,816.95
127,37,17933.3,484.68,84,8560.99
128,6,3589.35,598.22,9,1961.18
129,6,5607.07,934.51,14,281.73
130,10,6123.69,612.37,28,158.24
131,15,4381.03,292.07,27,631.94
132,7,1744.44,249.21,12,0.0
133,19,8708.2,458.33,39,291.62
134,14,4017.02,286.93,24,0.0
135,20,7420.38,371.02,43,858.25
136,22,7015.11,318.87,53,2237.37
137,5,2208.52,441.7,15,427.61
138,6,1059.2,176.53,11,0.0
139,9,2946.08,327.34,24,4412.88
140,11,2851.45,259.22,17,0.0
141,20,12838.68,641.93,40,13082.03
142,26,8952.04,344.31,44,501.07
143,5,1270.66,254.13,12,67.75
144,7,1232.55,176.08,12,0.0
145,6,4282.69,713.78,14,0.0
146,12,4554.79,379.57,26,0.0
147,39,18613.49,477.27,91,1389.33
148,47,18045.58,383.95,113,1139.57
149,8,4373.49,546.69,22,0.0
150,29,15234.11,525.31,52,1392.82
151,6,6142.9,1023.82,14,55.72
152,44,18289.05,415.66,81,1395.85
153,30,10234.22,341.14,63,1352.77
154,4,901.24,225.31,9,0.0
155,10,13966.86,1396.69,39,0.0
156,17,7286.68,428.63,26,1007.55
157,10,7757.92,775.79,35,144.95
158,7,4199.0,599.86,18,1507.02
159,14,7419.42,529.96,30,362.28
160,13,4632.77,356.37,26,795.43
161,7,4090.42,584.35,18,0.0
162,13,8023.04,617.16,29,2350.22
163,8,4131.37,516.42,30,208.81
164,12,4920.64,410.05,24,595.28
165,3,440.36,146.79,6,779.96
166,7,5271.2,753.03,15,0.0
167,8,1474.48,184.31,21,0.0
168,16,6624.89,414.06,25,37.38
169,12,4669.27,389.11,37,93.12
170,14,3431.5,245.11,35,1580.19
171,14,7120.78,508.63,22,5414.2
172,21,6760.88,321.95,39,1031.14
173,10,17841.15,1784.11,28,0.0
174,27,11191.96,414.52,49,3278.32
175,8,3723.05,465.38,17,12.22
176,15,12759.25,850.62,34,2624.74
177,7,8396.76,1199.54,15,55.9
178,10,2366.93,236.69,27,0.0
179,22,8749.72,397.71,54,1253.38
180,13,6531.98,502.46,30,0.0
181,10,4317.46,431.75,22,0.0
182,24,13999.9,583.33,54,325.48
183,18,5115.76,284.21,33,111.16
184,17,12843.23,755.48,48,35.64
185,46,11660.34,253.49,103,451.32
186,10,1896.2,189.62,20,0.0
187,8,3268.93,408.62,13,226.26
188,28,25081.72,895.78,69,102.37
189,5,370.6,74.12,7,838.82
190,5,6118.12,1223.62,12,1827.04
191,6,535.2,89.2,9,0.0
192,7,5483.6,783.37,15,55.49
193,2,184.98,92.49,5,95.33
194,7,2427.71,346.82,13,146.13
195,22,5004.05,227.46,41,129.25
196,24,9819.66,409.15,58,577.57
197,28,22190.19,792.51,81,922.77
198,14,17157.11,1225.51,37,3138.8
199,8,790.01,98.75,10,216.92
200,16,2862.19,178.89,23,1532.71
201,7,2425.33,346.48,10,0.0
202,9,1265.4,140.6,17,0.0
203,15,6428.88,428.59,30,1438.89
204,13,6147.66,472.9,32,273.64
205,13,1562.73,120.21,16,218.98
206,19,7846.85,412.99,48,150.08
207,20,6140.16,307.01,38,0.0
208,26,9216.48,354.48,63,461.14
209,8,1300.35,162.54,14,640.91
210,14,4303.48,307.39,26,2065.18
211,19,1978.84,104.15,28,10.22
212,11,9755.93,886.9,34,0.0
213,20,10002.56,500.13,38,0.0
214,19,5154.6,271.29,38,362.09
215,15,10092.27,672.82,36,0.0
216,2,242.27,121.14,2,583.63
217,11,9187.81,835.26,44,447.39
218,19,9459.13,497.85,47,1222.26
219,6,2771.58,461.93,11,80.64
220,13,4828.6,371.43,25,0.0
221,4,1703.47,425.87,11,785.16
222,13,1577.87,121.37,23,404.24
223,20,6353.74,317.69,45,362.76
224,9,3554.75,394.97,16,0.0
225,5,3043.29,608.66,9,1094.32
226,8,6272.32,784.04,21,692.48
227,6,2078.2,346.37,14,544.09
228,17,7648.67,449.92,63,893.88
229,6,684.67,114.11,10,77.04
230,17,4668.95,274.64,27,43.45
231,7,5813.91,830.56,14,528.28
232,36,15366.37,426.84,84,2404.34
233,5,365.99,73.2,7,6019.61
234,11,5108.58,464.42,24,116.53
235,15,12676.23,845.08,30,0.0
236,21,4117.7,196.08,38,5424.6
237,16,6717.41,419.84,34,200.38
238,21,6872.75,327.27,36,0.0
239,11,6137.49,557.95,36,1061.65
240,8,1254.86,156.86,14,1531.63
241,21,15935.74,758.84,57,6.71
242,22,16172.79,735.13,48,393.28
243,11,6173.96,561.27,31,0.0
244,45,17769.51,394.88,105,3179.68
245,18,11347.12,630.4,57,595.04
246,30,12274.76,409.16,60,8081.23
247,21,9809.9,467.14,49,980.74
248,2,83.57,41.78,2,674.96
249,17,3526.93,207.47,30,226.38
250,6,3423.11,570.52,17,284.88
251,15,5542.36,369.49,29,2272.25
252,11,5682.64,516.6,20,0.0
253,31,14345.83,462.77,66,1203.46
254,14,5241.18,374.37,23,2540.55
255,9,1215.39,135.04,14,141.22
256,11,5170.61,470.06,24,531.18
257,16,1978.09,123.63,43,125.33
258,7,667.12,95.3,8,302.84
259,8,2070.22,258.78,16,61.84
260,3,700.51,233.5,4,62.22
261,3,1206.68,402.23,15,643.55
262,27,13159.33,487.38,59,172.0
263,9,4816.89,535.21,23,5623.15
264,4,1133.21,283.3,7,1585.88
265,5,1410.43,282.09,9,218.26
266,12,5873.22,489.44,29,0.0
267,10,3042.62,304.26,17,409.35
268,11,7473.95,679.45,22,208.01
269,11,4641.45,421.95,27,0.0
270,5,1252.62,250.52,22,1284.09
271,8,5371.86,671.48,27,978.7
272,23,4191.72,182.25,48,5606.28
273,10,2101.19,210.12,14,28.58
274,17,4489.84,264.11,31,4589.78
275,14,11607.76,829.13,36,0.0
276,22,7546.33,343.02,33,3867.12
277,8,10207.25,1275.91,23,5175.47
278,17,9352.33,550.14,27,303.61
279,31,12411.84,400.38,73,3774.97
280,40,25393.97,634.85,81,1546.1
281,18,8349.95,463.89,45,640.25
282,12,4299.81,358.32,35,333.85
283,23,9819.07,426.92,58,1916.38
284,23,9431.85,410.08,45,1533.43
285,14,6317.2,451.23,32,3306.0
286,7,1230.25,175.75,12,0.0
287,30,5225.47,174.18,58,793.28
288,9,3269.25,363.25,18,1362.21
289,21,9784.01,465.91,37,643.59
290,10,5111.69,511.17,18,0.0
291,15,4870.69,324.71,34,239.22
292,5,1807.25,361.45,7,337.6
293,12,3936.29,328.02,27,4416.57
294,17,5701.4,335.38,35,106.4
295,26,15389.72,591.91,70,215.3
296,10,6818.87,681.89,22,5926.26
297,11,5071.15,461.01,27,35.37
298,2,146.98,73.49,4,103.15
299,4,3101.19,775.3,10,584.26
300,44,14488.5,329.28,86,657.88
301,10,5705.58,570.56,19,940.36
302,16,9726.36,607.9,38,0.0
303,37,21362.43,577.36,79,1503.69
304,9,4511.15,501.24,13,624.77
305,13,2509.08,193.01,15,387.96
306,21,4145.78,197.42,36,819.58
307,5,3922.86,784.57,13,22.66
308,24,11181.0,465.88,40,101.8
309,8,789.38,98.67,21,1780.06
310,8,8308.4,1038.55,20,961.38
311,22,10382.2,471.92,43,0.0
312,31,5459.29,176.11,50,846.46
313,12,3426.18,285.52,28,95.97
314,17,6389.13,375.83,45,358.42
315,9,2991.85,332.43,18,848.44
316,15,6828.18,455.21,40,249.07
317,16,2961.36,185.08,27,73.63
318,8,1332.16,166.52,12,35.54
319,10,6432.74,643.27,25,747.0
320,8,6578.17,822.27,19,2031.0
321,15,9889.01,659.27,43,2293.84
322,7,1084.94,154.99,13,5410.47
323,12,7300.69,608.39,35,176.62
324,6,2578.27,429.71,20,194.7
325,27,7294.18,270.15,56,2851.57
326,8,5603.83,700.48,21,90.18
327,5,1570.74,314.15,9,33.98
328,16,18456.01,1153.5,37,0.0
329,18,5993.24,332.96,46,132.48
330,9,3160.27,351.14,19,526.4
331,30,10779.11,359.3,62,55.47
332,13,4928.41,379.11,20,296.11
333,9,684.48,76.05,15,2204.08
334,14,12276.64,876.9,39,3750.32
335,9,5651.73,627.97,26,0.0
336,11,11975.6,1088.69,29,686.13
337,13,10366.97,797.46,27,414.74
338,5,1455.75,291.15,10,0.0
339,25,11903.26,476.13,58,1169.18
340,14,3231.99,230.86,27,215.11
341,5,1738.86,347.77,9,23.54
342,40,26596.23,664.91,80,4686.41
343,6,3860.08,643.35,11,37.75
344,6,445.49,74.25,12,2283.45
345,15,3272.89,218.19,32,108.62
346,55,20243.88,368.07,126,1045.15
347,8,2603.01,325.38,20,1229.83
348,3,312.19,104.06,4,1292.74
349,12,5330.33,444.19,30,610.45
350,9,2893.54,321.5,18,0.0
351,10,4766.99,476.7,21,0.0
352,25,8394.36,335.77,49,383.6
353,18,13827.82,768.21,70,2181.57
354,12,2196.34,183.03,27,20.4
355,7,6777.22,968.17,21,152.19
356,14,7798.33,557.02,27,0.0
357,6,1770.95,295.16,12,157.04
358,15,8999.67,599.98,29,77.88
359,14,3170.5,226.46,25,578.68
360,13,6057.39,465.95,26,0.0
361,32,13528.47,422.76,72,1796.43
362,11,4397.6,399.78,25,0.0
363,13,13927.04,1071.31,35,55.41
364,31,10725.92,346.0,84,143.9
365,16,3872.36,242.02,28,819.83
366,23,9949.14,432.57,51,38.3
367,15,9569.86,637.99,27,2434.64
368,22,13161.29,598.24,51,122.92
369,13,3993.4,307.18,32,3354.07
370,10,5958.46,595.85,14,75.71
371,19,8167.99,429.89,31,1532.02
372,9,3110.25,345.58,16,3184.61
373,34,8214.39,241.6,67,3037.51
374,11,7644.79,694.98,18,0.0
375,18,5611.45,311.75,37,3553.83
376,11,4116.27,374.21,20,379.3
377,41,18376.15,448.2,80,1182.81
378,10,5252.38,525.24,17,172.37
379,9,7044.5,782.72,24,0.0
380,31,8306.29,267.94,59,102.11
381,7,3046.43,435.2,18,204.02
382,8,5804.55,725.57,20,297.9
383,32,19217.52,600.55,76,1898.68
384,37,13962.1,377.35,83,0.0
385,13,9387.54,722.12,26,53.55
386,18,5524.45,306.91,35,66.1
387,9,1054.87,117.21,13,0.0
388,9,880.66,97.85,17,0.0
389,13,5259.12,404.55,29,1732.79
390,8,5062.23,632.78,22,898.86
391,10,3106.83,310.68,22,1211.83
392,12,6684.62,557.05,20,0.0
393,30,15313.5,510.45,74,357.96
394,13,3279.8,252.29,26,728.21
395,9,7381.27,820.14,20,139.34
396,28,10458.83,373.53,61,3633.32
397,26,8041.91,309.3,54,842.64
398,9,2973.01,330.33,21,0.0
399,38,16354.1,430.37,87,1971.22
400,4,5467.28,1366.82,10,0.0
401,6,1837.86,306.31,10,1236.55
402,7,9035.27,1290.75,20,83.2
403,5,11183.28,2236.66,19,0.0
404,19,11960.42,629.5,46,2706.25
405,12,6252.72,521.06,44,645.76
406,39,24959.05,639.98,107,7087.38
407,15,5024.97,335.0,27,426.6
408,9,7263.45,807.05,25,0.0
409,6,991.63,165.27,9,85.09
410,8,312.79,39.1,12,0.0
411,28,10629.79,379.64,67,771.12
412,27,12162.9,450.48,64,21.06
413,18,9263.1,514.62,43,1846.65
414,20,4961.06,248.05,37,50.7
415,12,3466.6,288.88,19,0.0
416,11,5800.7,527.34,28,1069.2
417,10,1472.11,147.21,20,0.0
418,17,8530.21,501.78,43,4508.6
419,11,1480.57,134.6,19,0.0
420,12,2017.37,168.11,29,0.0
421,14,15211.04,1086.5,46,60.23
422,15,4226.56,281.77,32,25.94
423,15,3001.77,200.12,29,39.71
424,4,1970.56,492.64,9,1399.87
425,6,1352.21,225.37,13,324.47
426,6,3936.87,656.14,15,0.0
427,28,16637.65,594.2,72,4241.34
428,24,14759.98,615.0,49,3.08
429,8,2587.89,323.49,13,215.24
430,19,3377.02,177.74,38,0.0
431,18,6872.55,381.81,40,0.0
432,9,6129.47,681.05,20,34.76
433,27,19953.22,739.01,57,1314.41
434,29,16287.92,561.65,59,77.94
435,18,4882.16,271.23,38,0.0
436,7,787.74,112.53,15,0.0
437,5,532.87,106.57,8,2687.83
438,14,3111.89,222.28,21,119.48
439,56,24363.8,435.07,118,565.52
440,21,5421.44,258.16,38,50.91
441,20,11948.27,597.41,43,0.0
442,28,10770.43,384.66,51,371.87
443,12,2314.78,192.9,26,5309.27
444,12,7878.82,656.57,24,4967.02
445,23,19928.73,866.47,52,88.06
446,11,3765.3,342.3,26,466.72
447,8,1428.57,178.57,15,326.9
448,4,978.64,244.66,5,0.0
449,35,11524.84,329.28,58,1405.64
450,6,2735.0,455.83,12,5681.08
451,10,3912.14,391.21,18,2553.0
452,19,5936.61,312.45,31,4012.77
453,22,9702.49,441.02,54,5506.44
454,8,1213.62,151.7,10,35.3
455,5,871.57,174.31,10,531.82
456,30,21030.3,701.01,67,3022.69
457,21,11936.18,568.39,55,249.72
458,7,1030.89,147.27,12,758.36
459,7,4869.6,695.66,15,295.63
460,11,4886.96,444.27,28,127.03
461,17,9021.64,530.68,49,406.56
462,9,2519.07,279.9,14,2146.77
463,10,2501.2,250.12,18,0.0
464,8,3354.16,419.27,12,0.0
465,33,12348.27,374.19,70,1951.28
466,8,4816.84,602.1,17,17.34
467,13,9543.03,734.08,29,4003.11
468,7,796.56,113.79,10,0.0
469,10,1643.27,164.33,22,1623.62
470,12,4683.41,390.28,29,802.65
471,7,943.14,134.73,22,0.0
472,7,6256.04,893.72,13,1768.72
473,18,7677.49,426.53,42,845.35
474,20,10891.42,544.57,34,768.77
475,12,1822.44,151.87,17,0.0
476,4,1712.17,428.04,8,760.94
477,11,3256.56,296.05,23,128.67
478,16,8197.61,512.35,32,67.71
479,5,2710.96,542.19,12,1587.95
480,6,680.77,113.46,22,1000.95
481,15,9422.73,628.18,37,0.0
482,11,2405.09,218.64,21,126.91
483,19,7585.7,399.25,49,18.05
484,12,2488.82,207.4,26,0.0
485,10,2605.63,260.56,22,597.07
486,22,10078.71,458.12,38,0.0
487,3,2165.07,721.69,6,70.96
488,13,2548.84,196.06,29,64.96
489,10,4536.08,453.61,22,0.0
490,27,7626.68,282.47,67,47.34
491,17,5092.96,299.59,33,515.47
492,6,549.7,91.62,13,0.0
493,31,13662.67,440.73,62,1448.02
494,13,2866.77,220.52,29,103.51
495,7,2150.17,307.17,9,1618.66
496,13,5135.73,395.06,45,713.23
497,14,5220.23,372.87,25,1911.74
498,13,2979.05,229.16,39,0.0
499,9,4819.2,535.47,25,3842.92
500,4,4522.24,1130.56,8,595.02
501,20,7980.28,399.01,52,0.0
502,33,9181.82,278.24,56,914.07
503,14,7761.41,554.39,28,285.85
504,37,10545.08,285.0,82,1166.79
505,10,6611.13,661.11,24,14.03
506,12,3771.91,314.33,29,2935.59
507,20,5335.17,266.76,50,2366.33
508,20,6087.41,304.37,61,112.59
509,12,11645.71,970.48,27,0.0
510,5,443.73,88.75,8,15.23
511,11,7490.91,680.99,29,0.0
512,20,13605.7,680.29,42,108.18
513,47,22540.53,479.59,105,5047.95
514,6,2806.24,467.71,10,0.0
515,12,7637.22,636.43,32,0.0
516,12,1853.36,154.45,19,0.0
517,17,12507.14,735.71,34,157.01
518,20,6327.06,316.35,38,192.18
519,6,898.57,149.76,11,81.16
520,16,8452.19,528.26,41,329.17
521,6,1140.29,190.05,8,579.5
522,18,6843.93,380.22,36,330.57
523,5,4324.74,864.95,9,195.64
524,9,2710.56,301.17,21,0.0
525,15,12110.73,807.38,42,209.24
526,20,10038.08,501.9,40,1547.54
527,14,9595.74,685.41,33,0.0
528,12,3263.37,271.95,25,887.74
529,14,4767.74,340.55,29,214.64
530,7,4277.1,611.01,17,90.99
531,44,18514.63,420.79,83,6417.18
532,26,7673.25,295.12,45,3350.94
533,13,2416.42,185.88,32,20.56
534,14,4498.44,321.32,20,2459.21
535,14,4361.32,311.52,22,0.0
536,10,4504.03,450.4,18,0.0
537,2,443.72,221.86,5,2378.63
538,12,5802.49,483.54,22,195.23
539,16,9931.73,620.73,32,1668.55
540,22,9642.96,438.32,52,1122.91
541,8,3343.03,417.88,19,1272.98
542,9,1571.37,174.6,14,124.25
543,2,228.48,114.24,4,101.46
544,13,3641.61,280.12,31,41.32
545,30,14091.76,469.73,50,1541.48
546,8,2335.71,291.96,15,66.06
547,18,18433.89,1024.1,55,766.95
548,16,11798.57,737.41,34,0.0
549,17,16246.08,955.65,38,1300.67
550,19,10840.66,570.56,42,0.0
551,16,8119.84,507.49,49,247.03
552,7,2109.2,301.31,8,16.62
553,8,6027.86,753.48,14,919.19
554,13,12007.49,923.65,30,467.09
555,13,3909.86,300.76,28,3426.78
556,10,3681.82,368.18,16,446.35
557,37,17021.26,460.03,81,326.16
558,2,552.54,276.27,3,1539.47
559,10,2440.01,244.0,20,3528.13
560,49,12730.26,259.8,104,3244.64
561,7,1281.41,183.06,10,0.0
562,22,3931.59,178.71,44,963.6
563,19,7898.64,415.72,44,1274.06
564,22,12576.5,571.66,50,3634.8
565,16,4736.3,296.02,39,995.86
566,28,7049.02,251.75,59,901.5
567,21,12749.6,607.12,40,0.0
568,9,5053.6,561.51,17,0.0
569,8,4355.61,544.45,15,201.4
570,11,2055.72,186.88,22,330.87
571,11,6573.7,597.61,25,0.0
572,55,28235.94,513.38,132,4153.35
573,7,1411.05,201.58,14,1182.87
574,19,15075.57,793.45,46,2305.63
575,10,4574.12,457.41,25,0.0
576,4,1784.08,446.02,10,59.46
577,48,34470.92,718.14,97,974.1
578,8,3928.17,491.02,14,0.0
579,10,4167.57,416.76,17,932.93
580,11,1298.64,118.06,20,2147.06
581,7,5875.9,839.41,19,12.21
582,7,6506.27,929.47,17,67.84
583,10,1169.15,116.92,33,276.62
584,4,1558.75,389.69,6,535.84
585,34,17454.46,513.37,82,383.42
586,19,6531.74,343.78,41,0.0
587,4,259.49,64.87,6,112.06
588,4,848.46,212.11,9,3164.72
589,7,8213.98,1173.43,20,5065.77
590,13,2715.13,208.86,31,28.99
591,4,2135.88,533.97,5,0.0
592,10,1076.16,107.62,15,1405.67
593,4,921.6,230.4,12,314.63
594,7,1210.44,172.92,13,171.09
595,23,9300.05,404.35,39,1211.56
596,13,9680.9,744.68,20,73.84
597,11,2001.26,181.93,16,247.01
598,5,3096.44,619.29,12,0.0
599,13,13081.98,1006.31,40,1607.18
600,17,5355.84,315.05,30,348.64
601,10,6941.14,694.11,23,0.0
602,4,4973.04,1243.26,15,0.0
603,19,14259.97,750.52,45,208.16
604,12,5999.32,499.94,23,0.0
605,17,8558.05,503.41,41,155.09
606,13,9466.08,728.16,36,2054.61
607,7,956.6,136.66,15,452.35
608,11,2733.43,248.49,16,202.6
609,11,6758.0,614.36,28,0.0
610,13,6527.67,502.13,36,3417.68
611,13,6623.02,509.46,23,1238.57
612,8,6897.51,862.19,25,0.0
613,7,3713.58,530.51,12,1467.17
614,5,436.73,87.35,12,102.65
615,13,10461.0,804.69,29,32.36
616,15,6476.62,431.77,30,0.0
617,52,28228.89,542.86,115,998.56
618,12,1895.43,157.95,20,0.0
619,11,2799.47,254.5,18,1625.5
620,4,411.62,102.9,9,164.19
621,23,20445.46,888.93,55,231.89
622,2,1891.18,945.59,6,423.94
623,15,3974.33,264.96,29,0.0
624,12,6671.22,555.94,21,487.52
625,7,1463.49,209.07,14,1343.56
626,11,1258.57,114.42,19,375.34
627,5,1016.47,203.29,7,0.0
628,19,9180.24,483.17,48,0.0
629,16,5717.46,357.34,31,161.62
630,8,3088.08,386.01,14,200.06
631,18,8125.31,451.41,36,0.0
632,14,4263.51,304.54,33,266.35
633,7,2545.48,363.64,24,811.84
634,28,10010.54,357.52,67,1992.91
635,14,5197.49,371.25,38,1147.82
636,21,9410.36,448.11,38,877.22
637,15,4505.46,300.36,22,0.0
638,12,1949.4,162.45,28,32.97
639,10,1935.23,193.52,15,7.88
640,7,889.88,127.13,11,0.0
641,12,2827.14,235.6,24,254.84
642,7,2027.55,289.65,19,145.16
643,5,1868.83,373.77,10,1364.44
644,12,2703.23,225.27,24,0.0
645,31,18234.79,588.22,62,2875.1
646,7,2515.67,359.38,11,992.08
647,13,3030.54,233.12,21,0.0
648,17,5662.91,333.11,30,97.12
649,14,5238.96,374.21,23,452.65
650,8,2435.54,304.44,15,1308.68
651,8,921.07,115.13,12,54.15
652,12,2118.06,176.5,21,46.48
653,16,2778.06,173.63,31,37.85
654,18,4265.06,236.95,36,0.0
655,12,4162.11,346.84,18,4861.68
656,24,8951.25,372.97,50,1238.3
657,10,2894.87,289.49,30,3.28
658,18,5104.84,283.6,36,16.4
659,15,7047.89,469.86,40,0.0
660,24,11868.17,494.51,58,3024.67
661,48,10878.13,226.63,92,310.51
662,10,6602.57,660.26,25,1936.19
663,29,11529.99,397.59,53,1680.8
664,16,4654.89,290.93,41,1855.74
665,12,6512.43,542.7,27,0.0
666,10,6783.03,678.3,27,1042.23
667,14,5525.6,394.69,29,525.43
668,53,23906.71,451.07,118,2043.58
669,10,2535.38,253.54,15,78.63
670,9,3113.03,345.89,23,0.0
671,21,11535.45,549.31,40,545.05
672,4,130.66,32.66,5,0.0
673,10,3283.54,328.35,17,0.0
674,10,5813.36,581.34,25,625.51
675,8,1158.05,144.76,12,91.37
676,8,946.14,118.27,15,118.25
677,23,5483.75,238.42,49,1196.41
678,9,3235.09,359.45,15,859.17
679,16,7357.81,459.86,34,95.7
680,21,6874.71,327.37,54,1553.69
681,22,13645.3,620.24,44,2349.15
682,7,7975.5,1139.36,12,105.48
683,11,5547.2,504.29,18,51.19
684,33,18298.2,554.49,61,18.28
685,6,1038.96,173.16,13,2987.69
686,11,2758.4,250.76,24,0.0
687,18,3541.89,196.77,31,4174.13
688,11,4871.07,442.82,24,0.0
689,6,1387.46,231.24,17,131.15
690,51,17995.04,352.84,93,4539.64
691,13,4017.8,309.06,29,0.0
692,10,6129.82,612.98,19,120.31
693,13,6083.89,467.99,20,0.0
694,10,6634.36,663.44,22,263.93
695,31,20312.46,655.24,59,277.68
696,7,1506.55,215.22,18,503.22
697,37,15882.39,429.25,81,7062.9
698,10,2792.87,279.29,18,0.0
699,8,3620.56,452.57,22,102.17
700,11,2683.69,243.97,25,4208.07
701,32,21097.79,659.31,81,80.35
702,33,10387.43,314.77,69,331.25
703,11,3716.07,337.82,21,88.05
704,25,8520.1,340.8,45,1091.12
705,19,7661.09,403.22,38,608.32
706,10,6962.08,696.21,17,27.76
707,14,5713.41,408.1,35,236.47
708,43,21352.38,496.57,99,44.07
709,14,4421.06,315.79,30,0.0
710,9,2152.62,239.18,19,238.82
711,55,19382.69,352.41,121,2409.78
712,7,2876.43,410.92,19,1654.44
713,9,4219.81,468.87,24,1185.36
714,22,6323.51,287.43,46,76.47
715,23,8377.5,364.24,52,4989.14
716,6,3797.11,632.85,10,88.29
717,9,3396.3,377.37,17,925.76
718,26,8817.35,339.13,54,758.05
719,11,3695.22,335.93,22,71.19
720,12,11505.33,958.78,27,396.83
721,30,15121.41,504.05,57,2287.47
722,7,3779.07,539.87,21,0.0
723,29,12193.42,420.46,79,6464.65
724,19,8954.01,471.26,48,416.39
725,38,20474.11,538.79,88,2503.32
726,10,3292.25,329.22,20,9.25
727,12,4467.5,372.29,26,394.7
728,15,2566.72,171.11,35,0.0
729,15,5693.4,379.56,35,1932.83
730,48,22522.52,469.22,104,2073.15
731,15,9272.21,618.15,24,873.48
732,5,4674.05,934.81,11,2110.06
733,12,3493.38,291.12,23,250.14
734,9,1420.3,157.81,17,3433.23
735,17,6555.0,385.59,39,2981.86
736,18,5724.9,318.05,50,908.53
737,5,2701.47,540.29,19,3937.26
738,48,15657.95,326.21,108,3116.73
739,9,4827.68,536.41,18,0.0
740,6,390.94,65.16,7,1783.19
741,10,2710.79,271.08,19,9523.5
742,7,2342.36,334.62,13,300.63
743,15,8104.88,540.33,31,1717.64
744,13,6779.36,521.49,24,2166.47
745,5,1814.95,362.99,11,485.19
746,12,5371.53,447.63,43,0.0
747,10,1280.49,128.05,12,3137.92
748,29,13881.68,478.68,52,69.97
749,10,1411.43,141.14,39,69.7
750,15,6319.83,421.32,28,952.44
751,9,3719.11,413.23,31,52.15
752,11,4531.89,411.99,21,0.0
753,7,1885.7,269.39,8,104.08
754,11,3270.38,297.31,28,43.06
755,12,4881.54,406.8,25,163.62
756,6,3567.0,594.5,16,135.77
757,9,4409.99,490.0,15,0.0
758,8,5774.98,721.87,17,885.0
759,22,6446.42,293.02,45,0.0
760,9,2008.98,223.22,17,84.64
761,15,5050.4,336.69,33,0.0
762,36,13342.78,370.63,77,2665.55
763,10,1671.59,167.16,22,0.0
764,8,1549.7,193.71,18,196.32
765,17,8780.86,516.52,32,3306.51
766,4,1088.4,272.1,8,119.15
767,6,794.5,132.42,12,1840.58
768,27,5797.5,214.72,52,0.0
769,7,2250.92,321.56,14,1586.92
770,13,9814.74,754.98,39,2561.52
771,46,27160.14,590.44,98,3571.49
772,14,4729.0,337.79,31,229.71
773,27,10162.12,376.37,49,608.72
774,11,1764.21,160.38,26,10.46
775,3,1467.92,489.31,5,4958.55
776,31,13776.07,444.39,55,4915.91
777,7,1027.35,146.76,12,182.18
778,38,17365.31,456.98,81,5554.43
779,13,2705.53,208.12,33,2505.19
780,14,2716.14,194.01,31,353.17
781,6,3455.2,575.87,12,26.88
782,13,7180.32,552.33,34,871.63
783,6,2211.37,368.56,14,385.98
784,8,1074.38,134.3,14,2941.5
785,7,1647.18,235.31,8,34.2
786,18,8827.54,490.42,51,0.0
787,33,8722.34,264.31,66,1723.79
788,7,2541.62,363.09,13,0.0
789,10,1628.57,162.86,35,37.35
790,25,7939.99,317.6,66,3487.29
791,26,9188.93,353.42,58,0.0
792,26,6258.61,240.72,49,105.96
793,27,11301.48,418.57,51,0.0
794,8,2963.87,370.48,19,0.0
795,11,1369.9,124.54,16,31.05
796,18,3313.58,184.09,30,593.22
797,10,2730.24,273.02,16,494.05
798,16,3995.64,249.73,44,2956.04
799,17,7811.1,459.48,37,528.82
800,33,12431.92,376.72,75,2592.17
801,13,8234.17,633.4,24,516.0
802,17,5058.85,297.58,31,451.23
803,9,3227.7,358.63,28,0.0
804,41,21858.73,533.14,87,6367.12
805,17,7525.17,442.66,38,784.22
806,26,7668.56,294.94,48,922.8
807,29,14496.2,499.87,60,254.63
808,11,8891.99,808.36,28,253.14
809,11,3862.15,351.1,31,0.0
810,12,2456.1,204.68,23,1518.97
811,17,4587.29,269.84,35,3594.92
812,20,4213.34,210.67,37,22.09
813,10,2758.4,275.84,21,776.55
814,33,15344.72,464.99,56,6206.55
815,6,1428.11,238.02,6,0.0
816,10,424.4,42.44,16,1263.21
817,3,446.53,148.84,8,184.6
818,3,671.74,223.91,4,14740.86
819,16,2194.97,137.19,37,353.01
820,9,3417.66,379.74,20,1392.18
821,17,15186.09,893.3,36,1137.61
822,8,2678.04,334.76,18,101.82
823,10,4541.07,454.11,25,0.0
824,15,5140.03,342.67,21,2790.36
825,9,3520.4,391.16,15,324.69
826,11,3165.48,287.77,30,2145.45
827,12,6318.11,526.51,31,0.0
828,24,11035.5,459.81,57,56.28
829,19,11526.22,606.64,40,610.15
830,10,6492.83,649.28,22,1005.39
831,10,9038.86,903.89,22,3638.26
832,10,2184.55,218.46,15,3064.52
833,16,8074.63,504.66,31,1364.06
834,20,4864.37,243.22,42,32.12
835,7,4915.57,702.22,20,1185.2
836,27,10263.71,380.14,63,299.72
837,15,4817.43,321.16,38,0.0
838,22,5794.8,263.4,44,422.8
839,32,10890.38,340.32,63,423.5
840,13,6097.93,469.07,35,499.21
841,11,5320.6,483.69,22,96.48
842,16,6596.4,412.28,35,730.44
843,6,479.34,79.89,11,125.28
844,17,17153.38,1009.02,40,1399.19
845,40,20607.67,515.19,76,44.48
846,13,3986.95,306.69,21,0.0
847,9,2659.07,295.45,24,0.0
848,8,2913.25,364.16,21,78.3
849,46,10512.33,228.53,89,1923.54
850,27,15228.14,564.01,62,0.0
851,9,3351.39,372.38,29,100.26
852,15,3678.99,245.27,30,0.0
853,35,14015.07,400.43,82,2181.72
854,10,2178.14,217.81,21,4745.67
855,39,17865.38,458.09,83,890.08
856,24,10248.54,427.02,54,1328.07
857,15,3317.39,221.16,36,0.0
858,11,1346.1,122.37,17,0.0
859,19,5939.67,312.61,50,6045.04
860,46,19363.23,420.94,97,898.16
861,9,1930.62,214.51,13,0.0
862,36,21802.02,605.61,100,1506.57
863,10,2392.13,239.21,17,0.0
864,37,15689.56,424.04,60,1947.23
865,12,9529.82,794.15,35,331.14
866,15,6129.2,408.61,30,23.72
867,7,976.7,139.53,10,0.0
868,13,5100.73,392.36,33,0.0
869,11,4051.06,368.28,18,85.56
870,27,11777.59,436.21,78,374.37
871,10,3892.87,389.29,22,730.72
872,41,26908.89,656.31,102,6739.16
873,16,7789.31,486.83,32,19.64
874,17,3888.84,228.76,38,2276.06
875,43,28818.57,670.2,103,1849.05
876,13,3566.88,274.38,26,390.28
877,27,7773.84,287.92,66,240.37
878,69,28983.19,420.05,158,3701.21
879,12,7461.92,621.83,42,680.09
880,17,23269.4,1368.79,54,1582.89
881,8,2836.36,354.54,14,110.56
882,7,2993.42,427.63,16,79.59
883,12,1768.53,147.38,16,85.4
884,43,11579.47,269.29,89,890.04
885,16,3253.66,203.35,27,1.5
886,15,18302.03,1220.14,53,83.12
887,31,9710.73,313.25,54,96.09
888,7,2981.24,425.89,12,215.01
889,43,21767.75,506.23,101,536.09
890,15,6249.16,416.61,41,0.0
891,10,3883.28,388.33,28,0.0
892,17,5105.81,300.34,32,1053.21
893,13,3733.24,287.17,26,750.53
894,16,7341.48,458.84,35,183.99
895,11,2494.27,226.75,15,3531.47
896,28,20134.38,719.08,59,2328.82
897,8,4572.0,571.5,15,187.15
898,8,964.64,120.58,14,152.73
899,7,1427.01,203.86,15,378.58
900,5,1667.38,333.48,7,274.75
901,11,1578.85,143.53,25,0.0
902,7,1251.63,178.8,13,0.0
903,18,7485.6,415.87,39,1715.65
904,31,9573.58,308.83,82,96.16
905,29,9475.19,326.73,74,1853.32
906,8,5165.2,645.65,18,740.78
907,19,17426.28,917.17,52,1324.59
908,10,1636.35,163.64,24,0.0
909,9,1802.58,200.29,22,320.6
910,10,3204.9,320.49,18,570.17
911,15,7510.85,500.72,33,662.51
912,9,2725.31,302.81,14,321.96
913,7,3423.57,489.08,29,0.0
914,15,6874.41,458.29,35,75.74
915,37,20711.02,559.76,99,3091.69
916,5,3980.84,796.17,9,241.61
917,22,5836.08,265.28,42,6237.87
918,15,17649.57,1176.64,39,432.64
919,16,7301.21,456.33,36,151.46
920,16,6596.82,412.3,36,495.88
921,8,8055.93,1006.99,21,0.0
922,18,6415.87,356.44,48,1522.29
923,8,5927.45,740.93,11,563.23
924,10,3397.76,339.78,21,0.0
925,15,4198.39,279.89,39,180.04
926,26,6943.83,267.07,60,0.0
927,24,12297.44,512.39,48,2180.0
928,13,2489.66,191.51,27,1192.53
929,13,6119.75,470.75,25,0.0
930,9,4784.5,531.61,17,0.0
931,17,3853.82,226.7,27,249.88
932,7,746.3,106.61,12,0.0
933,10,1711.03,171.1,19,0.0
934,28,10568.5,377.45,59,5427.14
935,11,5289.84,480.89,24,3099.17
936,13,8809.55,677.66,27,28.09
937,29,15658.64,539.95,79,591.3
938,17,3020.48,177.68,50,294.15
939,16,6330.15,395.63,39,92.04
940,10,3186.31,318.63,19,452.07
941,10,2456.22,245.62,29,1280.81
942,17,3518.57,206.97,39,1300.36
943,14,5509.81,393.56,36,313.14
944,25,6286.91,251.48,44,1240.84
945,7,1109.46,158.49,19,6383.44
946,6,4673.61,778.94,17,0.0
947,9,2359.75,262.19,23,0.0
948,6,2226.9,371.15,9,0.0
949,8,3610.23,451.28,27,338.32
950,15,8917.7,594.51,30,1493.21
951,14,4284.62,306.04,26,396.73
952,9,1458.8,162.09,23,1072.92
953,19,16097.33,847.23,50,815.37
954,7,1427.82,203.97,10,98.58
955,11,4177.57,379.78,30,160.51
956,26,4347.7,167.22,73,138.65
957,18,5126.65,284.81,40,550.35
958,23,10105.96,439.39,45,766.83
959,11,1325.42,120.49,14,28.55
960,7,1047.62,149.66,21,0.0
961,14,6817.97,487.0,26,93.32
962,11,8108.36,737.12,24,3425.08
963,23,10976.57,477.24,58,0.0
964,44,17728.63,402.92,88,70.83
965,7,3936.5,562.36,13,8.31
966,23,6302.37,274.02,55,2603.17
967,14,3844.51,274.61,27,453.15
968,4,1359.92,339.98,13,0.0
969,9,3404.72,378.3,23,22.78
970,20,13256.69,662.83,46,0.0
971,7,1123.49,160.5,18,0.0
972,17,10143.86,596.7,41,723.87
973,18,5633.41,312.97,37,270.96
974,9,2221.49,246.83,21,316.4
975,9,2466.29,274.03,23,32.6
976,19,6680.19,351.59,42,169.98
977,11,6568.49,597.14,20,5.74
978,24,12702.07,529.25,55,0.0
979,6,2051.45,341.91,14,0.0
980,45,14440.46,320.9,101,1239.4
981,6,652.81,108.8,13,0.0
982,9,1665.12,185.01,15,703.55
983,15,5410.37,360.69,39,350.14
984,7,1464.73,209.25,20,0.0
985,13,5541.73,426.29,33,0.0
986,7,5843.96,834.85,12,1666.4
987,9,1430.66,158.96,16,3204.76
988,31,9453.35,304.95,65,264.95
989,4,881.46,220.36,8,181.89
990,13,4690.37,360.8,24,0.0
991,6,4095.47,682.58,10,3477.2
992,50,23502.3,470.05,95,746.43
993,16,3870.9,241.93,35,0.0
994,24,10682.8,445.12,53,1098.85
995,10,2369.77,236.98,19,1009.25
996,11,4201.32,381.94,21,4751.03
997,50,12006.41,240.13,97,1683.19
998,5,394.88,78.98,18,1952.66
999,15,7773.34,518.22,38,0.0
1000,9,1289.64,143.29,14,54.21
1001,21,11632.81,553.94,41,11.22
1002,6,373.03,62.17,7,0.0
1003,17,2815.32,165.61,23,662.16
1004,6,727.17,121.2,11,3414.69
1005,8,8609.33,1076.17,22,0.0
1006,61,28498.91,467.2,141,2851.72
1007,9,3594.51,399.39,17,1601.06
1008,7,2025.17,289.31,10,976.96
1009,8,2518.22,314.78,20,285.15
1010,15,3272.48,218.17,27,94.23
1011,10,11156.74,1115.67,29,29.33
1012,8,1995.18,249.4,16,0.0
1013,15,5197.33,346.49,31,34.76
1014,8,4222.25,527.78,21,57.84
1015,5,3309.05,661.81,11,0.0
1016,8,756.35,94.54,18,253.58
1017,9,2555.11,283.9,26,1876.36
1018,14,7666.51,547.61,34,245.57
1019,24,7814.84,325.62,53,589.5
1020,36,16792.75,466.47,77,4188.82
1021,7,3952.27,564.61,21,3560.59
1022,15,12429.78,828.65,38,464.41
1023,23,16117.23,700.75,54,5479.53
1024,20,6800.89,340.04,41,1281.32
1025,47,15862.99,337.51,90,3712.94
1026,31,7051.33,227.46,52,1268.07
1027,15,5774.19,384.95,30,1732.59
1028,50,11637.7,232.75,102,715.78
1029,14,2467.73,176.27,24,65.16
1030,12,5324.0,443.67,26,0.0
1031,27,7564.13,280.15,57,222.65
1032,30,13264.59,442.15,56,2374.34
1033,12,4120.69,343.39,15,0.0
1034,9,7582.06,842.45,20,1620.93
1035,8,6026.85,753.36,22,0.0
1036,19,2908.38,153.07,31,4274.7
1037,10,5586.37,558.64,25,228.52
1038,6,1027.63,171.27,13,299.32
1039,13,3776.84,290.53,29,0.0
1040,8,2593.82,324.23,12,896.37
1041,60,30361.39,506.02,112,7558.12
1042,7,6205.0,886.43,19,488.42
1043,14,5088.21,363.44,29,0.0
1044,8,3186.35,398.29,24,1280.6
1045,10,1729.52,172.95,22,0.0
1046,14,5780.97,412.93,27,275.16
1047,10,3052.27,305.23,20,0.0
1048,14,2771.01,197.93,20,8.63
1049,36,13776.5,382.68,70,350.63
1050,17,6601.4,388.32,31,0.0
1051,22,10423.98,473.82,46,55.71
1052,8,5698.57,712.32,15,436.28
1053,35,17245.29,492.72,67,1366.08
1054,11,4096.63,372.42,23,1875.19
1055,9,2452.56,272.51,14,77.82
1056,43,14471.61,336.55,96,1261.85
1057,27,8862.66,328.25,62,5177.62
1058,18,4172.78,231.82,32,106.87
1059,10,2792.3,279.23,26,1582.94
1060,14,3553.27,253.8,31,1578.59
1061,14,3200.56,228.61,36,1807.92
1062,7,6711.65,958.81,26,443.55
1063,17,8856.49,520.97,47,810.79
1064,8,4334.18,541.77,10,66.0
1065,11,6505.97,591.45,25,4056.56
1066,29,9350.45,322.43,73,1428.51
1067,10,989.02,98.9,20,0.0
1068,23,12842.67,558.38,37,751.83
1069,9,3571.74,396.86,24,302.89
1070,7,2216.93,316.7,17,0.0
1071,16,3857.51,241.09,26,0.0
1072,5,2639.76,527.95,9,0.0
1073,9,5030.21,558.91,21,526.01
1074,6,3770.63,628.44,18,50.4
1075,10,1922.33,192.23,21,64.08
1076,9,3212.22,356.91,22,102.8
1077,9,6661.63,740.18,25,14.86
1078,7,4055.77,579.4,13,15.12
1079,13,3738.17,287.55,23,915.75
1080,8,1596.52,199.56,15,31.82
1081,5,485.06,97.01,8,0.0
1082,22,13728.54,624.02,48,649.87
1083,19,8990.3,473.17,45,2111.58
1084,27,29196.07,1081.34,75,638.16
1085,11,1134.46,103.13,19,614.64
1086,9,1625.42,180.6,15,53.36
1087,4,462.42,115.6,5,0.0
1088,6,3114.68,519.11,13,0.0
1089,18,4920.93,273.38,36,630.8
1090,15,2561.89,170.79,29,0.0
1091,8,4541.71,567.71,16,148.45
1092,44,23139.69,525.9,101,2567.01
1093,13,3964.19,304.94,27,299.61
1094,10,1704.99,170.5,14,98.4
1095,26,7888.28,303.4,53,200.38
1096,5,1082.04,216.41,7,0.0
1097,6,1259.95,209.99,12,6923.44
1098,8,3129.87,391.23,17,0.0
1099,11,4517.76,410.71,29,99.95
1100,52,22426.39,431.28,121,1792.92
1101,14,6040.52,431.47,25,31.84
1102,8,3324.64,415.58,20,3102.15
1103,10,2216.67,221.67,17,0.0
1104,8,2943.88,367.98,14,117.48
1105,10,1657.94,165.79,18,3635.54
1106,11,2285.02,207.73,22,0.0
1107,10,1734.01,173.4,15,141.44
1108,19,6847.77,360.41,54,2473.11
1109,30,10796.8,359.89,52,499.56
1110,22,10851.23,493.24,45,569.88
1111,24,21037.21,876.55,61,0.0
1112,12,4505.36,375.45,16,53.69
1113,17,14643.56,861.39,42,1540.14
1114,25,12190.13,487.61,55,3592.44
1115,10,2825.38,282.54,24,97.35
1116,9,3156.65,350.74,22,0.0
1117,4,520.52,130.13,5,34.78
1118,45,9594.27,213.21,93,2310.63
1119,22,9934.81,451.58,46,569.43
1120,25,15414.75,616.59,55,807.54
1121,4,3124.61,781.15,6,69.76
1122,39,10243.96,262.67,85,822.45
1123,15,15188.32,1012.55,40,2763.0
1124,7,4710.7,672.96,15,19.47
1125,28,15470.12,552.5,59,20.34
1126,20,8983.79,449.19,44,0.0
1127,35,9426.63,269.33,68,3259.42
1128,12,3170.51,264.21,27,0.0
1129,7,2362.11,337.44,12,0.0
1130,5,2263.95,452.79,25,142.82
1131,11,2522.09,229.28,26,0.0
1132,33,9594.35,290.74,58,405.6
1133,7,3583.32,511.9,14,0.0
1134,13,8116.01,624.31,24,326.64
1135,12,3888.43,324.04,18,150.28
1136,23,10493.08,456.22,49,614.12
1137,24,6076.49,253.19,54,5120.45
1138,9,3176.13,352.9,16,1232.49
1139,9,1096.97,121.89,18,63.98
1140,40,15814.94,395.37,89,5009.27
1141,12,2428.19,202.35,19,1668.63
1142,7,508.69,72.67,11,608.87
1143,11,4548.5,413.5,17,111.17
1144,54,14538.12,269.22,93,526.81
1145,15,5295.29,353.02,30,216.64
1146,13,3187.11,245.16,23,0.0
1147,8,3605.77,450.72,16,40.43
1148,10,6040.51,604.05,22,38.35
1149,10,7722.95,772.3,23,0.0
1150,6,1054.15,175.69,12,933.44
1151,11,3507.42,318.86,19,202.39
1152,7,1906.23,272.32,25,93.31
1153,5,1151.17,230.23,12,604.52
1154,9,5473.11,608.12,17,3306.08
1155,6,1172.54,195.42,11,1426.41
1156,44,16704.95,379.66,101,152.37
1157,10,2557.54,255.75,14,822.82
1158,17,5332.88,313.7,31,1714.23
1159,15,4200.27,280.02,26,1122.56
1160,37,21534.55,582.01,87,9961.05
1161,9,7872.99,874.78,23,452.41
1162,14,7189.25,513.52,23,303.47
1163,18,6327.9,351.55,35,0.0
1164,9,3289.11,365.46,21,294.25
1165,13,2720.93,209.3,27,441.68
1166,4,1519.59,379.9,8,0.0
1167,9,2683.34,298.15,21,276.05
1168,30,8356.82,278.56,66,451.23
1169,9,2959.52,328.84,14,37.29
1170,29,13502.43,465.6,73,4753.83
1171,16,4321.87,270.12,31,288.24
1172,4,1266.34,316.58,8,773.17
1173,9,2714.71,301.63,15,565.19
1174,8,6978.18,872.27,14,7132.05
1175,22,10722.61,487.39,38,5161.12
1176,12,2043.73,170.31,27,909.16
1177,21,6119.41,291.4,45,1947.81
1178,17,4728.55,278.15,42,0.0
1179,12,1901.44,158.45,22,329.99
1180,38,10532.35,277.17,64,81.77
1181,31,22757.26,734.11,69,0.0
1182,14,4343.44,310.25,26,518.76
1183,10,2943.67,294.37,23,0.0
1184,7,1590.19,227.17,12,70.53
1185,12,1711.2,142.6,19,65.95
1186,7,1948.94,278.42,20,0.0
1187,16,3382.59,211.41,45,4664.17
1188,19,11059.79,582.09,41,0.0
1189,25,10986.46,439.46,44,1715.77
1190,11,4851.71,441.06,21,847.65
1191,5,2819.66,563.93,14,4626.86
1192,11,2918.35,265.3,21,56.28
1193,28,13306.34,475.23,77,3224.1
1194,12,2199.86,183.32,24,1012.24
1195,8,3242.31,405.29,12,0.0
1196,19,7367.47,387.76,39,3395.96
1197,12,8501.01,708.42,33,1590.63
1198,7,2395.52,342.22,17,727.33
1199,6,2107.88,351.31,12,0.0
1200,7,6109.58,872.8,14,206.5
1201,11,4382.34,398.39,23,7.98
1202,9,7079.85,786.65,40,772.49
1203,10,4527.45,452.74,20,1369.09
1204,16,10339.56,646.22,46,558.14
1205,16,5657.96,353.62,30,420.67
1206,8,4060.23,507.53,20,1337.14
1207,49,19033.85,388.45,121,6192.16
1208,12,1964.42,163.7,28,727.53
1209,14,4521.77,322.98,28,0.0
1210,6,2105.25,350.88,10,164.02
1211,14,4750.07,339.29,32,651.35
1212,9,5974.53,663.84,18,12.19
1213,8,2267.88,283.48,11,70.3
1214,2,125.21,62.6,4,0.0
1215,17,2197.32,129.25,28,1106.76
1216,13,8286.76,637.44,27,4785.55
1217,12,2480.73,206.73,20,307.21
1218,4,3848.57,962.14,14,502.48
1219,18,4034.99,224.17,35,1795.23
1220,22,5168.55,234.93,46,777.43
1221,11,2473.69,224.88,25,99.08
1222,3,1668.68,556.23,6,764.69
1223,12,6394.19,532.85,32,295.35
1224,32,10389.46,324.67,75,493.63
1225,5,1123.94,224.79,13,0.0
1226,9,2553.59,283.73,22,346.18
1227,44,17178.72,390.43,88,734.39
1228,28,6219.01,222.11,72,3901.06
1229,8,1433.54,179.19,17,0.0
1230,18,6739.69,374.43,47,3665.66
1231,3,2012.87,670.96,6,0.0
1232,21,11425.92,544.09,46,9116.32
1233,12,4369.4,364.12,21,15.38
1234,11,5200.51,472.77,21,696.8
1235,42,16873.53,401.75,99,2097.36
1236,9,10392.39,1154.71,28,371.74
1237,29,9738.61,335.81,56,2475.27
1238,11,4517.73,410.7,31,53.58
1239,5,471.76,94.35,17,45.34
1240,52,23444.65,450.86,114,5205.1
1241,8,2691.06,336.38,14,691.24
1242,29,14860.6,512.43,59,2250.74
1243,34,12660.66,372.37,78,1022.8
1244,7,4258.15,608.31,16,1462.78
1245,15,5634.3,375.62,28,569.92
1246,11,2777.76,252.52,15,78.84
1247,12,6448.14,537.34,32,670.53
1248,14,4264.56,304.61,22,0.0
1249,6,974.62,162.44,11,0.0
1250,27,12258.72,454.03,59,1548.38
1251,15,2310.5,154.03,27,10.05
1252,14,4333.12,309.51,27,290.12
1253,9,9105.25,1011.69,25,0.0
1254,9,1969.31,218.81,18,9284.64
1255,12,12678.22,1056.52,35,265.93
1256,8,2218.48,277.31,16,208.76
1257,21,8555.21,407.39,47,385.56
1258,16,9237.24,577.33,37,0.0
1259,27,11014.29,407.94,57,1716.65
1260,31,19751.79,637.15,70,1280.1
1261,9,6449.63,716.63,17,331.83
1262,28,11241.55,401.48,59,350.31
1263,46,18249.04,396.72,97,2220.96
1264,6,2173.44,362.24,11,11744.02
1265,46,14747.7,320.6,99,3988.24
1266,5,791.93,158.39,11,476.22
1267,17,7445.58,437.98,41,20.83
1268,3,678.16,226.05,4,1098.02
1269,26,11710.24,450.39,48,1824.91
1270,21,20267.44,965.12,55,2204.72
1271,49,18872.44,385.15,127,103.04
1272,49,13687.82,279.34,105,3060.82
1273,5,1957.48,391.5,8,948.63
1274,14,3209.05,229.22,29,151.81
1275,8,2856.03,357.0,24,1037.8
1276,9,3812.44,423.6,18,0.0
1277,9,2360.06,262.23,17,0.0
1278,26,13841.17,532.35,56,2461.64
1279,13,3321.14,255.47,26,272.96
1280,7,1067.77,152.54,11,0.0
1281,42,8570.85,204.07,69,582.42
1282,32,6288.03,196.5,63,1847.03
1283,6,852.98,142.16,12,20.4
1284,6,3673.89,612.32,17,0.0
1285,15,6801.27,453.42,31,1112.65
1286,16,7566.02,472.88,31,431.43
1287,6,968.31,161.38,11,235.73
1288,6,3039.07,506.51,11,515.06
1289,11,6423.51,583.96,26,41.5
1290,6,717.26,119.54,12,0.0
1291,10,4823.57,482.36,24,0.0
1292,11,3916.06,356.01,25,598.42
1293,13,4720.83,363.14,31,54.73
1294,11,6083.7,553.06,19,588.64
1295,4,1146.4,286.6,7,937.13
1296,9,1699.79,188.87,17,183.36
1297,11,1712.67,155.7,20,32.29
1298,45,23651.01,525.58,84,3103.16
1299,9,1455.3,161.7,14,0.0
1300,14,15553.44,1110.96,29,25.0
1301,14,4155.85,296.85,37,712.49
1302,15,5374.56,358.3,34,786.88
1303,5,2165.84,433.17,16,66.16
1304,11,7883.29,716.66,22,134.42
1305,24,4657.94,194.08,42,0.0
1306,20,11724.17,586.21,59,147.51
1307,15,4555.17,303.68,31,2398.54
1308,3,390.42,130.14,9,0.0
1309,36,15808.29,439.12,71,1693.73
1310,47,21278.93,452.74,110,1428.92
1311,17,3943.07,231.95,24,154.68
1312,20,8242.7,412.14,44,30.86
1313,20,4784.42,239.22,42,3238.38
1314,63,47496.45,753.91,128,326.16
1315,11,5613.76,510.34,25,207.04
1316,46,12884.16,280.09,109,3007.31
1317,12,14984.97,1248.75,24,745.8
1318,14,6107.88,436.28,28,12.66
1319,13,6227.15,479.01,29,74.3
1320,7,700.38,100.05,13,98.54
1321,28,9848.47,351.73,65,5240.14
1322,22,4704.83,213.86,62,0.0
1323,4,439.57,109.89,9,2102.82
1324,14,6978.5,498.46,28,2812.25
1325,15,5969.35,397.96,31,0.0
1326,13,3794.31,291.87,31,474.67
1327,8,3406.66,425.83,30,3142.43
1328,17,5451.52,320.68,30,544.98
1329,9,1904.67,211.63,24,0.0
1330,8,1390.64,173.83,15,2093.14
1331,17,6444.04,379.06,30,0.0
1332,18,4376.64,243.15,39,101.95
1333,24,10178.98,424.12,47,910.02
1334,9,3354.72,372.75,18,79.64
1335,27,14753.39,546.42,66,0.0
1336,6,2580.65,430.11,8,670.55
1337,13,12818.12,986.01,34,0.0
1338,23,7127.29,309.88,46,928.15
1339,8,762.74,95.34,13,924.53
1340,10,6004.55,600.46,24,355.35
1341,10,4032.77,403.28,22,379.28
1342,17,6679.01,392.88,36,209.4
1343,9,3367.56,374.17,17,0.0
1344,6,4860.57,810.09,19,984.91
1345,12,5865.13,488.76,28,1037.04
1346,4,10802.68,2700.67,17,1391.27
1347,9,5978.03,664.23,20,187.46
1348,18,4483.25,249.07,41,837.99
1349,49,14502.12,295.96,103,1329.14
1350,10,4483.4,448.34,34,0.0
1351,13,14675.7,1128.9,41,0.0
1352,5,1935.39,387.08,12,69.14
1353,15,7138.62,475.91,38,1578.78
1354,17,5074.09,298.48,31,1204.63
1355,11,2789.29,253.57,18,256.04
1356,11,5261.3,478.3,24,0.0
1357,15,4040.03,269.34,22,262.66
1358,17,4411.62,259.51,29,715.17
1359,9,3228.05,358.67,12,4003.62
1360,29,8040.37,277.25,63,2108.5
1361,12,4320.45,360.04,27,52.1
1362,13,3590.43,276.19,32,0.0
1363,30,10360.4,345.35,75,208.9
1364,12,7501.46,625.12,30,966.4
1365,6,3112.16,518.69,12,1523.0
1366,8,1584.13,198.02,15,214.31
1367,9,1438.34,159.82,12,16.82
1368,12,7665.27,638.77,22,333.02
1369,14,6339.23,452.8,30,0.0
1370,8,6147.94,768.49,16,78.26
1371,2,36.46,18.23,3,747.93
1372,14,1610.13,115.01,28,190.49
1373,28,12099.05,432.11,63,501.82
1374,11,2907.21,264.29,22,1318.49
1375,20,7932.22,396.61,39,235.61
1376,23,12271.18,533.53,56,1263.5
1377,10,4244.8,424.48,23,0.0
1378,7,837.56,119.65,13,854.66
1379,6,1311.02,218.5,18,1728.92
1380,7,1793.28,256.18,10,580.5
1381,33,13034.6,394.99,77,3432.3
1382,11,5681.98,516.54,25,1018.03
1383,28,6430.99,229.68,53,38.71
1384,14,10181.77,727.27,30,496.79
1385,6,690.43,115.07,10,1179.83
1386,7,5679.4,811.34,14,0.0
1387,9,1232.09,136.9,19,317.56
1388,7,4721.57,674.51,18,487.9
1389,15,7821.59,521.44,29,0.0
1390,9,3644.29,404.92,22,241.9
1391,27,15907.85,589.18,61,2208.92
1392,34,12620.19,371.18,69,3977.8
1393,10,4262.54,426.25,21,799.56
1394,31,10834.66,349.51,49,4229.15
1395,10,4161.8,416.18,27,94.88
1396,6,2435.57,405.93,7,761.34
1397,9,2184.41,242.71,12,0.0
1398,14,3468.64,247.76,20,452.0
1399,9,2275.53,252.84,18,1071.1
1400,16,6034.79,377.17,37,679.94
1401,27,7677.57,284.35,60,1745.43
1402,9,3356.19,372.91,12,0.0
1403,22,11901.88,540.99,52,730.87
1404,17,4790.73,281.81,29,13.08
1405,11,1865.91,169.63,23,117.54
1406,7,6210.36,887.19,15,279.89
1407,10,2984.27,298.43,25,114.82
1408,9,9506.18,1056.24,30,0.0
1409,17,10122.32,595.43,38,3419.44
1410,4,2817.06,704.26,10,0.0
1411,9,1848.78,205.42,26,1170.93
1412,11,1087.99,98.91,17,1971.28
1413,12,4293.27,357.77,25,245.33
1414,26,9574.58,368.25,63,187.16
1415,13,2240.88,172.38,27,74.92
1416,16,5018.69,313.67,30,47.74
1417,14,4321.5,308.68,30,0.0
1418,15,8357.59,557.17,38,0.0
1419,8,3834.89,479.36,11,0.0
1420,3,2890.94,963.65,6,275.07
1421,47,15847.94,337.19,86,1694.05
1422,19,7165.92,377.15,43,557.4
1423,20,8853.05,442.65,38,0.0
1424,7,823.85,117.69,11,0.0
1425,18,5054.89,280.83,29,1317.69
1426,10,2818.44,281.84,32,303.5
1427,6,1233.15,205.52,13,1016.14
1428,8,930.37,116.3,18,472.79
1429,7,890.19,127.17,12,1440.24
1430,5,1395.74,279.15,8,34.64
1431,14,5001.74,357.27,31,467.05
1432,13,3407.94,262.15,23,1724.37
1433,29,15691.69,541.09,63,1756.56
1434,33,20285.54,614.71,71,2724.97
1435,13,3040.34,233.87,31,67.83
1436,21,7448.33,354.68,32,2120.34
1437,7,5542.53,791.79,25,0.0
1438,35,27623.55,789.24,73,3.24
1439,11,6145.33,558.67,25,26.94
1440,17,9063.08,533.12,29,55.47
1441,9,8690.25,965.58,21,1052.49
1442,26,9294.3,357.47,62,50.65
1443,8,13409.78,1676.22,22,202.61
1444,28,7714.35,275.51,57,2166.25
1445,6,1874.64,312.44,11,2019.16
1446,18,5815.48,323.08,33,1087.73
1447,10,2904.31,290.43,16,0.0
1448,9,2707.86,300.87,19,45.68
1449,13,2297.47,176.73,27,663.4
1450,8,1721.38,215.17,16,193.79
1451,24,10997.06,458.21,55,1021.49
1452,16,7449.05,465.57,40,65.66
1453,7,3415.96,487.99,10,671.24
1454,12,4480.88,373.41,23,429.4
1455,12,6784.93,565.41,26,1631.53
1456,14,15611.11,1115.08,37,484.14
1457,11,6483.06,589.37,21,2412.74
1458,33,19334.99,585.91,71,803.71
1459,23,7814.2,339.75,55,255.42
1460,5,420.2,84.04,10,390.99
1461,9,5099.11,566.57,29,206.2
1462,32,19041.79,595.06,65,1545.14
1463,8,1099.94,137.49,13,1110.34
1464,4,1020.79,255.2,8,88.44
1465,10,10195.53,1019.55,20,108.19
1466,19,5080.59,267.4,38,4078.74
1467,13,2779.15,213.78,25,118.78
1468,50,19355.48,387.11,93,2645.23
1469,19,6948.37,365.7,36,0.0
1470,7,2603.39,371.91,19,68.71
1471,8,897.31,112.16,11,1238.53
1472,10,4433.55,443.36,18,667.45
1473,6,2753.06,458.84,10,687.8
1474,22,9719.36,441.79,41,663.45
1475,6,3348.03,558.0,13,150.75
1476,17,3847.27,226.31,27,385.56
1477,34,9996.53,294.02,73,4781.67
1478,5,641.26,128.25,11,0.0
1479,18,11657.14,647.62,39,173.96
1480,8,2285.35,285.67,16,0.0
1481,24,9030.72,376.28,48,319.29
1482,22,8629.92,392.27,42,160.0
1483,20,3662.21,183.11,30,0.0
1484,5,1613.08,322.62,7,122.93
1485,48,14619.04,304.56,100,150.04
1486,41,15148.43,369.47,90,3392.86
1487,13,3126.63,240.51,27,171.69
1488,52,23196.11,446.08,99,1037.46
1489,4,2149.69,537.42,7,0.0
1490,5,4242.09,848.42,19,346.29
1491,15,5412.15,360.81,36,142.38
1492,7,3004.55,429.22,12,1302.19
1493,5,990.44,198.09,10,276.18
1494,13,3390.82,260.83,22,2764.58
1495,9,5052.94,561.44,17,7.97
1496,9,1789.34,198.82,19,0.0
1497,10,2384.21,238.42,18,22.38
1498,21,11762.48,560.12,49,135.37
1499,61,25288.79,414.57,119,2846.74
1500,4,283.18,70.8,8,1764.58
1501,32,17439.18,544.97,61,0.0
1502,10,2994.82,299.48,21,0.0
1503,8,8991.18,1123.9,23,0.0
1504,18,6925.68,384.76,40,0.0
1505,9,6168.63,685.4,19,2028.74
1506,13,6777.57,521.35,28,1916.4
1507,16,9360.6,585.04,38,340.2
1508,21,11583.14,551.58,57,0.0
1509,11,5299.96,481.81,29,496.82
1510,8,3096.15,387.02,12,0.0
1511,7,993.22,141.89,21,0.0
1512,7,7727.08,1103.87,16,0.0
1513,12,2900.82,241.74,28,0.0
1514,19,11639.58,612.61,43,47.27
1515,10,3706.73,370.67,23,76.07
1516,11,4701.56,427.41,15,2685.31
1517,20,4483.74,224.19,45,6366.31
1518,14,6922.13,494.44,36,57.47
1519,7,2380.57,340.08,15,946.73
1520,9,4046.98,449.66,21,4793.11
1521,30,19716.56,657.22,76,267.0
1522,12,9253.25,771.1,28,66.2
1523,23,8342.41,362.71,41,2257.91
1524,17,4731.27,278.31,41,0.0
1525,7,3402.41,486.06,14,195.8
1526,15,3637.62,242.51,27,292.18
1527,5,1785.96,357.19,10,0.0
1528,11,4346.35,395.12,22,1492.85
1529,10,7923.83,792.38,23,0.0
1530,9,13463.11,1495.9,24,115.68
1531,17,6026.64,354.51,39,518.42
1532,5,544.19,108.84,9,0.0
1533,22,6200.1,281.82,46,6410.88
1534,19,8946.91,470.89,41,1863.46
1535,10,7078.23,707.82,21,817.64
1536,9,11704.19,1300.47,27,0.0
1537,6,2040.48,340.08,12,113.87
1538,20,12041.86,602.09,59,2437.69
1539,16,4592.99,287.06,38,350.46
1540,10,2035.63,203.56,20,0.0
1541,21,11847.32,564.16,51,5480.97
1542,5,1619.26,323.85,7,38.99
1543,3,588.67,196.22,7,2889.77
1544,29,15308.58,527.88,60,1619.07
1545,23,10961.17,476.57,48,7916.09
1546,10,8678.03,867.8,29,0.0
1547,11,2267.97,206.18,18,0.0
1548,4,1548.81,387.2,10,0.0
1549,11,2619.07,238.1,16,2762.7
1550,10,6250.52,625.05,29,0.0
1551,9,3206.38,356.26,16,53.86
1552,21,9402.01,447.71,43,696.92
1553,19,11143.23,586.49,49,406.9
1554,36,11214.69,311.52,89,2115.09
1555,21,6763.32,322.06,55,1062.35
1556,16,4142.48,258.9,45,526.32
1557,9,1025.76,113.97,21,7.97
1558,7,4372.83,624.69,13,155.58
1559,4,245.92,61.48,5,0.0
1560,4,358.57,89.64,5,956.41
1561,19,7114.71,374.46,33,738.86
1562,13,5895.23,453.48,25,0.0
1563,7,4471.75,638.82,9,1158.08
1564,11,3287.32,298.85,33,0.0
1565,35,16041.96,458.34,71,5465.95
1566,16,5017.99,313.62,31,3563.86
1567,11,4361.2,396.47,27,3047.65
1568,7,2325.73,332.25,16,3192.06
1569,25,15279.7,611.19,67,3954.36
1570,13,2767.27,212.87,25,33.6
1571,14,7761.1,554.36,25,221.33
1572,22,7077.11,321.69,50,1346.0
1573,11,961.9,87.45,20,1613.04
1574,7,1857.0,265.29,17,487.26
1575,18,3044.33,169.13,34,859.31
1576,9,3920.8,435.64,19,179.1
1577,11,2724.41,247.67,23,897.36
1578,8,2926.64,365.83,22,0.0
1579,15,5149.86,343.32,40,62.74
1580,7,7590.18,1084.31,21,188.87
1581,13,5504.21,423.4,20,185.92
1582,27,5755.84,213.18,57,1234.72
1583,10,2853.56,285.36,19,661.79
1584,29,23613.81,814.27,56,4473.99
1585,52,24328.84,467.86,96,1400.09
1586,12,3554.81,296.23,39,0.0
1587,22,10921.69,496.44,56,473.2
1588,44,12186.37,276.96,95,6609.81
1589,24,12289.08,512.04,55,315.39
1590,11,5089.33,462.67,31,4964.11
1591,30,6361.43,212.05,53,151.16
1592,13,5602.3,430.95,28,307.47
1593,10,3718.42,371.84,14,0.0
1594,8,9627.6,1203.45,21,0.0
1595,11,3028.42,275.31,19,36.07
1596,8,4275.72,534.46,18,1017.64
1597,7,1806.88,258.13,13,0.0
1598,4,422.11,105.53,5,29.55
1599,23,8209.13,356.92,57,2257.09
1600,26,7030.19,270.39,57,90.66
1601,9,8926.93,991.88,23,49.34
1602,9,3910.22,434.47,22,16.18
1603,10,10531.9,1053.19,28,712.38
1604,5,555.51,111.1,13,2338.77
1605,20,7074.43,353.72,39,71.05
1606,9,2411.58,267.95,15,75.92
1607,59,22900.23,388.14,120,13564.92
1608,5,3329.6,665.92,11,2557.8
1609,10,2166.69,216.67,25,598.63
1610,23,7033.0,305.78,49,3934.77
1611,6,1207.69,201.28,7,716.17
1612,12,13479.24,1123.27,31,0.0
1613,10,2213.88,221.39,30,116.08
1614,9,3354.19,372.69,18,1293.38
1615,3,541.45,180.48,5,576.78
1616,28,16776.0,599.14,61,326.44
1617,22,6094.61,277.03,35,169.04
1618,27,13077.04,484.33,47,717.66
1619,15,6987.64,465.84,26,917.69
1620,14,11471.06,819.36,31,0.0
1621,6,1437.85,239.64,10,1028.52
1622,11,2946.15,267.83,24,0.0
1623,16,5916.64,369.79,32,0.0
1624,15,5693.83,379.59,32,1530.0
1625,10,3433.76,343.38,21,242.24
1626,22,4754.8,216.13,48,1573.22
1627,10,1941.6,194.16,14,0.0
1628,9,1150.78,127.86,22,242.52
1629,8,1436.39,179.55,17,2484.14
1630,12,2549.73,212.48,34,161.22
1631,9,1891.75,210.19,26,0.0
1632,4,1155.53,288.88,9,134.01
1633,18,8497.91,472.11,34,62.21
1634,9,6567.56,729.73,20,93.82
1635,13,6572.03,505.54,29,1400.49
1636,12,3282.09,273.51,20,0.0
1637,44,26172.18,594.82,105,1717.02
1638,41,17685.33,431.35,90,2649.18
1639,9,2102.75,233.64,17,932.7
1640,6,7398.79,1233.13,18,0.0
1641,7,947.58,135.37,16,0.0
1642,7,2363.14,337.59,19,969.38
1643,18,4483.54,249.09,29,72.22
1644,18,6226.16,345.9,59,9349.9
1645,14,2092.62,149.47,26,50.21
1646,6,2015.43,335.9,9,15.59
1647,16,5002.78,312.67,27,0.0
1648,9,2399.03,266.56,15,66.06
1649,33,14881.9,450.97,77,757.42
1650,52,26538.51,510.36,108,2278.02
1651,6,3810.65,635.11,12,606.78
1652,18,12422.16,690.12,67,48.91
1653,37,12465.27,336.9,68,1845.81
1654,9,6460.44,717.83,21,275.16
1655,12,5070.42,422.54,22,0.0
1656,13,12666.62,974.36,29,2032.12
1657,11,8031.6,730.15,33,150.37
1658,7,11227.3,1603.9,17,6186.09
1659,16,15027.15,939.2,35,0.0
1660,6,1420.03,236.67,10,15.09
1661,12,11213.0,934.42,36,2847.45
1662,41,23412.11,571.03,84,4692.89
1663,11,9801.52,891.05,31,0.0
1664,11,2968.74,269.89,20,1670.44
1665,15,3046.4,203.09,26,186.16
1666,11,2058.56,187.14,20,0.0
1667,10,7486.39,748.64,27,280.08
1668,24,10880.7,453.36,46,1623.22
1669,7,285.14,40.73,9,225.1
1670,5,401.09,80.22,12,2574.86
1671,46,29890.3,649.79,91,2581.93
1672,16,8576.51,536.03,37,2094.86
1673,9,17748.55,1972.06,32,690.14
1674,12,6382.26,531.86,21,114.73
1675,5,1434.35,286.87,12,980.52
1676,28,14084.63,503.02,68,2119.16
1677,27,10571.66,391.54,76,1562.78
1678,13,3883.15,298.7,31,11.58
1679,35,8609.36,245.98,72,101.47
1680,10,3431.1,343.11,21,91.18
1681,10,1659.14,165.91,18,1596.69
1682,12,14534.34,1211.2,29,0.0
1683,9,10617.57,1179.73,31,329.49
1684,12,4605.79,383.82,24,193.76
1685,7,1956.24,279.46,12,118.2
1686,10,1345.01,134.5,20,643.94
1687,32,9025.47,282.05,72,6271.65
1688,14,5297.6,378.4,20,0.0
1689,8,8255.99,1032.0,26,191.6
1690,18,5744.44,319.14,34,1840.45
1691,8,2638.51,329.81,24,0.0
1692,15,4860.15,324.01,26,192.58
1693,19,7221.91,380.1,39,488.32
1694,10,5105.72,510.57,24,0.0
1695,33,11437.52,346.59,78,483.81
1696,6,778.28,129.71,12,1035.59
1697,9,4136.66,459.63,15,870.18
1698,6,901.28,150.21,10,762.13
1699,17,3188.68,187.57,41,0.0
1700,22,11604.98,527.5,51,810.7
1701,12,3132.44,261.04,30,0.0
1702,13,7782.0,598.62,35,1118.61
1703,16,12337.84,771.12,55,0.0
1704,18,5691.37,316.19,28,3918.64
1705,4,330.11,82.53,8,375.37
1706,10,4115.22,411.52,13,2272.06
1707,9,1992.56,221.4,11,1674.73
1708,10,1391.82,139.18,19,1468.77
1709,23,13433.0,584.04,50,940.62
1710,5,594.84,118.97,10,36.48
1711,12,1409.17,117.43,26,39.63
1712,11,8383.39,762.13,27,0.0
1713,6,676.41,112.74,21,0.0
1714,18,5508.56,306.03,33,54.3
1715,3,647.25,215.75,7,1352.7
1716,5,1253.86,250.77,5,751.95
1717,10,2188.79,218.88,16,177.42
1718,9,1937.02,215.22,28,246.37
1719,21,2629.45,125.21,47,0.0
1720,10,4990.09,499.01,28,570.21
1721,9,3178.69,353.19,21,26.29
1722,19,5605.45,295.02,35,97.78
1723,6,2618.12,436.35,11,613.8
1724,5,863.24,172.65,12,0.0
1725,40,12871.25,321.78,93,2094.77
1726,6,549.93,91.66,12,4.87
1727,30,9832.48,327.75,66,133.66
1728,3,240.12,80.04,3,382.85
1729,35,9027.83,257.94,69,1302.4
1730,31,11386.52,367.31,64,2921.24
1731,9,1233.43,137.05,16,23.72
1732,7,3815.6,545.09,10,3143.45
1733,16,10328.06,645.5,33,295.84
1734,15,8092.25,539.48,32,0.0
1735,5,7664.12,1532.82,19,2610.54
1736,20,6545.09,327.25,41,1332.4
1737,17,4163.82,244.93,33,2503.15
1738,52,25026.05,481.27,131,1966.38
1739,19,7231.1,380.58,43,447.91
1740,27,18682.29,691.94,65,440.07
1741,22,10853.77,493.35,52,436.95
1742,11,2338.97,212.63,23,5048.22
1743,22,16436.26,747.1,54,962.68
1744,14,3069.09,219.22,29,328.17
1745,9,3906.48,434.05,17,44.2
1746,14,1958.8,139.91,38,0.0
1747,5,787.28,157.46,9,955.69
1748,24,9282.93,386.79,58,3917.19
1749,18,5877.98,326.55,45,249.31
1750,14,4046.99,289.07,26,0.0
1751,6,1513.47,252.24,18,1426.41
1752,8,1527.72,190.96,17,0.0
1753,13,6728.86,517.6,28,132.84
1754,8,5123.21,640.4,16,2599.25
1755,18,7107.06,394.84,32,0.0
1756,10,3506.94,350.69,30,872.07
1757,10,1911.74,191.17,18,970.99
1758,13,8358.76,642.98,32,18.52
1759,5,4208.58,841.72,11,0.0
1760,34,21082.73,620.08,78,546.89
1761,19,4694.22,247.06,40,424.89
1762,10,4149.29,414.93,29,2553.18
1763,10,746.88,74.69,15,0.0
1764,10,3649.64,364.96,17,0.0
1765,29,11545.42,398.12,60,1322.53
1766,37,9774.26,264.17,89,6905.39
1767,7,779.9,111.41,19,1184.65
1768,10,2824.27,282.43,32,687.32
1769,12,1000.11,83.34,22,58.2
1770,9,5183.97,576.0,11,53.51
1771,55,30306.92,551.03,127,27.72
1772,31,17628.84,568.67,65,4263.1
1773,64,18912.05,295.5,127,1129.16
1774,13,9103.8,700.29,47,0.0
1775,16,6155.02,384.69,32,241.2
1776,25,6992.4,279.7,56,447.58
1777,20,5362.64,268.13,52,118.3
1778,12,4693.23,391.1,32,230.03
1779,9,3848.36,427.6,19,457.89
1780,6,2267.95,377.99,11,140.44
1781,14,3558.5,254.18,17,405.86
1782,19,7507.51,395.13,39,1170.3
1783,13,4191.35,322.41,36,0.0
1784,6,2267.15,377.86,11,50.27
1785,11,2178.4,198.04,19,37.34
1786,7,3839.68,548.53,19,1833.94
1787,12,3070.22,255.85,17,0.0
1788,11,2249.75,204.52,21,0.0
1789,24,9812.9,408.87,56,170.89
1790,13,8700.84,669.3,31,510.4
1791,12,4484.0,373.67,19,2324.84
1792,15,13021.24,868.08,32,851.6
1793,13,1746.41,134.34,24,249.32
1794,19,5181.12,272.69,35,949.19
1795,10,3396.7,339.67,26,43.29
1796,12,3552.26,296.02,30,1094.54
1797,18,11706.65,650.37,38,0.0
1798,8,3722.75,465.34,13,2921.24
1799,2,348.2,174.1,6,1504.47
1800,13,7733.68,594.9,20,757.24
1801,6,5756.47,959.41,18,272.56
1802,7,2689.28,384.18,15,58.6
1803,5,579.66,115.93,7,0.0
1804,24,9203.35,383.47,46,1720.44
1805,9,6195.99,688.44,24,382.37
1806,18,9719.6,539.98,36,1629.19
1807,19,4609.88,242.63,39,0.0
1808,6,841.44,140.24,7,1473.41
1809,16,3114.79,194.67,24,959.69
1810,7,1181.35,168.76,24,331.0
1811,23,15815.78,687.64,54,2305.18
1812,22,9504.22,432.01,65,525.71
1813,24,6528.23,272.01,46,4626.9
1814,11,2158.34,196.21,23,35.67
1815,28,8747.54,312.41,53,8263.43
1816,21,8138.56,387.55,54,0.0
1817,24,5986.19,249.42,62,183.28
1818,14,1949.06,139.22,27,592.05
1819,20,7757.39,387.87,44,32.28
1820,15,6764.46,450.96,52,11425.27
1821,9,3622.22,402.47,21,54.28
1822,35,9151.83,261.48,62,9159.63
1823,25,6458.21,258.33,64,6.13
1824,25,14085.21,563.41,52,105.94
1825,9,7039.64,782.18,19,1495.82
1826,13,2678.27,206.02,34,415.02
1827,8,5871.08,733.88,17,254.18
1828,8,4215.58,526.95,20,952.04
1829,17,2740.14,161.18,31,175.44
1830,20,12266.22,613.31,43,2404.87
1831,11,4010.24,364.57,23,0.0
1832,18,3288.5,182.69,39,289.09
1833,11,6882.58,625.69,30,72.22
1834,20,8898.0,444.9,33,6.14
1835,26,10459.49,402.29,62,56.68
1836,10,3540.47,354.05,23,2712.68
1837,11,1914.04,174.0,33,0.0
1838,6,1098.47,183.08,13,1117.98
1839,4,1183.11,295.78,9,255.49
1840,26,16718.81,643.03,55,1060.06
1841,13,3593.99,276.46,33,7.37
1842,13,3728.19,286.78,33,0.0
1843,7,2909.07,415.58,23,0.0
1844,18,4469.88,248.33,42,681.3
1845,22,9771.99,444.18,47,427.13
1846,12,2903.59,241.97,26,43.59
1847,8,1334.34,166.79,16,205.07
1848,4,565.8,141.45,5,591.85
1849,5,4445.51,889.1,10,539.65
1850,14,1775.19,126.8,23,382.0
1851,21,11522.13,548.67,55,520.26
1852,9,1338.83,148.76,19,0.0
1853,12,2751.76,229.31,25,0.0
1854,13,2952.8,227.14,28,1092.84
1855,13,3187.95,245.23,33,260.6
1856,10,3242.94,324.29,17,107.96
1857,12,4528.51,377.38,23,52.69
1858,17,9009.27,529.96,43,0.0
1859,3,1941.15,647.05,6,157.34
1860,28,13936.5,497.73,64,142.27
1861,24,7796.27,324.84,56,50.56
1862,26,11801.82,453.92,51,697.23
1863,11,4652.02,422.91,28,47.6
1864,10,2369.69,236.97,13,46.33
1865,41,18733.41,456.91,70,304.29
1866,12,5415.11,451.26,35,0.0
1867,9,4087.86,454.21,17,522.36
1868,20,8332.57,416.63,51,0.0
1869,8,1156.52,144.56,19,2035.38
1870,13,5143.46,395.65,28,2957.33
1871,22,7362.51,334.66,51,1460.62
1872,23,9918.78,431.25,52,1150.57
1873,10,3125.93,312.59,32,0.0
1874,45,16578.48,368.41,79,1495.51
1875,16,4431.83,276.99,50,100.24
1876,9,2860.02,317.78,20,687.39
1877,20,7230.46,361.52,51,31.38
1878,5,4084.69,816.94,9,5538.76
1879,12,2794.61,232.88,36,0.0
1880,18,6834.69,379.7,40,0.0
1881,6,1646.55,274.42,8,0.0
1882,11,1854.01,168.55,16,0.0
1883,15,5538.26,369.22,33,663.85
1884,9,6978.61,775.4,20,0.0
1885,6,4351.08,725.18,17,266.95
1886,10,4928.1,492.81,18,0.0
1887,25,12360.42,494.42,46,308.92
1888,27,10533.81,390.14,56,795.42
1889,12,6157.22,513.1,29,2609.11
1890,14,5076.81,362.63,42,299.21
1891,4,2312.51,578.13,8,0.0
1892,8,6902.27,862.78,14,300.12
1893,6,614.75,102.46,12,74.69
1894,10,4414.37,441.44,19,0.0
1895,9,6358.52,706.5,28,0.0
1896,20,8102.35,405.12,31,43.17
1897,14,4412.73,315.2,21,5692.48
1898,63,27963.9,443.87,130,2752.85
1899,29,10504.32,362.22,45,222.29
1900,7,2823.21,403.32,16,0.0
1901,11,2275.18,206.83,19,1300.43
1902,8,3451.96,431.5,18,173.47
1903,3,183.87,61.29,6,241.94
1904,24,5312.41,221.35,38,791.95
1905,8,1855.83,231.98,9,494.71
1906,9,1578.78,175.42,15,76.6
1907,5,776.63,155.33,14,18.62
1908,24,8848.53,368.69,44,149.34
1909,8,2234.0,279.25,17,31.81
1910,19,6526.85,343.52,31,1441.46
1911,6,1636.04,272.67,13,0.0
1912,6,3939.17,656.53,8,12.56
1913,5,645.25,129.05,8,1.26
1914,16,4414.44,275.9,28,1075.53
1915,12,6623.38,551.95,23,63.22
1916,9,1651.83,183.54,11,0.0
1917,6,5536.29,922.72,13,0.0
1918,10,1491.31,149.13,19,0.0
1919,11,1456.0,132.36,23,0.0
1920,8,8710.62,1088.83,22,205.44
1921,8,1862.48,232.81,13,159.24
1922,22,5235.11,237.96,48,0.0
1923,35,15627.01,446.49,68,1317.71
1924,22,4223.94,192.0,45,3749.48
1925,18,6937.55,385.42,32,44.6
1926,34,12090.29,355.6,65,8523.18
1927,49,16992.2,346.78,117,3518.41
1928,7,4084.66,583.52,17,121.57
1929,13,4533.62,348.74,25,28.0
1930,6,1034.52,172.42,6,491.98
1931,17,4583.33,269.61,29,10286.65
1932,8,2219.89,277.49,16,170.08
1933,11,4899.64,445.42,24,29.72
1934,5,1595.13,319.03,10,325.03
1935,24,8324.66,346.86,50,0.0
1936,19,1385.04,72.9,28,518.7
1937,19,3485.66,183.46,38,62.56
1938,17,5031.87,295.99,40,29.15
1939,38,12337.97,324.68,72,604.91
1940,6,678.3,113.05,9,4786.66
1941,38,14740.54,387.91,81,293.17
1942,22,13699.94,622.72,53,3514.43
1943,7,1490.08,212.87,14,567.55
1944,60,19373.89,322.9,127,3075.48
1945,27,12174.34,450.9,56,3203.88
1946,31,14473.27,466.88,74,772.17
1947,29,6953.5,239.78,71,103.07
1948,9,2109.17,234.35,16,0.0
1949,11,5700.39,518.22,26,19.99
1950,9,4211.71,467.97,21,52.74
1951,35,18063.97,516.11,69,1598.69
1952,22,5089.1,231.32,44,880.47
1953,31,21299.35,687.08,61,3705.71
1954,22,3864.68,175.67,41,6385.12
1955,12,2896.8,241.4,24,575.23
1956,19,14619.99,769.47,46,511.13
1957,14,10589.77,756.41,35,0.0
1958,7,6859.52,979.93,21,1427.45
1959,20,7239.84,361.99,37,361.13
1960,7,8127.21,1161.03,19,3.24
1961,18,7747.69,430.43,36,5780.51
1962,11,3520.7,320.06,18,4353.9
1963,8,3574.07,446.76,12,728.51
1964,25,8279.65,331.19,63,667.02
1965,22,9324.51,423.84,46,2538.88
1966,11,1470.24,133.66,27,454.5
1967,8,4882.84,610.36,16,4.56
1968,8,1249.36,156.17,18,2234.02
1969,13,9122.15,701.7,27,0.0
1970,12,3377.95,281.5,23,10.65
1971,17,7450.47,438.26,35,38.14
1972,44,16699.48,379.53,92,5431.36
1973,37,15940.51,430.82,79,3146.48
1974,13,7068.1,543.7,37,35.53
1975,30,22219.64,740.65,68,1204.29
1976,9,5726.22,636.25,15,675.75
1977,9,4353.34,483.7,24,169.35
1978,15,9814.05,654.27,28,353.24
1979,20,8066.88,403.34,47,1080.71
1980,28,6079.88,217.14,50,344.0
1981,9,3201.4,355.71,21,6727.76
1982,9,3159.51,351.06,13,62.52
1983,11,5619.58,510.87,19,235.08
1984,5,974.09,194.82,11,56.56
1985,11,5597.02,508.82,24,1048.26
1986,10,6562.34,656.23,27,173.48
1987,10,3227.9,322.79,23,37.36
1988,7,1093.13,156.16,18,1431.2
1989,11,10695.14,972.29,26,1225.29
1990,22,13329.61,605.89,59,308.58
1991,7,5060.26,722.89,10,0.0
1992,16,4450.62,278.16,33,429.27
1993,18,4116.83,228.71,32,0.0
1994,11,1830.19,166.38,21,1160.4
1995,9,10848.11,1205.35,24,1260.02
1996,13,6986.7,537.44,25,0.0
1997,23,6331.73,275.29,42,1988.59
1998,17,10064.63,592.04,46,1898.62
1999,3,4329.02,1443.01,5,81.3
2000,16,5371.94,335.75,40,0.0
2001,21,7871.82,374.85,58,6689.86
2002,6,1362.13,227.02,14,0.0
2003,6,2369.64,394.94,14,965.91
2004,44,15813.47,359.4,105,6092.71
2005,4,1660.28,415.07,6,3481.59
2006,11,4109.92,373.63,26,0.0
2007,16,2982.25,186.39,35,1029.56
2008,12,7038.63,586.55,25,30.98
2009,17,5135.92,302.11,40,5660.78
2010,4,254.54,63.64,11,3949.76
2011,12,5337.97,444.83,19,399.85
2012,9,2813.49,312.61,17,0.0
2013,34,10678.69,314.08,66,3393.65
2014,10,8957.48,895.75,23,14435.1
2015,30,6343.22,211.44,53,6.83
2016,6,2311.12,385.19,13,99.57
2017,11,6460.04,587.28,23,30.38
2018,9,9799.81,1088.87,28,818.64
2019,18,6975.86,387.55,44,166.51
2020,8,2120.34,265.04,12,1124.4
2021,15,7033.69,468.91,28,2852.69
2022,10,3914.14,391.41,26,0.0
2023,6,1354.48,225.75,10,36.82
2024,19,10181.86,535.89,43,0.0
2025,11,2815.03,255.91,18,0.0
2026,8,4489.03,561.13,15,456.6
2027,27,15258.59,565.13,61,226.47
2028,8,1019.22,127.4,14,1870.1
2029,20,16133.35,806.67,51,522.25
2030,33,14140.52,428.5,66,87.82
2031,24,14877.62,619.9,54,68.29
2032,5,2321.98,464.4,17,83.32
2033,11,3261.45,296.5,27,1730.6
2034,8,918.29,114.79,29,0.0
2035,11,4987.16,453.38,30,146.5
2036,10,2357.37,235.74,21,736.53
2037,53,32163.79,606.86,136,592.45
2038,7,1807.25,258.18,33,133.36
2039,13,4387.3,337.48,24,0.0
2040,26,7054.26,271.32,49,0.0
2041,11,4285.21,389.56,15,1460.62
2042,15,2897.59,193.17,27,1133.54
2043,17,5859.08,344.65,36,12.81
2044,10,1371.98,137.2,30,1073.44
2045,15,9702.17,646.81,38,1101.5
2046,60,17865.01,297.75,130,381.36
2047,4,4665.95,1166.49,14,31.36
2048,38,19272.02,507.16,99,0.0
2049,5,2053.75,410.75,12,60.69
2050,9,862.41,95.82,13,0.0
2051,10,4350.74,435.07,23,786.58
2052,6,1372.23,228.7,8,291.84
2053,13,3458.89,266.07,24,2216.65
2054,15,7059.94,470.66,35,12.61
2055,7,1408.89,201.27,19,483.97
2056,8,2255.09,281.89,19,2767.2
2057,21,11465.27,545.97,44,299.59
2058,32,10149.26,317.16,63,1343.54
2059,13,5735.57,441.2,25,348.28
2060,8,2630.83,328.85,12,0.0
2061,55,35834.04,651.53,131,1041.76
2062,5,892.3,178.46,8,0.0
2063,29,5730.45,197.6,63,335.73
2064,19,4306.67,226.67,35,2153.97
2065,25,10117.54,404.7,47,1034.85
2066,10,4672.83,467.28,19,348.58
2067,8,3284.14,410.52,15,1281.34
2068,6,823.09,137.18,8,1376.75
2069,9,2422.1,269.12,17,2394.52
2070,7,12439.09,1777.01,22,21.72
2071,45,23687.76,526.39,69,1854.93
2072,7,862.15,123.16,14,806.84
2073,6,4478.36,746.39,9,641.43
2074,12,5220.08,435.01,21,0.0
2075,6,3847.78,641.3,24,0.0
2076,6,1937.68,322.95,17,0.0
2077,10,1454.51,145.45,13,0.0
2078,16,10416.87,651.05,43,1128.26
2079,31,10836.02,349.55,60,436.41
2080,7,2184.9,312.13,15,788.55
2081,16,3235.77,202.24,39,248.68
2082,9,2027.22,225.25,16,0.0
2083,8,5149.28,643.66,11,2455.56
2084,37,11421.9,308.7,80,2218.94
2085,37,11339.19,306.46,91,3334.9
2086,7,3805.84,543.69,18,104.76
2087,9,1222.96,135.88,17,3829.95
2088,8,3909.39,488.67,14,246.34
2089,4,2372.8,593.2,7,1779.81
2090,20,5482.76,274.14,38,566.89
2091,10,4737.18,473.72,29,10.45
2092,37,17994.75,486.34,83,31.28
2093,13,12791.4,983.95,39,158.27
2094,6,1151.72,191.95,11,0.0
2095,13,2142.2,164.78,23,1031.8
2096,14,9668.09,690.58,36,113.63
2097,4,989.32,247.33,6,56.29
2098,10,2953.45,295.35,26,71.16
2099,28,9937.45,354.91,86,2870.53
2100,49,18228.48,372.01,105,566.2
2101,9,2101.66,233.52,12,1112.8
2102,11,6054.4,550.4,28,318.25
2103,29,8851.78,305.23,57,1781.04
2104,40,12657.72,316.44,85,5325.91
2105,13,3424.74,263.44,19,62.78
2106,6,2357.38,392.9,15,519.55
2107,27,6025.58,223.17,61,71.76
2108,9,3384.16,376.02,26,0.0
2109,17,2598.07,152.83,41,107.77
2110,16,7873.99,492.12,31,0.0
2111,11,2886.71,262.43,24,0.0
2112,14,3249.87,232.13,26,0.0
2113,11,2846.98,258.82,30,163.1
2114,13,5035.78,387.37,35,332.18
2115,8,1557.84,194.73,13,0.0
2116,38,24847.18,653.87,95,356.88
2117,9,1969.73,218.86,15,49.98
2118,8,6569.57,821.2,19,1190.3
2119,37,16197.46,437.77,85,489.57
2120,22,7256.87,329.86,37,156.65
2121,8,3704.41,463.05,10,129.39
2122,8,2713.96,339.24,19,0.0
2123,15,5440.68,362.71,42,0.0
2124,38,10097.0,265.71,84,2513.03
2125,4,3489.79,872.45,9,479.91
2126,27,6480.89,240.03,60,669.34
2127,6,1106.96,184.49,18,292.41
2128,17,5035.27,296.19,43,2200.1
2129,8,3853.78,481.72,24,0.0
2130,12,7808.63,650.72,22,1189.33
2131,37,14307.11,386.68,68,232.68
2132,12,4279.56,356.63,21,2267.23
2133,26,15127.14,581.81,66,371.91
2134,3,1136.6,378.87,4,51.49
2135,7,3712.85,530.41,17,2061.9
2136,17,2853.44,167.85,31,6713.81
2137,12,6553.18,546.1,28,564.55
2138,8,4294.7,536.84,18,564.44
2139,24,7070.44,294.6,53,1201.85
2140,7,6226.02,889.43,10,1125.6
2141,34,17848.29,524.95,83,293.66
2142,13,3527.89,271.38,21,2502.11
2143,11,3585.2,325.93,27,971.27
2144,9,3247.43,360.83,18,2290.69
2145,13,5335.27,410.41,25,3952.29
2146,25,4650.74,186.03,59,214.92
2147,25,7665.12,306.6,49,1751.18
2148,11,5525.81,502.35,27,0.0
2149,8,1060.91,132.61,11,88.42
2150,8,1998.74,249.84,15,76.38
2151,35,12564.33,358.98,89,3.06
2152,13,4194.93,322.69,27,0.0
2153,20,6662.73,333.14,39,24.55
2154,8,4636.62,579.58,19,0.0
2155,46,23277.63,506.04,87,3453.99
2156,5,4863.33,972.67,10,221.17
2157,10,4286.51,428.65,24,585.78
2158,30,18243.7,608.12,65,783.19
2159,40,14958.45,373.96,72,1387.17
2160,19,7407.05,389.84,33,0.0
2161,22,12986.21,590.28,42,0.0
2162,15,4070.39,271.36,27,1252.52
2163,18,8050.38,447.24,39,28.3
2164,12,3082.05,256.84,25,0.0
2165,13,4221.02,324.69,28,45.25
2166,20,5977.77,298.89,45,2059.72
2167,7,1223.55,174.79,14,224.71
2168,10,4245.28,424.53,33,305.94
2169,17,4795.71,282.1,37,586.62
2170,8,2106.76,263.35,15,825.79
2171,12,6379.67,531.64,29,905.49
2172,22,8885.82,403.9,51,184.16
2173,8,487.26,60.91,12,2951.56
2174,10,4317.18,431.72,17,343.53
2175,9,1713.58,190.4,19,0.0
2176,6,5809.44,968.24,17,0.0
2177,16,5248.05,328.0,29,2023.48
2178,21,3144.24,149.73,52,1085.22
2179,33,11251.07,340.94,78,297.15
2180,7,2809.08,401.3,12,29.73
2181,20,7691.95,384.6,47,58.18
2182,12,1836.06,153.0,20,0.0
2183,29,16390.65,565.19,76,45.7
2184,6,1921.61,320.27,10,463.36
2185,16,9323.76,582.74,37,166.21
2186,11,2010.56,182.78,22,583.96
2187,11,1723.42,156.67,28,307.9
2188,49,13112.45,267.6,111,63.09
2189,8,1491.88,186.48,16,0.0
2190,12,9406.34,783.86,31,246.74
2191,17,6599.09,388.18,36,202.05
2192,14,4942.23,353.02,35,563.35
2193,7,2576.34,368.05,15,147.7
2194,14,5332.19,380.87,29,33.52
2195,9,3959.88,439.99,18,0.0
2196,37,9338.01,252.38,68,604.1
2197,18,7901.29,438.96,41,128.08
2198,9,565.74,62.86,19,1147.45
2199,5,853.19,170.64,8,59.31
2200,34,15710.15,462.06,75,991.02
2201,32,17921.55,560.05,64,15.9
2202,9,9577.68,1064.19,24,0.0
2203,11,5887.37,535.22,31,268.64
2204,8,1911.85,238.98,16,3102.15
2205,4,991.04,247.76,7,0.0
2206,27,12538.69,464.4,51,2982.81
2207,29,12634.17,435.66,65,1984.31
2208,12,8673.82,722.82,30,233.34
2209,31,13039.3,420.62,65,239.74
2210,28,10812.3,386.15,60,0.0
2211,13,2700.0,207.69,32,325.35
2212,17,4439.11,261.12,25,666.77
2213,10,5235.27,523.53,18,0.0
2214,30,15420.3,514.01,56,1570.16
2215,12,5046.28,420.52,34,0.0
2216,8,6541.29,817.66,16,5.45
2217,7,2808.96,401.28,15,2498.87
2218,27,7691.35,284.86,52,1098.7
2219,11,1500.27,136.39,21,0.0
2220,10,17295.24,1729.52,33,453.83
2221,15,15612.02,1040.8,37,4675.0
2222,10,2993.42,299.34,25,30.95
2223,2,181.75,90.88,3,70.75
2224,11,4568.45,415.31,19,607.97
2225,19,9580.37,504.23,44,1244.54
2226,5,2011.68,402.34,8,0.0
2227,8,4114.73,514.34,21,116.04
2228,9,2808.6,312.07,24,1347.56
2229,20,12743.68,637.18,44,2704.15
2230,18,5224.7,290.26,36,82.63
2231,8,2368.49,296.06,21,2777.95
2232,36,14360.63,398.91,72,820.71
2233,27,7980.52,295.57,60,0.0
2234,12,4586.54,382.21,31,0.0
2235,13,3652.8,280.98,32,0.0
2236,8,1487.29,185.91,17,408.2
2237,15,10181.74,678.78,26,37.62
2238,4,1133.05,283.26,16,2462.38
2239,11,3139.25,285.39,27,0.0
2240,11,1178.98,107.18,19,0.0
2241,7,1137.86,162.55,17,178.44
2242,15,6022.33,401.49,41,0.0
2243,8,2402.74,300.34,17,0.0
2244,21,10397.24,495.11,45,93.98
2245,25,8440.72,337.63,49,253.76
2246,4,482.61,120.65,12,262.79
2247,6,2699.04,449.84,13,13.23
2248,6,2088.51,348.08,9,2325.55
2249,3,847.06,282.35,3,285.64
2250,21,8495.53,404.55,38,274.42
2251,15,3878.79,258.59,39,221.3
2252,23,9294.14,404.09,41,385.4
2253,50,27417.12,548.34,101,3024.83
2254,7,6697.24,956.75,13,140.08
2255,33,29872.67,905.23,91,0.0
2256,6,406.42,67.74,10,17.58
2257,4,555.49,138.87,4,92.45
2258,13,2912.26,224.02,27,0.0
2259,9,1970.25,218.92,20,1930.16
2260,15,11178.2,745.21,34,0.0
2261,9,2148.98,238.78,32,1667.23
2262,5,3772.55,754.51,18,0.0
2263,9,4650.3,516.7,23,0.0
2264,14,2066.32,147.59,26,1201.29
2265,19,4863.52,255.97,37,365.52
2266,10,2562.89,256.29,18,1703.53
2267,9,2754.17,306.02,16,760.05
2268,12,7088.34,590.7,33,451.97
2269,15,7417.03,494.47,34,116.91
2270,9,3238.92,359.88,18,873.71
2271,8,1334.93,166.87,27,1454.09
2272,15,3078.36,205.22,25,0.0
2273,11,5042.89,458.44,26,61.68
2274,14,9570.77,683.63,26,64.33
2275,7,2097.38,299.63,13,152.28
2276,23,15931.46,692.67,53,7.99
2277,29,10794.32,372.22,62,228.57
2278,10,3638.42,363.84,27,0.0
2279,12,4500.7,375.06,20,1336.34
2280,10,3540.55,354.05,22,83.52
2281,6,1134.32,189.05,13,0.0
2282,39,8815.36,226.03,75,1303.66
2283,55,23950.36,435.46,102,1300.11
2284,7,2955.8,422.26,16,66.78
2285,30,17399.77,579.99,74,680.13
2286,13,7714.43,593.42,29,0.0
2287,14,3781.04,270.07,27,0.0
2288,22,6408.57,291.3,37,0.0
2289,9,3023.64,335.96,17,27.14
2290,13,8952.91,688.69,32,0.0
2291,16,2447.38,152.96,29,558.43
2292,7,2906.9,415.27,14,0.0
2293,49,26409.21,538.96,106,81.81
2294,7,4373.56,624.79,23,241.08
2295,12,5268.47,439.04,21,3.67
2296,33,10392.83,314.93,82,92.26
2297,8,1113.64,139.21,14,0.0
2298,11,7921.47,720.13,20,952.12
2299,5,2309.46,461.89,9,650.03
2300,8,3047.85,380.98,15,272.31
2301,10,4428.59,442.86,16,0.0
2302,10,3906.04,390.6,24,232.07
2303,9,2034.63,226.07,17,299.43
2304,8,1829.14,228.64,14,0.0
2305,17,4993.78,293.75,36,5015.25
2306,24,20906.3,871.1,67,1557.26
2307,4,2942.5,735.62,11,597.61
2308,42,20032.15,476.96,92,6994.52
2309,23,12971.68,563.99,67,1663.52
2310,24,7570.89,315.45,57,995.58
2311,23,11547.6,502.07,41,1338.0
2312,10,5623.08,562.31,23,247.63
2313,9,2034.95,226.11,14,0.0
2314,19,10086.56,530.87,40,375.62
2315,16,7802.59,487.66,43,21.83
2316,25,10856.68,434.27,44,2540.98
2317,17,9982.76,587.22,30,52.68
2318,13,5365.36,412.72,23,0.0
2319,5,6268.3,1253.66,24,23.28
2320,45,15371.77,341.59,102,0.0
2321,11,2101.68,191.06,38,0.0
2322,22,4158.82,189.04,53,283.77
2323,44,19294.18,438.5,93,1219.78
2324,9,10426.66,1158.52,25,0.0
2325,6,530.17,88.36,8,0.0
2326,13,3454.51,265.73,25,79.8
2327,30,10448.06,348.27,61,3421.5
2328,9,1731.82,192.42,14,1845.45
2329,17,9247.17,543.95,35,115.5
2330,10,6114.05,611.4,20,36.32
2331,7,2857.02,408.15,20,60.61
2332,4,1728.79,432.2,5,698.22
2333,7,1224.81,174.97,9,209.15
2334,22,6219.27,282.69,45,3922.14
2335,6,1224.27,204.04,11,565.6
2336,43,28000.99,651.19,80,1490.16
2337,20,6829.12,341.46,42,466.25
2338,14,7952.46,568.03,29,1539.62
2339,14,3197.07,228.36,28,172.31
2340,6,933.77,155.63,10,12.8
2341,13,6799.37,523.03,30,118.04
2342,11,2730.01,248.18,28,0.0
2343,7,809.83,115.69,15,0.0
2344,17,6710.89,394.76,57,2265.51
2345,7,908.33,129.76,16,943.89
2346,6,1315.61,219.27,13,240.41
2347,21,12520.31,596.21,52,1257.81
2348,10,3651.21,365.12,20,0.0
2349,14,14705.86,1050.42,33,0.0
2350,7,1379.46,197.07,15,32.14
2351,11,3889.42,353.58,23,148.68
2352,11,3262.91,296.63,33,0.0
2353,17,8786.94,516.88,32,0.0
2354,9,5853.86,650.43,20,35.89
2355,25,9789.8,391.59,62,56.5
2356,49,22129.65,451.63,118,1919.75
2357,15,4793.44,319.56,34,549.56
2358,7,1392.2,198.89,20,26.3
2359,19,7174.74,377.62,43,696.42
2360,18,9631.57,535.09,37,287.62
2361,43,13953.1,324.49,86,2780.8
2362,11,15416.65,1401.51,31,17.36
2363,8,4503.02,562.88,16,0.0
2364,3,2053.13,684.38,6,0.0
2365,13,2896.56,222.81,32,781.23
2366,4,650.71,162.68,15,0.0
2367,24,5332.32,222.18,43,4122.97
2368,13,2795.86,215.07,23,0.0
2369,12,5192.34,432.7,28,6748.16
2370,14,5586.06,399.0,24,0.0
2371,13,3773.4,290.26,21,1530.07
2372,5,429.36,85.87,9,37.55
2373,20,10204.65,510.23,42,223.26
2374,12,9047.33,753.94,28,685.01
2375,7,4120.03,588.58,19,0.0
2376,22,9076.42,412.56,39,10702.95
2377,29,11592.03,399.73,74,880.95
2378,21,15018.39,715.16,47,0.0
2379,12,3884.98,323.75,22,0.0
2380,6,751.26,125.21,16,62.85
2381,34,12683.29,373.04,65,257.6
2382,8,5813.86,726.73,19,0.0
2383,33,10459.68,316.96,57,1108.14
2384,19,7941.83,417.99,39,290.83
2385,8,5320.23,665.03,14,4473.33
2386,14,8112.5,579.46,29,713.67
2387,16,4237.67,264.85,34,3368.29
2388,23,8758.06,380.79,56,0.0
2389,20,6702.61,335.13,40,32.18
2390,48,21188.81,441.43,118,1371.9
2391,8,2113.93,264.24,15,751.27
2392,12,3846.71,320.56,29,485.66
2393,17,10703.2,629.6,46,15.54
2394,4,2437.88,609.47,12,320.74
2395,12,6448.11,537.34,28,150.98
2396,32,16778.54,524.33,65,903.26
2397,15,4447.91,296.53,32,415.57
2398,31,15493.71,499.8,56,1133.07
2399,32,25041.72,782.55,81,860.89
2400,12,1820.36,151.7,28,0.0
2401,30,16785.91,559.53,59,301.47
2402,19,6655.91,350.31,45,465.91
2403,12,2406.86,200.57,26,0.0
2404,17,7135.99,419.76,37,12.19
2405,13,6340.99,487.77,26,1432.51
2406,19,3686.09,194.0,38,140.01
2407,8,3410.18,426.27,21,143.85
2408,8,913.62,114.2,22,0.0
2409,14,2543.71,181.69,35,749.0
2410,20,9720.83,486.04,42,426.21
2411,15,6836.76,455.78,29,0.0
2412,47,17319.74,368.51,99,815.44
2413,16,5130.07,320.63,32,60.75
2414,10,13225.61,1322.56,26,0.0
2415,17,7163.58,421.39,39,0.0
2416,8,2323.08,290.38,16,45.64
2417,9,3215.79,357.31,15,1151.23
2418,17,5183.42,304.91,42,399.93
2419,6,641.34,106.89,11,0.0
2420,9,1264.38,140.49,16,0.0
2421,9,2549.12,283.24,19,1543.41
2422,16,5771.79,360.74,44,582.62
2423,7,1560.54,222.93,16,2153.14
2424,12,3806.83,317.24,21,528.98
2425,23,17400.38,756.54,50,1965.99
2426,25,14245.66,569.83,53,1055.44
2427,6,2739.57,456.6,20,1200.23
2428,4,5526.81,1381.7,10,133.5
2429,22,8186.4,372.11,45,94.41
2430,8,8552.39,1069.05,19,40.34
2431,6,755.32,125.89,9,0.0
2432,7,653.45,93.35,11,0.0
2433,9,2647.3,294.14,26,567.78
2434,10,7761.42,776.14,31,109.76
2435,10,3411.75,341.18,26,0.0
2436,26,8668.82,333.42,52,2382.08
2437,12,5974.9,497.91,18,1207.04
2438,7,1259.93,179.99,19,2031.31
2439,6,737.08,122.85,12,0.0
2440,32,11240.94,351.28,80,4381.77
2441,10,7473.56,747.36,21,760.85
2442,4,448.44,112.11,9,0.0
2443,16,2536.94,158.56,29,23.99
2444,24,10970.36,457.1,43,52.9
2445,41,13622.86,332.26,79,5.02
2446,9,9753.92,1083.77,26,2604.48
2447,10,2281.37,228.14,19,152.76
2448,9,1054.07,117.12,17,0.0
2449,21,4712.64,224.41,41,193.9
2450,6,1106.19,184.36,21,34.82
2451,8,3650.06,456.26,15,1401.26
2452,11,3578.94,325.36,18,94.95
2453,23,8374.74,364.12,44,1864.62
2454,5,1914.2,382.84,7,88.6
2455,3,258.86,86.29,6,1163.01
2456,31,14196.86,457.96,58,25.39
2457,14,3407.98,243.43,28,90.4
2458,18,10536.46,585.36,43,18.98
2459,15,5711.1,380.74,22,288.59
2460,10,4570.33,457.03,21,0.0
2461,18,11077.41,615.41,36,10533.68
2462,7,2172.41,310.34,12,66.37
2463,66,34661.24,525.17,157,1585.68
2464,8,3057.71,382.21,19,0.0
2465,11,3213.87,292.17,24,913.19
2466,17,5971.53,351.27,43,0.0
2467,5,299.97,59.99,7,57.01
2468,7,1662.79,237.54,9,0.0
2469,18,6629.24,368.29,43,522.99
2470,9,4282.34,475.82,20,119.29
2471,45,15097.85,335.51,92,4874.77
2472,11,1770.01,160.91,20,33.44
2473,15,9237.48,615.83,38,160.24
2474,35,9433.03,269.52,61,0.0
2475,7,7253.06,1036.15,12,790.74
2476,14,6931.09,495.08,20,0.0
2477,14,11950.78,853.63,28,1140.17
2478,15,5058.04,337.2,42,2262.82
2479,18,6967.7,387.09,39,157.25
2480,9,4094.06,454.9,17,877.01
2481,12,1847.41,153.95,19,1765.06
2482,3,458.86,152.95,4,0.0
2483,12,3275.03,272.92,27,0.0
2484,10,4984.85,498.48,20,725.0
2485,21,8262.2,393.44,60,7270.81
2486,11,1479.49,134.5,26,0.0
2487,10,4313.07,431.31,19,437.52
2488,9,611.76,67.97,19,207.1
2489,16,10162.94,635.18,51,343.88
2490,17,3335.88,196.23,31,1063.93
2491,17,5299.45,311.73,37,1696.26
2492,11,2079.03,189.0,26,37.5
2493,14,4281.35,305.81,22,109.74
2494,14,3490.09,249.29,30,104.45
2495,9,2235.36,248.37,14,0.0
2496,17,5612.61,330.15,37,0.0
2497,20,12262.01,613.1,60,2028.48
2498,21,4275.32,203.59,50,0.0
2499,13,7071.51,543.96,25,576.75
2500,2,1620.29,810.14,5,0.0
2501,10,8433.84,843.38,34,0.0
2502,42,18002.6,428.63,88,1382.01
2503,14,7863.26,561.66,33,0.0
2504,23,5014.44,218.02,41,0.0
2505,9,3952.38,439.15,30,0.0
2506,20,6669.44,333.47,36,87.04
2507,17,8343.58,490.8,33,98.91
2508,8,3368.02,421.0,13,0.0
2509,15,6013.85,400.92,38,36.72
2510,5,642.81,128.56,15,207.71
2511,34,14145.79,416.05,78,1371.18
2512,7,3598.77,514.11,16,0.0
2513,21,8574.93,408.33,41,58.58
2514,9,1188.97,132.11,16,0.0
2515,8,3421.85,427.73,29,2535.55
2516,10,2068.31,206.83,19,94.31
2517,10,3194.58,319.46,17,853.78
2518,6,6920.5,1153.42,14,548.49
2519,14,3478.51,248.46,29,0.0
2520,31,16503.35,532.37,75,3125.45
2521,11,5692.54,517.5,30,1156.68
2522,5,1382.28,276.46,14,0.0
2523,15,6170.45,411.36,38,224.69
2524,13,2964.23,228.02,27,8350.29
2525,27,9970.5,369.28,62,809.59
2526,12,5998.36,499.86,30,273.59
2527,33,11176.1,338.67,88,1475.28
2528,31,19446.74,627.31,82,2010.98
2529,13,3717.39,285.95,32,0.0
2530,6,3500.99,583.5,12,1649.55
2531,13,8817.59,678.28,41,1670.71
2532,11,2260.12,205.47,14,4063.94
2533,8,1839.0,229.88,17,965.51
2534,8,1502.45,187.81,16,253.38
2535,8,7537.11,942.14,14,171.47
2536,14,7591.44,542.25,25,37.23
2537,22,5685.0,258.41,53,2011.34
2538,9,1833.68,203.74,10,640.12
2539,15,4003.47,266.9,31,0.0
2540,23,7517.7,326.86,51,418.01
2541,33,13110.87,397.3,66,0.0
2542,10,6882.24,688.22,20,0.0
2543,7,9054.58,1293.51,19,399.72
2544,10,1531.96,153.2,22,4027.98
2545,14,5732.34,409.45,28,6721.48
2546,14,9762.75,697.34,25,0.0
2547,6,4737.07,789.51,15,284.75
2548,7,1261.97,180.28,17,124.48
2549,10,19643.16,1964.32,28,72.54
2550,5,1234.9,246.98,19,46.62
2551,7,1168.55,166.94,18,4274.37
2552,4,222.5,55.62,7,29.11
2553,7,2439.91,348.56,16,626.18
2554,8,4188.19,523.52,14,3729.96
2555,10,2821.73,282.17,17,0.0
2556,13,9704.65,746.51,31,0.0
2557,24,5792.23,241.34,48,2745.05
2558,30,19976.77,665.89,92,731.33
2559,9,8563.15,951.46,26,372.78
2560,17,6689.7,393.51,40,0.0
2561,7,2453.95,350.56,16,0.0
2562,30,18487.36,616.25,69,2121.91
2563,25,7840.0,313.6,57,270.41
2564,18,3019.29,167.74,39,97.17
2565,19,5009.65,263.67,41,0.0
2566,8,4426.11,553.26,24,4.51
2567,10,4567.84,456.78,16,119.7
2568,5,1904.25,380.85,22,194.06
2569,5,3722.95,744.59,11,0.0
2570,18,6255.43,347.52,38,1147.53
2571,8,2720.34,340.04,17,56.99
2572,10,4520.03,452.0,24,130.33
2573,23,7041.25,306.14,58,3611.34
2574,17,3804.09,223.77,35,67.51
2575,8,2000.13,250.02,11,6333.04
2576,8,1788.62,223.58,11,28.28
2577,23,10614.4,461.5,55,860.75
2578,4,1100.94,275.24,12,0.0
2579,12,3937.64,328.14,25,311.29
2580,13,7466.24,574.33,27,0.0
2581,11,4055.77,368.71,21,276.4
2582,57,27088.2,475.23,129,4109.19
2583,13,7519.31,578.41,31,0.0
2584,12,1864.87,155.41,25,28.68
2585,8,7730.41,966.3,19,788.26
2586,59,19306.54,327.23,105,227.66
2587,27,10952.11,405.63,64,28.11
2588,10,4836.93,483.69,22,0.0
2589,19,9898.3,520.96,29,81.3
2590,6,1109.66,184.94,13,5651.48
2591,8,5459.28,682.41,17,3200.54
2592,10,1804.74,180.47,16,0.0
2593,15,1559.82,103.99,24,174.84
2594,3,2069.15,689.72,7,406.61
2595,25,7406.31,296.25,60,1293.35
2596,13,4122.36,317.1,30,47.48
2597,6,1702.37,283.73,14,0.0
2598,18,7189.66,399.43,43,169.6
2599,13,2472.33,190.18,18,0.0
2600,13,5082.92,390.99,27,33.19
2601,11,2591.13,235.56,26,0.0
2602,9,1252.59,139.18,23,1408.36
2603,9,5729.23,636.58,25,1228.68
2604,7,759.57,108.51,16,27.85
2605,6,1584.19,264.03,11,1539.12
2606,10,4628.74,462.87,30,0.0
2607,33,14930.32,452.43,85,612.26
2608,10,3243.6,324.36,29,4658.48
2609,22,4373.04,198.77,29,27.18
2610,12,9795.82,816.32,37,167.08
2611,8,1472.03,184.0,21,0.0
2612,10,7814.73,781.47,27,0.0
2613,8,2460.82,307.6,30,1291.21
2614,11,4042.81,367.53,25,8.57
2615,7,5712.72,816.1,11,933.7
2616,14,14024.82,1001.77,37,2463.54
2617,31,10154.9,327.58,68,196.28
2618,7,1481.19,211.6,14,0.0
2619,33,11403.41,345.56,73,198.08
2620,7,1439.66,205.67,12,1436.14
2621,7,4720.49,674.36,17,260.66
2622,10,3197.12,319.71,20,33.02
2623,31,8689.79,280.32,72,217.53
2624,19,8031.28,422.7,50,222.44
2625,46,21374.88,464.67,100,15958.9
2626,15,5387.3,359.15,33,441.98
2627,12,1913.01,159.42,24,0.0
2628,28,14718.98,525.68,55,1011.04
2629,57,20118.99,352.96,125,684.0
2630,17,10369.26,609.96,33,56.45
2631,21,18519.33,881.87,49,977.38
2632,30,8421.72,280.72,61,2036.09
2633,10,3758.85,375.88,21,517.81
2634,23,5257.14,228.57,57,1539.49
2635,45,18046.09,401.02,98,413.76
2636,21,3719.46,177.12,42,316.56
2637,6,5984.79,997.46,22,2856.38
2638,11,6318.89,574.44,24,0.0
2639,34,10803.41,317.75,69,411.93
2640,34,17433.81,512.76,79,250.5
2641,15,5539.9,369.33,38,2008.21
2642,17,6198.33,364.61,47,1013.79
2643,11,4116.43,374.22,18,346.47
2644,16,8195.76,512.24,40,0.0
2645,9,2993.07,332.56,16,0.0
2646,11,3357.87,305.26,29,467.78
2647,9,2916.6,324.07,17,25.65
2648,8,1447.48,180.94,14,0.0
2649,7,1359.07,194.15,15,21.55
2650,16,6281.12,392.57,33,1325.03
2651,7,1558.38,222.63,17,0.0
2652,18,8245.92,458.11,33,60.37
2653,5,639.74,127.95,9,1635.93
2654,27,8927.76,330.66,53,2587.5
2655,9,4278.9,475.43,23,1043.33
2656,10,9171.76,917.18,30,1361.88
2657,20,3737.07,186.85,38,19.66
2658,7,1561.43,223.06,13,26.55
2659,8,1285.42,160.68,15,379.21
2660,13,3461.35,266.26,22,141.47
2661,7,6954.77,993.54,28,519.96
2662,5,1490.23,298.05,12,1123.17
2663,11,3911.38,355.58,28,418.25
2664,17,5439.17,319.95,50,330.76
2665,10,1680.33,168.03,23,1787.4
2666,10,4442.35,444.24,26,450.84
2667,8,2299.9,287.49,12,0.0
2668,8,4727.11,590.89,16,0.0
2669,10,1373.45,137.34,17,0.0
2670,17,9664.88,568.52,39,1435.08
2671,17,7071.76,415.99,38,0.0
2672,9,5086.55,565.17,18,181.75
2673,10,3110.68,311.07,19,0.0
2674,10,3121.35,312.14,23,214.92
2675,23,2850.05,123.92,42,0.0
2676,10,7418.97,741.9,22,913.21
2677,28,6568.23,234.58,47,6347.8
2678,11,6049.19,549.93,27,2337.76
2679,14,4786.54,341.9,30,603.96
2680,8,4386.16,548.27,14,0.0
2681,34,10777.66,316.99,68,2002.69
2682,6,2889.25,481.54,9,111.33
2683,20,7062.45,353.12,50,1410.79
2684,35,11165.76,319.02,66,2902.84
2685,15,7495.11,499.67,37,100.04
2686,9,3359.61,373.29,21,0.0
2687,9,2297.46,255.27,15,1177.68
2688,7,1064.09,152.01,11,241.15
2689,34,15223.2,447.74,78,1003.52
2690,8,2372.83,296.6,17,965.7
2691,9,1633.13,181.46,21,12.91
2692,9,2985.45,331.72,21,2280.94
2693,45,13668.3,303.74,89,5302.03
2694,14,5094.75,363.91,29,282.76
2695,13,2718.42,209.11,29,0.0
2696,34,22735.23,668.68,83,231.8
2697,4,1617.71,404.43,11,120.85
2698,20,9332.51,466.63,43,114.79
2699,15,4277.78,285.19,38,0.0
2700,16,7981.75,498.86,42,29.72
2701,20,11625.34,581.27,43,4113.31
2702,50,33310.18,666.2,111,2615.16
2703,8,2796.62,349.58,17,0.0
2704,11,4184.61,380.42,22,0.0
2705,21,12196.57,580.79,42,5695.61
2706,11,3493.22,317.57,19,423.37
2707,6,2176.59,362.77,16,236.27
2708,8,5637.09,704.64,15,420.58
2709,28,14594.18,521.22,68,1841.12
2710,12,4539.93,378.33,23,0.0
2711,41,18422.77,449.34,91,1642.05
2712,8,5376.08,672.01,21,3002.97
2713,31,12502.91,403.32,74,1310.53
2714,11,4681.53,425.59,27,1455.55
2715,14,14174.15,1012.44,35,1009.94
2716,21,11131.97,530.09,45,753.83
2717,3,1548.6,516.2,13,67.64
2718,16,4734.04,295.88,30,2009.74
2719,17,13352.58,785.45,36,0.0
2720,7,7599.54,1085.65,20,1047.27
2721,8,3722.51,465.31,23,1988.48
2722,9,5375.1,597.23,20,114.45
2723,17,5247.06,308.65,40,0.0
2724,11,1797.7,163.43,32,0.0
2725,9,4153.86,461.54,25,34.8
2726,22,7204.35,327.47,41,1105.2
2727,16,3028.22,189.26,36,0.0
2728,43,13556.66,315.27,97,470.19
2729,52,22545.55,433.57,108,2308.73
2730,5,1608.67,321.73,12,1215.5
2731,9,1774.22,197.14,19,0.0
2732,8,1826.43,228.3,12,0.0
2733,11,7338.96,667.18,21,477.76
2734,10,1623.34,162.33,18,0.0
2735,32,8370.22,261.57,75,3862.89
2736,41,10607.67,258.72,77,971.61
2737,8,1722.35,215.29,11,37.51
2738,18,7268.47,403.8,42,717.81
2739,2,1541.38,770.69,14,617.36
2740,12,6521.98,543.5,29,0.0
2741,10,3338.65,333.86,40,49.44
2742,18,12291.54,682.86,34,1092.58
2743,11,5800.07,527.28,19,3647.2
2744,39,18073.86,463.43,80,199.84
2745,5,739.53,147.91,8,780.56
2746,20,10015.24,500.76,50,375.58
2747,33,17253.5,522.83,80,8.0
2748,7,2621.42,374.49,15,1139.81
2749,9,2379.65,264.41,20,0.0
2750,8,4100.62,512.58,20,0.0
2751,10,5206.91,520.69,22,39.04
2752,6,1100.59,183.43,7,141.16
2753,21,9578.96,456.14,45,874.82
2754,3,4914.3,1638.1,8,663.27
2755,9,1243.36,138.15,26,469.23
2756,25,13744.96,549.8,52,829.96
2757,7,6103.8,871.97,10,14.86
2758,25,14295.65,571.83,55,3417.25
2759,13,2789.05,214.54,30,1453.25
2760,4,6408.32,1602.08,19,257.99
2761,20,5837.24,291.86,35,1354.96
2762,13,8303.32,638.72,26,0.0
2763,41,22673.16,553.0,88,188.97
2764,7,7260.48,1037.21,15,160.69
2765,8,1861.15,232.64,19,1370.51
2766,11,7000.8,636.44,26,64.78
2767,10,2629.96,263.0,18,869.96
2768,19,2254.46,118.66,41,2777.62
2769,6,1358.59,226.43,12,169.16
2770,13,8373.06,644.08,33,123.73
2771,15,4042.91,269.53,43,375.04
2772,4,2478.74,619.68,7,3014.66
2773,8,3761.65,470.21,14,2905.57
2774,8,2382.89,297.86,15,884.13
2775,19,5656.88,297.73,38,3829.24
2776,5,525.59,105.12,5,498.87
2777,19,6135.0,322.89,27,1372.56
2778,7,8746.09,1249.44,12,1712.61
2779,3,230.51,76.84,5,0.0
2780,8,3443.56,430.45,14,148.66
2781,12,2977.95,248.16,26,0.0
2782,22,11968.77,544.04,48,5452.51
2783,9,2259.97,251.11,14,75.46
2784,46,19389.05,421.5,100,1658.31
2785,7,1901.46,271.64,19,2256.7
2786,6,908.04,151.34,10,308.16
2787,6,1505.6,250.93,6,268.11
2788,9,3228.01,358.67,20,339.72
2789,25,9221.07,368.84,46,403.52
2790,11,3694.68,335.88,27,119.44
2791,26,11767.94,452.61,50,593.6
2792,6,1597.78,266.3,22,156.0
2793,6,1202.44,200.41,12,438.31
2794,11,4804.13,436.74,24,595.97
2795,15,6082.37,405.49,33,0.0
2796,8,3405.9,425.74,13,1414.34
2797,36,19188.44,533.01,73,1518.85
2798,7,584.42,83.49,9,255.63
2799,3,828.57,276.19,4,1429.51
2800,24,7105.72,296.07,46,964.5
2801,17,8826.56,519.21,54,364.0
2802,30,6597.41,219.91,52,1524.14
2803,10,3302.05,330.21,22,860.27
2804,10,2016.86,201.69,21,2747.37
2805,6,902.28,150.38,11,22.95
2806,46,20696.61,449.93,99,2020.57
2807,7,2097.74,299.68,13,439.73
2808,22,9043.28,411.06,43,21833.84
2809,9,6076.24,675.14,16,0.0
2810,13,1735.63,133.51,34,870.23
2811,30,14553.57,485.12,65,0.0
2812,23,6774.97,294.56,45,702.2
2813,6,7050.32,1175.05,24,420.14
2814,8,5392.93,674.12,19,2242.36
2815,34,10413.22,306.27,50,5818.23
2816,23,14409.21,626.49,48,0.0
2817,17,4158.35,244.61,34,2180.18
2818,10,1327.24,132.72,20,0.0
2819,5,562.72,112.54,10,0.0
2820,7,1690.81,241.54,15,331.9
2821,9,10618.97,1179.89,25,332.8
2822,11,4361.38,396.49,20,88.08
2823,9,6393.82,710.42,20,372.18
2824,18,14664.57,814.7,33,5003.34
2825,10,2919.97,292.0,13,159.62
2826,20,12300.79,615.04,47,986.95
2827,8,2763.87,345.48,14,1066.7
2828,11,3111.61,282.87,23,188.81
2829,9,5708.33,634.26,18,705.79
2830,10,3410.22,341.02,20,1426.41
2831,22,13334.11,606.1,43,127.04
2832,7,2661.96,380.28,16,2179.52
2833,11,4685.78,425.98,23,1634.94
2834,6,621.44,103.57,6,0.0
2835,20,7101.12,355.06,38,282.42
2836,30,12797.51,426.58,56,1180.24
2837,13,7579.64,583.05,25,1071.08
2838,15,3412.11,227.47,32,180.12
2839,8,661.92,82.74,14,1267.87
2840,22,10589.6,481.35,42,2734.43
2841,8,3545.49,443.19,16,39.81
2842,7,1013.2,144.74,12,202.6
2843,22,5222.59,237.39,57,611.24
2844,7,1752.65,250.38,13,346.67
2845,28,14412.1,514.72,67,120.75
2846,12,1889.54,157.46,26,307.59
2847,27,12297.34,455.46,52,582.66
2848,10,3150.75,315.08,19,6099.24
2849,12,2699.52,224.96,33,0.0
2850,15,9297.09,619.81,37,756.7
2851,8,2200.82,275.1,21,37.34
2852,12,2547.59,212.3,27,1979.09
2853,16,5359.61,334.98,34,50.32
2854,4,1016.28,254.07,6,0.0
2855,19,13908.75,732.04,47,0.0
2856,5,8871.11,1774.22,10,78.78
2857,6,1461.54,243.59,13,838.81
2858,19,4512.65,237.51,47,18.96
2859,6,3215.83,535.97,9,55.42
2860,25,9370.46,374.82,56,190.65
2861,14,15232.23,1088.02,38,3885.93
2862,20,9281.75,464.09,50,1147.71
2863,13,4351.94,334.76,21,0.0
2864,11,3304.38,300.4,18,507.8
2865,22,11956.54,543.48,56,725.44
2866,14,5134.88,366.78,25,2197.61
2867,10,2376.72,237.67,33,2483.03
2868,6,1537.76,256.29,22,0.0
2869,18,1760.0,97.78,33,1119.74
2870,9,7834.09,870.45,27,422.66
2871,31,7264.72,234.35,55,56.56
2872,24,12776.71,532.36,51,389.45
2873,6,5395.84,899.31,17,70.27
2874,12,9253.61,771.13,19,395.44
2875,6,485.44,80.91,11,0.0
2876,9,5289.27,587.7,20,0.0
2877,11,4230.2,384.56,22,0.0
2878,22,6071.39,275.97,38,2728.11
2879,6,1022.91,170.48,9,597.18
2880,9,4657.85,517.54,18,139.25
2881,8,2541.57,317.7,16,138.78
2882,13,6286.33,483.56,37,9.58
2883,6,1967.8,327.97,11,181.44
2884,14,7889.87,563.56,25,100.58
2885,3,5523.81,1841.27,7,643.84
2886,4,2068.07,517.02,8,534.88
2887,17,4425.63,260.33,28,3960.97
2888,18,6498.34,361.02,38,661.8
2889,24,7762.88,323.45,51,0.0
2890,14,3513.73,250.98,23,648.19
2891,11,3938.14,358.01,24,1388.74
2892,8,2497.71,312.21,21,0.0
2893,51,20384.19,399.69,118,1891.26
2894,8,1726.35,215.79,16,0.0
2895,5,1174.35,234.87,13,112.67
2896,31,11427.75,368.64,66,576.46
2897,37,16415.4,443.66,71,1249.6
2898,9,3428.94,380.99,17,6.11
2899,7,4118.8,588.4,17,25.15
2900,8,1008.94,126.12,12,641.93
2901,7,666.32,95.19,10,0.0
2902,12,2997.77,249.81,20,0.0
2903,40,15652.54,391.31,78,6553.41
2904,7,15224.46,2174.92,20,569.8
2905,16,7088.73,443.05,30,66.17
2906,5,1531.54,306.31,22,178.04
2907,20,7223.68,361.18,52,205.7
2908,25,6852.87,274.11,58,169.32
2909,14,1070.45,76.46,26,79.65
2910,24,4655.87,193.99,46,0.0
2911,14,4678.81,334.2,31,0.0
2912,22,6840.3,310.92,44,1167.9
2913,10,2087.16,208.72,12,175.45
2914,42,20431.76,486.47,78,6116.88
2915,7,3285.98,469.43,17,540.8
2916,13,7181.6,552.43,34,912.05
2917,15,17707.73,1180.52,39,0.0
2918,10,3204.79,320.48,19,2009.72
2919,15,6721.84,448.12,47,163.93
2920,6,1417.04,236.17,10,182.22
2921,9,2156.93,239.66,15,459.5
2922,34,26180.16,770.0,80,2796.59
2923,29,8149.28,281.01,53,700.04
2924,7,5145.4,735.06,19,0.0
2925,37,19421.83,524.91,58,6967.52
2926,8,1726.31,215.79,15,0.0
2927,2,1170.34,585.17,2,0.0
2928,23,15876.7,690.29,47,2236.27
2929,20,10773.97,538.7,50,927.07
2930,12,4817.43,401.45,36,2658.31
2931,6,1045.53,174.26,12,366.23
2932,9,4508.17,500.91,20,1009.37
2933,10,2342.36,234.24,19,101.17
2934,43,18706.79,435.04,94,5031.13
2935,10,679.49,67.95,17,584.65
2936,7,1757.61,251.09,17,456.3
2937,13,3485.45,268.11,29,0.0
2938,15,3065.12,204.34,27,199.2
2939,5,1275.58,255.12,8,1306.69
2940,17,8868.07,521.65,36,5442.66
2941,12,6710.84,559.24,17,1918.7
2942,7,2261.28,323.04,8,0.0
2943,9,1637.67,181.96,14,173.18
2944,8,2618.69,327.34,17,311.66
2945,12,8298.75,691.56,25,3462.89
2946,26,4555.72,175.22,50,0.0
2947,17,10436.34,613.9,31,0.0
2948,5,268.71,53.74,8,0.0
2949,9,15056.62,1672.96,29,156.43
2950,22,10192.1,463.28,52,887.2
2951,40,11514.23,287.86,94,1348.23
2952,7,885.52,126.5,10,246.31
2953,7,1956.59,279.51,20,336.61
2954,10,6790.74,679.07,33,207.91
2955,49,14392.96,293.73,103,883.65
2956,14,2642.28,188.73,30,779.68
2957,16,4273.53,267.1,21,298.01
2958,25,7881.14,315.25,45,3188.91
2959,10,5613.78,561.38,30,2065.44
2960,19,3501.71,184.3,38,2268.41
2961,8,1745.7,218.21,16,24.46
2962,38,19802.13,521.11,77,482.16
2963,7,1833.56,261.94,20,3.28
2964,27,9636.83,356.92,63,1213.88
2965,5,639.12,127.82,17,32.32
2966,21,11375.2,541.68,65,135.78
2967,23,13198.27,573.84,52,1529.32
2968,20,7332.38,366.62,39,5.64
2969,12,3999.64,333.3,22,58.22
2970,5,7006.27,1401.25,14,1080.53
2971,34,12475.31,366.92,88,824.76
2972,15,4605.73,307.05,29,1605.47
2973,9,6099.49,677.72,16,2049.15
2974,25,11878.02,475.12,50,13818.94
2975,33,10768.19,326.31,68,646.31
2976,26,15222.31,585.47,52,2229.71
2977,20,7205.86,360.29,43,0.0
2978,53,21395.97,403.7,98,454.83
2979,28,12943.63,462.27,59,345.38
2980,11,6335.25,575.93,28,137.89
2981,35,16086.96,459.63,81,2067.2
2982,5,1669.48,333.9,8,0.0
2983,29,11439.73,394.47,64,278.58
2984,10,5232.7,523.27,22,1567.32
2985,22,13395.55,608.89,53,654.73
2986,12,3607.23,300.6,32,0.0
2987,12,5186.0,432.17,34,0.0
2988,12,3036.67,253.06,22,0.0
2989,19,12438.98,654.68,59,136.3
2990,22,5728.44,260.38,53,7661.94
2991,16,8880.35,555.02,35,60.1
2992,5,3903.39,780.68,21,2236.87
2993,14,5399.58,385.68,36,505.33
2994,6,4477.24,746.21,25,341.22
2995,11,2586.69,235.15,21,21.6
2996,3,130.97,43.66,3,302.01
2997,11,5053.68,459.43,19,465.71
2998,11,4624.71,420.43,19,419.64
2999,21,10635.94,506.47,50,258.54
3000,9,4377.88,486.43,25,60.45
3001,4,4858.84,1214.71,9,684.3
3002,21,8139.01,387.57,49,344.54
3003,48,29882.42,622.55,121,3455.01
3004,4,1268.7,317.18,13,0.0
3005,36,14936.45,414.9,70,0.0
3006,20,7564.07,378.2,47,842.01
3007,24,9322.53,388.44,42,574.33
3008,7,2164.38,309.2,14,35.51
3009,6,570.56,95.09,10,610.91
3010,6,4107.97,684.66,20,0.0
3011,19,4638.31,244.12,51,0.0
3012,20,12431.35,621.57,49,273.89
3013,10,1973.32,197.33,16,0.0
3014,8,6304.62,788.08,18,0.0
3015,7,1500.3,214.33,10,768.57
3016,16,10299.09,643.69,38,0.0
3017,36,32121.23,892.26,92,2427.92
3018,8,3333.99,416.75,20,3850.62
3019,14,3345.94,239.0,24,3431.95
3020,7,3845.94,549.42,16,5868.87
3021,22,7609.18,345.87,46,1248.12
3022,35,12244.03,349.83,67,7817.81
3023,7,667.27,95.32,28,306.82
3024,12,4467.05,372.25,31,1420.31
3025,24,6723.44,280.14,53,678.17
3026,32,17230.27,538.45,70,2057.83
3027,9,3781.74,420.19,21,170.33
3028,9,1401.39,155.71,21,136.88
3029,10,3830.01,383.0,22,3097.97
3030,12,2426.58,202.22,28,762.06
3031,10,4232.09,423.21,27,373.5
3032,45,13577.5,301.72,85,826.92
3033,10,2102.19,210.22,16,163.62
3034,23,16750.03,728.26,46,4055.33
3035,11,10914.39,992.22,25,69.75
3036,8,3672.72,459.09,14,161.98
3037,11,3678.99,334.45,15,673.12
3038,11,4299.73,390.88,32,1679.14
3039,23,12486.62,542.9,46,1423.56
3040,12,7466.93,622.24,25,275.51
3041,5,755.74,151.15,9,26.15
3042,25,7322.16,292.89,47,2309.6
3043,25,16056.92,642.28,58,0.0
3044,1,40.18,40.18,1,878.07
3045,13,3576.27,275.1,27,6678.68
3046,5,454.29,90.86,9,539.15
3047,9,2204.78,244.98,15,536.6
3048,13,9905.41,761.95,31,1059.67
3049,16,7236.59,452.29,53,135.54
3050,9,2035.16,226.13,17,137.22
3051,33,13226.3,400.8,91,667.91
3052,10,5717.14,571.71,21,237.24
3053,50,19779.58,395.59,108,4958.32
3054,9,3745.39,416.15,17,283.35
3055,3,63.06,21.02,3,318.82
3056,11,2684.96,244.09,17,59.97
3057,13,2935.23,225.79,19,805.81
3058,4,373.86,93.46,5,561.52
3059,31,16194.85,522.41,60,0.0
3060,29,10046.55,346.43,60,50.04
3061,14,4031.6,287.97,25,3729.56
3062,11,2231.42,202.86,19,985.59
3063,20,12886.47,644.32,47,499.81
3064,14,2488.29,177.74,25,0.0
3065,16,2977.68,186.1,33,849.02
3066,12,2902.15,241.85,21,1364.95
3067,14,2900.33,207.17,38,0.0
3068,13,5144.95,395.77,22,82.34
3069,30,14924.76,497.49,74,2701.5
3070,6,749.27,124.88,10,0.0
3071,10,1645.99,164.6,13,55.14
3072,44,18061.68,410.49,110,248.53
3073,10,3812.21,381.22,31,103.39
3074,7,3373.97,482.0,16,185.15
3075,7,5350.13,764.3,17,2876.54
3076,23,15415.83,670.25,42,463.66
3077,5,697.58,139.52,9,0.0
3078,5,5589.2,1117.84,11,617.09
3079,10,3811.45,381.15,19,0.0
3080,34,10613.46,312.16,73,5712.73
3081,26,12125.14,466.35,52,1441.1
3082,15,12961.8,864.12,42,7207.72
3083,24,14863.85,619.33,50,3711.63
3084,1,76.1,76.1,2,767.06
3085,62,30047.64,484.64,139,122.99
3086,8,1917.71,239.71,26,3649.28
3087,7,2219.53,317.08,8,0.0
3088,23,9577.44,416.41,52,5888.96
3089,9,3087.22,343.02,15,0.0
3090,13,5900.42,453.88,26,818.98
3091,15,4253.85,283.59,31,25.58
3092,18,12971.33,720.63,44,1106.79
3093,10,1121.75,112.18,17,1053.6
3094,15,5825.25,388.35,26,504.6
3095,6,1731.53,288.59,8,0.0
3096,10,6664.61,666.46,23,195.58
3097,14,2732.6,195.19,28,0.0
3098,15,5134.46,342.3,32,174.84
3099,16,18675.02,1167.19,50,1800.23
3100,9,4338.19,482.02,17,0.0
3101,3,497.39,165.8,6,1331.2
3102,17,4369.43,257.03,34,394.29
3103,7,2356.99,336.71,20,1489.67
3104,10,1741.24,174.12,22,227.83
3105,12,5167.55,430.63,34,297.77
3106,14,3878.18,277.01,30,1733.76
3107,8,656.4,82.05,15,870.22
3108,9,7820.89,868.99,34,144.48
3109,13,3570.97,274.69,30,3750.22
3110,27,6526.95,241.74,48,333.12
3111,21,15253.23,726.34,38,627.76
3112,20,2977.18,148.86,52,8114.9
3113,15,7009.5,467.3,33,529.88
3114,8,3845.21,480.65,16,4948.1
3115,10,1975.15,197.52,16,188.01
3116,11,8572.92,779.36,22,0.0
3117,10,3715.96,371.6,18,4.11
3118,6,769.92,128.32,13,0.0
3119,11,7258.49,659.86,28,1409.84
3120,13,11996.94,922.84,43,106.73
3121,23,5838.0,253.83,46,1487.31
3122,6,662.25,110.38,10,1078.22
3123,11,5144.89,467.72,24,54.88
3124,7,2732.43,390.35,13,3899.49
3125,10,3220.89,322.09,27,57.66
3126,10,1396.74,139.67,22,137.84
3127,9,6107.44,678.6,19,100.37
3128,6,721.46,120.24,11,142.47
3129,39,13831.16,354.65,79,1282.81
3130,7,3799.85,542.84,14,260.29
3131,12,1629.35,135.78,20,837.48
3132,10,3445.85,344.58,23,0.0
3133,8,4586.89,573.36,20,1173.61
3134,14,2303.21,164.52,25,1746.92
3135,54,25881.79,479.29,123,241.06
3136,4,971.51,242.88,8,0.0
3137,11,2933.58,266.69,22,45.1
3138,52,12839.67,246.92,103,2997.01
3139,7,2525.33,360.76,24,1610.24
3140,12,9298.84,774.9,32,0.0
3141,15,4395.05,293.0,29,23.86
3142,12,1914.32,159.53,23,20.07
3143,51,31209.67,611.95,129,41.17
3144,9,3392.26,376.92,15,0.0
3145,6,3109.56,518.26,12,474.11
3146,6,975.26,162.54,10,0.0
3147,33,24029.77,728.17,80,5514.51
3148,31,17931.95,578.45,70,2385.28
3149,21,10875.37,517.87,53,533.97
3150,32,14594.24,456.07,62,507.64
3151,22,7304.51,332.02,53,23.05
3152,4,3166.39,791.6,11,75.08
3153,7,2767.93,395.42,13,0.0
3154,7,948.84,135.55,12,188.54
3155,5,3293.98,658.8,11,0.0
3156,15,7534.48,502.3,24,0.0
3157,19,3282.3,172.75,41,1342.95
3158,9,5811.51,645.72,20,831.51
3159,38,9967.38,262.3,82,3633.47
3160,5,3011.43,602.29,12,405.4
3161,16,7540.03,471.25,39,391.86
3162,16,14127.56,882.97,31,3631.84
3163,51,20860.36,409.03,113,832.87
3164,17,4997.25,293.96,45,145.78
3165,10,1702.12,170.21,24,176.99
3166,6,1732.1,288.68,18,0.0
3167,33,17141.32,519.43,64,10249.73
3168,20,9970.95,498.55,36,5.58
3169,33,23822.17,721.88,95,2176.56
3170,18,4770.47,265.03,38,1529.6
3171,12,3042.07,253.51,26,851.06
3172,7,600.2,85.74,10,2106.35
3173,20,7032.97,351.65,51,1997.19
3174,21,6838.11,325.62,49,280.59
3175,10,1952.06,195.21,17,652.73
3176,9,1290.07,143.34,14,2058.33
3177,11,4832.66,439.33,20,0.0
3178,6,4727.15,787.86,13,89.04
3179,24,9240.95,385.04,46,53.56
3180,20,12546.35,627.32,44,6312.97
3181,7,3035.25,433.61,15,70.22
3182,8,4574.03,571.75,16,7.02
3183,6,5688.51,948.08,18,0.0
3184,26,19119.64,735.37,74,318.25
3185,24,9668.02,402.83,42,1513.85
3186,10,1546.22,154.62,31,12.63
3187,7,2966.57,423.8,11,3.36
3188,19,11026.18,580.33,40,83.65
3189,10,6620.84,662.08,30,1677.5
3190,26,10790.17,415.01,69,273.36
3191,26,10476.2,402.93,60,736.61
3192,10,1271.97,127.2,17,1238.54
3193,9,3768.7,418.74,17,1018.91
3194,4,622.92,155.73,5,1111.77
3195,10,4064.44,406.44,18,0.0
3196,8,4066.42,508.3,21,138.91
3197,5,1714.6,342.92,7,182.95
3198,2,44.5,22.25,3,460.87
3199,23,11643.77,506.25,48,432.3
3200,7,6576.89,939.56,17,6660.84
3201,20,11032.88,551.64,43,862.26
3202,6,365.75,60.96,13,10.66
3203,4,323.21,80.8,6,0.0
3204,7,1791.3,255.9,19,1252.48
3205,9,2502.48,278.05,11,6611.09
3206,7,1722.87,246.12,13,1973.61
3207,35,10927.59,312.22,79,4249.61
3208,35,14985.94,428.17,67,5.83
3209,8,4251.56,531.45,25,565.6
3210,15,8763.77,584.25,27,8.53
3211,11,1699.82,154.53,20,0.0
3212,17,5361.41,315.38,38,3527.1
3213,12,4507.76,375.65,29,15.84
3214,8,4558.23,569.78,23,31.76
3215,30,12329.91,411.0,57,364.08
3216,31,16239.49,523.85,66,803.63
3217,18,3597.43,199.86,36,92.48
3218,6,9231.0,1538.5,17,0.0
3219,8,1593.8,199.22,16,703.4
3220,8,694.24,86.78,12,0.0
3221,11,4467.15,406.1,23,1269.97
3222,15,3703.85,246.92,26,106.52
3223,11,11187.3,1017.03,28,0.0
3224,24,12141.62,505.9,58,695.63
3225,11,4810.46,437.31,18,0.0
3226,15,9555.63,637.04,27,145.31
3227,9,7470.4,830.04,35,484.59
3228,9,6052.95,672.55,19,0.0
3229,10,3528.78,352.88,18,48.96
3230,14,6597.83,471.27,35,23.25
3231,14,2578.63,184.19,24,361.13
3232,10,2170.89,217.09,21,0.0
3233,17,10523.5,619.03,38,13.76
3234,13,3314.85,254.99,31,850.51
3235,12,20791.15,1732.6,29,2955.52
3236,23,8834.04,384.09,71,4788.6
3237,15,2445.99,163.07,30,823.62
3238,12,1441.59,120.13,20,933.88
3239,7,3475.0,496.43,17,3016.26
3240,5,1308.54,261.71,20,471.05
3241,9,6799.11,755.46,29,368.99
3242,6,1143.03,190.5,11,0.0
3243,10,11508.44,1150.84,31,1108.44
3244,8,670.89,83.86,10,267.47
3245,6,802.45,133.74,8,577.86
3246,20,3324.66,166.23,40,1902.3
3247,15,8632.64,575.51,38,0.0
3248,14,6150.24,439.3,26,2657.23
3249,36,10061.51,279.49,78,479.91
3250,6,1416.8,236.13,9,0.0
3251,9,4133.54,459.28,16,0.0
3252,8,1020.21,127.53,14,377.98
3253,7,2582.71,368.96,16,3765.73
3254,6,2143.66,357.28,20,29.3
3255,33,6866.02,208.06,61,231.17
3256,5,1769.47,353.89,12,117.01
3257,4,399.59,99.9,7,0.0
3258,5,2541.79,508.36,8,0.0
3259,5,2613.74,522.75,13,326.2
3260,15,3700.75,246.72,28,1747.52
3261,13,6421.67,493.97,20,1064.54
3262,20,2794.19,139.71,36,97.6
3263,14,6925.45,494.68,25,183.72
3264,10,1251.43,125.14,19,0.0
3265,8,3271.88,408.98,16,283.02
3266,17,5376.73,316.28,28,2330.61
3267,2,80.03,40.02,6,1754.38
3268,9,6672.67,741.41,15,276.44
3269,10,2833.11,283.31,17,612.3
3270,25,22684.99,907.4,51,0.0
3271,15,2647.14,176.48,27,0.0
3272,51,27027.03,529.94,125,1930.72
3273,6,2939.37,489.9,10,1.62
3274,13,3943.13,303.32,26,530.27
3275,13,4904.07,377.24,23,0.0
3276,6,1936.78,322.8,12,357.8
3277,3,667.76,222.59,16,1343.66
3278,17,4040.14,237.66,49,0.0
3279,8,1145.9,143.24,12,0.0
3280,9,1793.26,199.25,20,1826.51
3281,6,857.07,142.84,16,337.1
3282,8,3838.67,479.83,14,268.48
3283,22,7009.01,318.59,63,183.98
3284,9,3670.88,407.88,17,0.0
3285,22,4171.8,189.63,44,1255.46
3286,6,1092.23,182.04,8,0.0
3287,3,4192.91,1397.64,9,661.3
3288,28,13347.41,476.69,62,395.08
3289,7,572.94,81.85,16,261.31
3290,23,13517.52,587.72,46,4306.86
3291,14,4544.52,324.61,40,64.72
3292,9,4825.65,536.18,16,1956.7
3293,22,6353.35,288.79,39,211.28
3294,12,1497.01,124.75,19,0.0
3295,49,10458.21,213.43,85,438.34
3296,16,4241.99,265.12,54,544.77
3297,8,970.69,121.34,19,3726.3
3298,7,7173.41,1024.77,17,229.88
3299,30,12433.01,414.43,65,63.6
3300,18,5204.28,289.13,33,181.58
3301,14,5746.2,410.44,24,1779.63
3302,11,2877.3,261.57,17,297.64
3303,12,2076.26,173.02,23,2498.27
3304,14,3578.35,255.6,24,0.0
3305,15,8151.88,543.46,27,67.31
3306,3,2444.62,814.87,8,509.99
3307,18,7804.08,433.56,39,722.05
3308,9,11262.15,1251.35,17,3936.36
3309,5,436.37,87.27,5,157.35
3310,15,6150.33,410.02,37,431.89
3311,7,1414.97,202.14,14,0.0
3312,6,3706.24,617.71,14,2417.92
3313,18,5410.96,300.61,34,5618.22
3314,11,5728.26,520.75,26,1407.48
3315,5,7381.41,1476.28,10,0.0
3316,10,2244.29,224.43,23,2459.91
3317,10,4172.54,417.25,14,14199.53
3318,26,7236.4,278.32,51,3084.49
3319,10,3284.93,328.49,22,4357.08
3320,8,3888.13,486.02,18,400.66
3321,35,17286.38,493.9,86,313.0
3322,9,967.68,107.52,15,2650.78
3323,31,14181.32,457.46,70,3501.02
3324,11,4672.79,424.8,29,80.02
3325,9,4718.72,524.3,18,65.14
3326,14,8819.05,629.93,31,370.53
3327,9,3587.99,398.67,26,185.85
3328,22,9090.47,413.2,42,358.08
3329,9,2305.73,256.19,32,816.95
3330,13,4982.82,383.29,20,0.0
3331,8,1056.72,132.09,15,0.0
3332,18,25007.49,1389.3,49,1450.37
3333,11,3870.02,351.82,21,1540.9
3334,39,13692.46,351.09,86,825.57
3335,13,6707.24,515.94,38,1009.82
3336,9,2789.32,309.92,12,13.47
3337,7,853.02,121.86,9,69.15
3338,13,2659.0,204.54,20,186.76
3339,27,27745.3,1027.6,82,375.0
3340,6,1288.13,214.69,19,271.56
3341,13,8235.69,633.51,31,218.64
3342,18,5428.03,301.56,31,0.0
3343,11,3759.91,341.81,22,19.47
3344,16,9025.4,564.09,32,559.41
3345,15,8877.58,591.84,28,1039.82
3346,6,932.73,155.45,8,32.32
3347,11,4653.43,423.04,20,1210.6
3348,16,5523.98,345.25,26,116.46
3349,7,1340.18,191.45,12,1604.75
3350,16,9283.91,580.24,35,7134.77
3351,8,2194.72,274.34,18,0.0
3352,19,9056.84,476.68,46,601.75
3353,16,4898.66,306.17,36,127.01
3354,7,4527.43,646.78,16,0.0
3355,7,3157.09,451.01,28,361.38
3356,7,1374.93,196.42,16,586.93
3357,11,1382.38,125.67,20,1138.03
3358,9,3163.0,351.44,24,0.0
3359,10,3640.13,364.01,20,0.0
3360,2,176.69,88.34,8,1063.12
3361,16,6167.72,385.48,35,63.47
3362,11,4084.1,371.28,29,2568.25
3363,6,2596.64,432.77,14,0.0
3364,14,2769.05,197.79,33,994.68
3365,5,754.35,150.87,10,0.0
3366,5,1488.33,297.67,11,12.74
3367,52,26120.79,502.32,112,1612.25
3368,16,9913.32,619.58,43,16.18
3369,8,2417.11,302.14,12,28.63
3370,8,9119.94,1139.99,19,253.07
3371,19,12509.21,658.38,38,0.0
3372,10,6148.44,614.84,27,276.25
3373,32,14750.73,460.96,84,4803.17
3374,10,3529.93,352.99,19,1386.84
3375,14,6925.97,494.71,34,42.12
3376,5,3175.34,635.07,19,200.24
3377,18,20919.61,1162.2,40,48.1
3378,4,2623.61,655.9,6,0.0
3379,28,16250.56,580.38,87,0.0
3380,33,12170.47,368.8,57,1612.62
3381,6,14080.74,2346.79,22,534.83
3382,8,2587.33,323.42,13,2404.96
3383,8,1176.22,147.03,17,4891.74
3384,20,13724.13,686.21,55,121.94
3385,17,5652.44,332.5,34,2215.71
3386,5,1925.39,385.08,7,1284.21
3387,61,27524.98,451.23,142,1559.11
3388,10,1975.78,197.58,12,2745.09
3389,20,6398.47,319.92,42,218.85
3390,24,12329.8,513.74,44,1734.43
3391,12,4117.9,343.16,24,53.07
3392,7,2062.11,294.59,10,485.08
3393,12,3392.2,282.68,21,0.0
3394,26,8427.71,324.14,45,111.27
3395,10,6490.49,649.05,23,27.15
3396,17,5711.52,335.97,38,276.45
3397,7,4291.14,613.02,15,1288.23
3398,5,735.52,147.1,8,0.0
3399,17,4550.88,267.7,33,6861.29
3400,8,1611.66,201.46,14,207.36
3401,19,8862.8,466.46,34,122.23
3402,12,6442.56,536.88,23,943.0
3403,7,5091.5,727.36,16,117.66
3404,8,3288.33,411.04,16,0.0
3405,7,3220.24,460.03,11,340.15
3406,15,4945.01,329.67,23,2534.66
3407,5,3365.24,673.05,11,0.0
3408,8,1038.72,129.84,16,1498.11
3409,6,3740.92,623.49,17,3283.5
3410,21,8405.0,400.24,46,66.75
3411,33,17279.64,523.63,67,3350.58
3412,11,4203.64,382.15,26,2247.41
3413,41,12931.33,315.4,90,12343.12
3414,6,1677.72,279.62,10,82.94
3415,2,95.75,47.88,3,156.93
3416,9,3486.85,387.43,25,0.0
3417,12,1799.62,149.97,28,0.0
3418,9,1091.51,121.28,20,641.14
3419,20,5466.67,273.33,37,763.78
3420,7,3555.22,507.89,16,225.89
3421,30,14240.43,474.68,73,3853.5
3422,9,3612.28,401.36,23,0.0
3423,12,3838.71,319.89,32,843.76
3424,8,3776.11,472.01,25,1356.87
3425,16,5413.61,338.35,32,54.94
3426,11,3276.75,297.89,29,348.32
3427,33,14115.28,427.74,83,634.86
3428,22,8079.83,367.26,42,2111.8
3429,13,2703.2,207.94,27,44.37
3430,14,6374.13,455.3,35,0.0
3431,8,1380.04,172.5,16,263.47
3432,22,9683.05,440.14,46,1320.78
3433,11,3530.4,320.95,17,0.0
3434,19,11092.35,583.81,45,59.31
3435,33,17101.88,518.24,76,186.68
3436,20,12327.02,616.35,46,1429.53
3437,10,2362.0,236.2,30,0.0
3438,24,6356.69,264.86,48,3602.5
3439,6,1724.28,287.38,11,2278.72
3440,8,2400.94,300.12,15,39.4
3441,42,16629.66,395.94,99,547.5
3442,5,15059.28,3011.86,22,2388.81
3443,15,3987.37,265.82,31,0.0
3444,15,2441.72,162.78,27,5510.19
3445,24,6945.38,289.39,53,407.22
3446,5,179.38,35.88,12,4495.98
3447,8,3575.52,446.94,12,0.0
3448,5,436.09,87.22,11,31.91
3449,8,9522.48,1190.31,20,0.0
3450,5,551.97,110.39,9,686.58
3451,6,3444.85,574.14,13,4031.81
3452,38,12325.98,324.37,73,141.3
3453,24,8751.36,364.64,52,5.84
3454,28,13344.78,476.6,63,3318.62
3455,35,17299.1,494.26,95,2089.55
3456,35,14821.76,423.48,72,319.88
3457,26,5575.46,214.44,46,0.0
3458,6,630.95,105.16,6,116.25
3459,30,8064.62,268.82,61,61.08
3460,8,1651.9,206.49,15,0.0
3461,11,1786.7,162.43,23,0.0
3462,11,3480.88,316.44,23,0.0
3463,10,916.67,91.67,22,558.22
3464,6,2423.93,403.99,12,1954.26
3465,18,5055.71,280.87,31,2401.4
3466,9,2008.95,223.22,14,78.1
3467,11,2550.76,231.89,19,562.29
3468,12,4730.54,394.21,22,827.63
3469,21,13767.66,655.6,53,2991.41
3470,7,1893.47,270.5,16,291.69
3471,8,5976.42,747.05,16,68.78
3472,16,7609.39,475.59,30,3708.61
3473,31,8169.84,263.54,80,2477.87
3474,9,6602.39,733.6,19,513.56
3475,17,8269.66,486.45,34,0.0
3476,11,3479.59,316.33,32,89.64
3477,24,7885.03,328.54,55,1186.5
3478,14,4137.05,295.5,35,2910.92
3479,17,8818.17,518.72,31,1120.18
3480,15,2648.27,176.55,24,0.0
3481,25,8319.43,332.78,45,586.92
3482,8,2218.82,277.35,23,331.12
3483,7,894.89,127.84,12,745.26
3484,16,1656.1,103.51,29,0.0
3485,17,11649.76,685.28,44,118.49
3486,14,6170.1,440.72,34,0.0
3487,22,15281.72,694.62,44,328.79
3488,14,6339.23,452.8,31,0.0
3489,11,4144.53,376.78,22,865.36
3490,7,15922.25,2274.61,26,5.66
3491,9,2625.53,291.73,22,0.0
3492,31,22849.28,737.07,87,1380.5
3493,12,2511.68,209.31,24,1387.81
3494,21,7704.27,366.87,36,338.26
3495,17,6240.26,367.07,28,93.18
3496,8,1978.27,247.28,15,1323.39
3497,8,1366.18,170.77,17,1332.69
3498,19,9484.2,499.17,37,448.42
3499,20,7236.29,361.81,59,447.51
3500,18,6683.53,371.31,36,518.33
3501,8,3353.1,419.14,18,16.03
3502,8,1503.91,187.99,18,145.38
3503,16,5276.24,329.76,31,2763.68
3504,7,1207.71,172.53,11,2543.89
3505,19,4995.73,262.93,38,1047.58
3506,23,10582.14,460.09,48,137.24
3507,21,8604.67,409.75,46,129.22
3508,9,5189.05,576.56,21,0.0
3509,7,4364.32,623.47,13,2576.04
3510,58,33353.69,575.06,122,1592.7
3511,14,2093.52,149.54,24,66.18
3512,6,2297.18,382.86,9,227.64
3513,64,35523.81,555.06,139,202.57
3514,5,5074.16,1014.83,10,86.82
3515,11,4178.24,379.84,26,483.75
3516,20,6268.19,313.41,46,662.53
3517,28,5758.71,205.67,53,102.11
3518,43,15578.95,362.3,81,1754.86
3519,14,9408.73,672.05,29,271.62
3520,11,3862.35,351.12,29,325.25
3521,8,1621.31,202.66,18,0.0
3522,6,2009.25,334.88,10,23.67
3523,20,7872.88,393.64,40,375.07
3524,8,1410.4,176.3,18,423.29
3525,11,3945.75,358.7,23,1169.34
3526,11,2983.03,271.18,22,316.81
3527,6,2110.35,351.72,18,1670.07
3528,9,3550.31,394.48,17,628.36
3529,18,4606.66,255.93,32,908.26
3530,9,3610.13,401.13,14,768.9
3531,43,22016.9,512.02,113,1763.05
3532,33,24203.97,733.45,72,857.38
3533,11,3550.55,322.78,19,2657.45
3534,23,6477.71,281.64,54,151.94
3535,6,2612.55,435.42,16,4754.51
3536,9,1756.16,195.13,22,926.97
3537,6,3228.84,538.14,16,420.72
3538,29,9572.91,330.1,60,3181.83
3539,17,14285.49,840.32,41,666.5
3540,1,656.94,656.94,3,1151.82
3541,16,12373.24,773.33,29,418.57
3542,22,5577.74,253.53,51,441.46
3543,9,1977.21,219.69,20,756.59
3544,4,1386.54,346.64,15,108.41
3545,32,10311.04,322.22,76,755.73
3546,13,4721.35,363.18,37,193.9
3547,13,11250.35,865.41,35,0.0
3548,27,10084.9,373.51,69,2786.22
3549,11,6848.46,622.59,29,0.0
3550,16,3936.98,246.06,27,466.01
3551,15,4305.05,287.0,37,113.08
3552,14,4202.3,300.16,35,0.0
3553,5,1969.42,393.88,6,1314.99
3554,12,7784.29,648.69,31,666.54
3555,31,21681.68,699.41,67,282.43
3556,34,20075.79,590.46,81,1938.89
3557,20,5829.41,291.47,39,131.46
3558,5,1243.23,248.65,6,420.33
3559,11,2416.36,219.67,23,1013.3
3560,12,2906.84,242.24,24,0.0
3561,7,1238.59,176.94,15,2599.23
3562,22,9278.12,421.73,43,0.0
3563,11,3612.26,328.39,22,58.99
3564,7,1017.41,145.34,17,63.88
3565,12,857.02,71.42,20,551.6
3566,17,6549.82,385.28,34,111.33
3567,10,4986.55,498.66,21,778.35
3568,5,2511.03,502.21,11,549.78
3569,26,21121.2,812.35,78,1901.24
3570,7,2704.33,386.33,11,902.05
3571,23,12011.76,522.25,49,387.19
3572,11,1591.13,144.65,40,355.34
3573,10,9549.4,954.94,30,2329.4
3574,13,7820.86,601.6,32,224.6
3575,18,6183.98,343.55,39,0.0
3576,11,4562.62,414.78,28,20.12
3577,14,4209.91,300.71,25,74.59
3578,10,5419.77,541.98,22,353.56
3579,23,4384.01,190.61,49,3856.31
3580,12,1952.72,162.73,15,56.77
3581,10,2254.31,225.43,17,346.91
3582,20,8867.72,443.39,52,182.16
3583,16,8741.32,546.33,36,705.17
3584,50,18386.9,367.74,123,768.73
3585,12,2069.49,172.46,25,0.0
3586,10,793.27,79.33,15,0.0
3587,3,595.84,198.61,8,148.04
3588,6,1035.04,172.51,10,3315.6
3589,16,10674.22,667.14,38,1263.99
3590,14,2544.45,181.75,25,0.0
3591,8,1440.46,180.06,12,409.32
3592,7,3429.98,490.0,16,831.1
3593,9,611.46,67.94,12,49.47
3594,11,908.26,82.57,20,0.0
3595,6,626.19,104.36,10,181.17
3596,14,5936.77,424.06,31,184.68
3597,3,115.55,38.52,5,0.0
3598,14,15282.32,1091.59,40,0.0
3599,8,938.59,117.32,13,0.0
3600,5,2511.69,502.34,8,897.23
3601,29,13893.0,479.07,56,267.46
3602,10,5298.64,529.86,25,324.7
3603,10,11625.36,1162.54,29,748.66
3604,21,11599.31,552.35,45,130.69
3605,8,5552.17,694.02,26,245.93
3606,7,2358.83,336.98,15,113.48
3607,13,8926.57,686.66,24,434.33
3608,16,5128.87,320.55,49,1787.48
3609,54,27019.58,500.36,111,868.17
3610,20,13349.41,667.47,54,2422.67
3611,12,8178.67,681.56,26,943.26
3612,14,5199.92,371.42,26,0.0
3613,4,708.72,177.18,5,226.82
3614,22,8395.67,381.62,56,4962.79
3615,24,5811.42,242.14,58,1712.5
3616,7,3960.18,565.74,13,0.0
3617,9,1942.44,215.83,20,41.5
3618,11,6165.86,560.53,26,76.47
3619,7,1375.94,196.56,13,138.08
3620,19,6695.79,352.41,43,1070.75
3621,10,2015.16,201.52,26,3681.12
3622,40,12384.99,309.62,76,673.63
3623,12,10914.66,909.56,27,235.87
3624,13,4601.75,353.98,26,297.54
3625,9,4131.3,459.03,14,250.17
3626,10,1842.56,184.26,19,0.0
3627,11,19990.14,1817.29,30,2685.13
3628,7,3239.06,462.72,15,30.18
3629,12,1558.59,129.88,16,0.0
3630,21,6137.13,292.24,46,1385.57
3631,10,5576.64,557.66,24,339.58
3632,19,11089.22,583.64,32,184.89
3633,12,5901.37,491.78,23,545.0
3634,8,5162.48,645.31,14,2377.83
3635,16,3873.77,242.11,25,1646.82
3636,20,5760.8,288.04,37,256.02
3637,8,5347.28,668.41,17,1668.95
3638,34,13439.13,395.27,87,32.79
3639,25,12293.25,491.73,68,0.0
3640,53,33996.02,641.43,116,3525.42
3641,7,3836.8,548.11,18,3078.65
3642,7,862.48,123.21,16,130.1
3643,23,6922.71,300.99,43,0.0
3644,11,4942.7,449.34,20,475.63
3645,17,4197.15,246.89,25,1357.0
3646,10,2583.28,258.33,21,386.41
3647,9,1590.22,176.69,14,57.16
3648,26,9901.91,380.84,56,4688.14
3649,7,5029.88,718.55,19,4253.19
3650,3,886.42,295.47,15,1037.55
3651,14,6208.36,443.45,34,219.15
3652,20,8823.17,441.16,41,1724.15
3653,24,10591.25,441.3,62,1932.36
3654,9,1504.36,167.15,21,0.0
3655,11,10262.13,932.92,32,1454.06
3656,11,4707.93,427.99,21,898.55
3657,20,6754.35,337.72,36,470.52
3658,7,2606.99,372.43,11,112.32
3659,9,1541.23,171.25,17,2191.79
3660,10,4812.56,481.26,20,95.44
3661,11,2230.68,202.79,17,967.8
3662,6,552.04,92.01,14,6492.73
3663,9,5490.36,610.04,19,0.0
3664,20,9068.41,453.42,44,122.2
3665,12,2610.95,217.58,24,0.0
3666,13,3601.12,277.01,25,0.0
3667,3,3016.9,1005.63,8,41.5
3668,29,10930.93,376.93,62,0.0
3669,16,4022.96,251.44,33,2063.95
3670,8,1709.7,213.71,12,1481.43
3671,22,6602.39,300.11,41,321.54
3672,14,13220.68,944.33,32,0.0
3673,12,3670.74,305.9,21,563.67
3674,13,8569.2,659.17,45,2126.53
3675,48,19544.98,407.19,103,548.36
3676,6,537.21,89.54,9,102.62
3677,24,13281.44,553.39,66,583.02
3678,12,1976.29,164.69,22,473.22
3679,20,8127.25,406.36,43,1574.79
3680,13,1756.91,135.15,26,1192.0
3681,28,10462.61,373.66,46,2652.79
3682,11,2514.62,228.6,25,0.0
3683,3,2592.18,864.06,5,37.18
3684,10,5290.72,529.07,17,489.14
3685,31,8831.19,284.88,61,845.75
3686,8,2828.54,353.57,15,558.41
3687,8,1504.79,188.1,17,219.32
3688,16,2365.8,147.86,38,2375.11
3689,10,1210.34,121.03,18,0.0
3690,8,2644.59,330.57,16,0.0
3691,12,6972.69,581.06,27,0.0
3692,10,8534.39,853.44,24,564.15
3693,12,9764.6,813.72,34,560.74
3694,8,5491.67,686.46,23,1058.86
3695,9,2196.03,244.0,13,5002.04
3696,19,7668.07,403.58,37,1279.63
3697,10,1398.5,139.85,19,0.0
3698,15,3446.36,229.76,32,455.09
3699,5,1699.72,339.94,21,2559.82
3700,7,2960.25,422.89,21,0.0
3701,10,2396.77,239.68,22,167.29
3702,18,10950.78,608.38,35,12.08
3703,20,9306.97,465.35,42,72.02
3704,7,1237.7,176.81,12,460.9
3705,8,2817.84,352.23,17,0.0
3706,12,2105.99,175.5,20,2427.86
3707,7,2126.1,303.73,11,2872.5
3708,8,5093.06,636.63,21,717.86
3709,23,8964.07,389.74,47,933.41
3710,30,14339.91,478.0,63,39.9
3711,7,3586.94,512.42,12,196.1
3712,7,2872.98,410.43,19,0.0
3713,14,9573.11,683.79,26,0.0
3714,17,9497.95,558.7,38,107.31
3715,13,6312.11,485.55,25,60.22
3716,31,11176.1,360.52,63,2208.34
3717,12,3454.57,287.88,21,0.0
3718,4,383.82,95.96,4,3381.82
3719,9,2212.25,245.81,13,24.04
3720,6,2976.08,496.01,10,1377.9
3721,22,9142.36,415.56,46,6684.33
3722,14,6050.05,432.15,36,5242.47
3723,28,12339.0,440.68,73,3953.83
3724,15,4966.95,331.13,32,4049.17
3725,10,5823.25,582.33,21,56.0
3726,13,7200.82,553.91,25,719.57
3727,18,9484.32,526.91,39,1274.22
3728,9,6320.04,702.23,37,891.04
3729,10,8878.05,887.8,29,108.46
3730,12,3427.61,285.63,21,0.0
3731,32,9247.64,288.99,68,2998.94
3732,9,1634.06,181.56,12,69.03
3733,31,18531.18,597.78,67,2319.04
3734,26,14306.94,550.27,74,6714.5
3735,27,7073.62,261.99,60,4129.4
3736,11,2208.12,200.74,20,0.0
3737,11,3964.28,360.39,27,797.98
3738,15,6079.78,405.32,26,0.0
3739,12,5208.71,434.06,19,79.24
3740,11,10476.87,952.44,28,0.0
3741,14,5965.36,426.1,24,752.04
3742,7,7565.14,1080.73,14,137.31
3743,5,1589.75,317.95,14,279.41
3744,26,6159.93,236.92,56,7883.39
3745,13,3065.78,235.83,26,0.0
3746,23,9407.76,409.03,59,2165.28
3747,11,5096.98,463.36,17,1165.32
3748,12,4702.89,391.91,25,152.8
3749,12,4180.2,348.35,24,478.24
3750,16,6810.17,425.64,45,20.95
3751,12,4243.28,353.61,39,0.0
3752,25,6152.29,246.09,49,40.87
3753,34,13740.6,404.14,71,1006.46
3754,8,7403.37,925.42,21,617.09
3755,11,8205.08,745.92,27,515.09
3756,20,3409.03,170.45,39,650.29
3757,6,327.95,54.66,10,590.6
3758,9,2721.98,302.44,17,342.49
3759,8,883.49,110.44,18,886.05
3760,13,4046.77,311.29,29,0.0
3761,13,7241.04,557.0,28,0.0
3762,9,4199.3,466.59,29,0.0
3763,20,14994.59,749.73,48,3295.77
3764,10,1805.64,180.56,20,401.1
3765,7,1046.45,149.49,15,0.0
3766,9,3329.35,369.93,16,208.33
3767,12,2271.58,189.3,25,0.0
3768,28,10260.44,366.44,55,1771.01
3769,11,6605.81,600.53,24,1383.97
3770,35,8288.6,236.82,60,472.08
3771,10,3162.56,316.26,18,192.29
3772,13,2997.46,230.57,24,4463.57
3773,7,3101.3,443.04,22,210.62
3774,17,8950.08,526.48,35,21.41
3775,16,7233.47,452.09,34,0.0
3776,6,2085.63,347.6,8,0.0
3777,12,4525.66,377.14,24,0.0
3778,13,7795.2,599.63,25,219.73
3779,6,3696.03,616.0,27,0.0
3780,6,1345.28,224.21,9,860.16
3781,23,12273.49,533.63,45,257.3
3782,30,10227.55,340.92,53,898.2
3783,12,5364.11,447.01,21,157.47
3784,8,5287.21,660.9,20,24.72
3785,13,4098.47,315.27,27,290.82
3786,8,7555.07,944.38,20,3906.72
3787,17,8586.33,505.08,34,651.06
3788,5,229.69,45.94,6,306.64
3789,36,14926.76,414.63,79,2410.93
3790,14,1915.3,136.81,24,1156.77
3791,9,950.59,105.62,20,0.0
3792,22,8359.73,379.99,46,148.08
3793,19,6884.94,362.37,41,424.35
3794,48,20977.99,437.04,106,2100.31
3795,8,3579.51,447.44,15,56.17
3796,64,30883.51,482.55,124,3277.01
3797,6,1289.51,214.92,7,757.34
3798,12,2298.94,191.58,23,9.26
3799,31,11614.61,374.66,60,491.67
3800,5,1130.05,226.01,10,160.77
3801,12,9363.85,780.32,27,0.0
3802,8,912.97,114.12,16,0.0
3803,10,3866.83,386.68,23,101.64
3804,9,5111.33,567.93,27,0.0
3805,4,1697.04,424.26,8,3104.7
3806,10,3405.78,340.58,21,29.72
3807,24,3333.63,138.9,51,5706.08
3808,6,3636.99,606.16,12,149.4
3809,37,15404.89,416.35,81,654.22
3810,18,2605.14,144.73,48,240.73
3811,13,4138.12,318.32,25,193.5
3812,13,17158.0,1319.85,35,0.0
3813,31,10556.3,340.53,54,3238.04
3814,8,7813.12,976.64,22,0.0
3815,12,1956.63,163.05,20,79.79
3816,22,11020.55,500.93,47,855.27
3817,12,6449.2,537.43,30,1617.48
3818,4,115.84,28.96,6,1019.28
3819,13,3398.81,261.45,31,34.4
3820,15,2998.74,199.92,34,247.62
3821,6,1802.22,300.37,19,104.6
3822,15,3134.83,208.99,25,1084.2
3823,27,17511.82,648.59,52,77.8
3824,6,3027.91,504.65,11,208.86
3825,9,1357.1,150.79,18,0.0
3826,14,4781.51,341.54,35,23.8
3827,16,11985.3,749.08,45,649.79
3828,5,3030.37,606.07,9,0.0
3829,20,12343.3,617.17,57,1308.51
3830,10,7486.26,748.63,19,46.43
3831,25,8306.37,332.25,57,959.15
3832,15,4761.11,317.41,31,1292.8
3833,38,19135.46,503.56,87,37.36
3834,9,3741.16,415.68,17,200.67
3835,8,788.82,98.6,17,0.0
3836,13,2134.76,164.21,28,0.0
3837,7,1032.23,147.46,12,117.12
3838,6,3022.56,503.76,21,138.0
3839,13,3154.45,242.65,28,400.75
3840,5,1643.12,328.62,9,245.76
3841,12,6542.58,545.22,27,1075.08
3842,6,266.26,44.38,9,185.92
3843,14,2183.12,155.94,25,150.25
3844,3,3459.07,1153.02,7,106.35
3845,10,1433.04,143.3,17,349.98
3846,13,6598.47,507.57,39,33.44
3847,32,17290.83,540.34,66,3302.12
3848,29,23421.77,807.65,83,662.88
3849,55,18981.0,345.11,126,3379.81
3850,14,12004.14,857.44,36,297.28
3851,3,2998.2,999.4,9,1465.95
3852,10,6064.48,606.45,17,979.06
3853,16,6890.71,430.67,50,7.66
3854,18,3353.26,186.29,37,1383.61
3855,8,1147.56,143.44,14,1293.07
3856,5,4970.51,994.1,10,0.0
3857,11,3681.27,334.66,19,2522.79
3858,35,12440.13,355.43,86,4863.77
3859,8,2758.36,344.8,20,0.0
3860,13,2589.68,199.21,22,4446.68
3861,18,5642.78,313.49,41,982.75
3862,16,5226.56,326.66,34,0.0
3863,31,18749.53,604.82,65,0.0
3864,23,4714.91,205.0,52,4709.9
3865,17,5548.64,326.39,38,636.23
3866,10,1144.53,114.45,25,0.0
3867,7,2965.5,423.64,13,0.0
3868,16,5305.4,331.59,43,145.08
3869,12,7481.08,623.42,22,8.54
3870,12,3737.08,311.42,24,492.36
3871,12,1546.6,128.88,20,172.38
3872,8,714.73,89.34,10,294.34
3873,16,5890.32,368.14,38,696.81
3874,11,810.53,73.68,17,164.82
3875,11,7584.16,689.47,30,13.21
3876,4,2965.57,741.39,8,2199.5
3877,6,7519.52,1253.25,14,26.09
3878,13,3605.97,277.38,27,885.09
3879,11,6725.05,611.37,27,98.39
3880,10,1887.52,188.75,12,308.28
3881,13,10748.7,826.82,28,54.36
3882,18,7336.51,407.58,34,0.0
3883,10,2048.1,204.81,22,2214.28
3884,18,5713.17,317.4,43,21.7
3885,6,1148.13,191.36,14,0.0
3886,16,14433.4,902.09,39,204.14
3887,20,5369.32,268.47,48,0.0
3888,7,1983.91,283.42,14,0.0
3889,25,33856.15,1354.25,75,27.86
3890,11,7126.46,647.86,23,1349.88
3891,8,2069.09,258.64,15,842.34
3892,15,5402.71,360.18,29,612.66
3893,10,5933.41,593.34,15,2335.79
3894,7,2067.07,295.3,12,45.32
3895,26,9545.18,367.12,59,63.33
3896,11,5249.74,477.25,26,1886.37
3897,13,4020.55,309.27,25,328.78
3898,29,10224.25,352.56,53,397.45
3899,50,16633.75,332.68,103,814.46
3900,19,5858.05,308.32,38,0.0
3901,22,7111.46,323.25,55,0.0
3902,7,499.29,71.33,11,529.81
3903,8,1781.56,222.7,11,832.71
3904,22,5741.76,260.99,50,376.6
3905,14,6527.91,466.28,39,0.0
3906,21,4643.2,221.1,50,2660.98
3907,11,8395.94,763.27,32,5389.49
3908,8,4359.48,544.93,14,0.0
3909,9,2831.28,314.59,18,244.55
3910,8,606.88,75.86,13,0.0
3911,10,5037.83,503.78,25,165.33
3912,14,11682.83,834.49,35,1849.75
3913,39,10741.99,275.44,87,855.74
3914,13,9739.3,749.18,40,0.0
3915,11,1339.15,121.74,19,8.04
3916,4,395.1,98.78,14,925.98
3917,7,1623.28,231.9,14,843.57
3918,14,5544.75,396.05,22,2073.72
3919,14,4815.41,343.96,27,58.79
3920,5,388.17,77.63,12,4435.76
3921,41,13113.45,319.84,72,1328.21
3922,6,967.71,161.28,19,0.0
3923,22,17648.89,802.22,55,123.52
3924,3,3694.41,1231.47,5,219.65
3925,7,9222.11,1317.44,21,26.35
3926,13,3014.42,231.88,20,0.0
3927,22,8152.51,370.57,38,912.35
3928,14,3206.36,229.03,18,37.25
3929,25,7669.35,306.77,57,4567.74
3930,8,3620.82,452.6,18,2902.62
3931,29,9171.4,316.26,63,670.51
3932,12,6156.34,513.03,23,0.0
3933,16,6286.6,392.91,38,38.6
3934,21,17139.82,816.18,57,382.86
3935,14,7443.7,531.69,24,1358.51
3936,16,3076.54,192.28,35,0.0
3937,4,2198.34,549.58,10,1024.76
3938,42,14102.36,335.77,83,200.2
3939,13,2862.41,220.19,28,230.58
3940,48,14998.7,312.47,94,2294.89
3941,9,1859.96,206.66,17,69.19
3942,7,1201.52,171.65,17,2716.66
3943,13,8514.36,654.95,25,93.02
3944,12,2998.77,249.9,23,268.13
3945,4,1037.3,259.32,11,4642.8
3946,24,7736.95,322.37,43,4438.14
3947,28,6596.08,235.57,43,0.0
3948,13,1836.91,141.3,27,244.48
3949,11,2960.98,269.18,21,964.33
3950,10,919.75,91.98,21,512.87
3951,18,7038.14,391.01,41,437.7
3952,8,2719.34,339.92,15,261.39
3953,28,20120.4,718.59,60,6880.59
3954,13,7979.32,613.79,27,6.36
3955,18,10183.67,565.76,37,0.0
3956,15,3353.99,223.6,36,79.89
3957,13,1826.33,140.49,21,0.0
3958,10,1617.81,161.78,16,29.16
3959,16,10696.82,668.55,39,733.13
3960,7,5972.39,853.2,19,34.21
3961,14,9818.15,701.3,31,790.19
3962,9,5780.52,642.28,19,49.43
3963,16,8093.44,505.84,33,31.76
3964,9,895.07,99.45,17,3184.95
3965,13,5434.7,418.05,28,117.67
3966,55,22751.83,413.67,112,462.46
3967,5,5346.0,1069.2,11,1791.19
3968,5,482.05,96.41,8,18.06
3969,10,6077.71,607.77,18,0.0
3970,8,489.74,61.22,17,85.41
3971,12,5720.69,476.72,28,155.92
3972,7,955.38,136.48,16,0.0
3973,10,3456.29,345.63,19,0.0
3974,5,539.93,107.99,9,0.0
3975,9,13103.29,1455.92,28,495.35
3976,8,1664.85,208.11,15,1536.75
3977,10,4665.98,466.6,20,245.94
3978,24,15361.52,640.06,55,4092.5
3979,12,10861.38,905.11,26,444.62
3980,15,6303.01,420.2,30,525.78
3981,11,2941.65,267.42,19,489.42
3982,20,7894.31,394.72,43,1431.61
3983,9,4966.79,551.87,23,1891.81
3984,10,1988.93,198.89,24,0.0
3985,17,5902.03,347.18,29,1735.24
3986,11,3530.85,320.99,28,0.0
3987,10,1538.2,153.82,18,0.0
3988,6,1784.93,297.49,15,3161.76
3989,17,5988.63,352.27,34,0.0
3990,8,4067.26,508.41,19,0.0
3991,10,1969.15,196.92,18,1949.3
3992,8,964.6,120.58,13,0.0
3993,15,4582.33,305.49,30,214.74
3994,20,8290.9,414.54,35,5448.62
3995,16,2834.88,177.18,30,1242.2
3996,23,5734.73,249.34,59,627.91
3997,7,1829.9,261.41,10,257.94
3998,10,10376.06,1037.61,32,0.0
3999,16,6372.62,398.29,28,0.0
4000,17,5479.14,322.3,39,1031.01
4001,12,8935.3,744.61,30,508.67
4002,56,22271.75,397.71,122,2696.94
4003,30,12058.07,401.94,57,0.0
4004,9,4050.55,450.06,19,0.0
4005,22,6935.02,315.23,41,0.0
4006,17,4268.88,251.11,35,0.0
4007,36,16639.53,462.21,88,2192.81
4008,14,3420.41,244.32,24,444.32
4009,3,664.36,221.45,8,108.91
4010,11,3002.44,272.95,21,0.0
4011,5,336.66,67.33,11,859.58
4012,16,4183.3,261.46,23,0.0
4013,16,3419.1,213.69,33,935.2
4014,12,3933.65,327.8,21,137.82
4015,10,2414.62,241.46,21,0.0
4016,7,4758.73,679.82,14,156.48
4017,14,7653.43,546.67,24,3861.92
4018,9,2530.63,281.18,17,625.2
4019,13,11382.51,875.58,32,16.44
4020,4,372.92,93.23,6,1041.75
4021,14,4199.03,299.93,27,16102.76
4022,7,2335.15,333.59,23,464.32
4023,14,14595.51,1042.54,41,1275.21
4024,9,6189.29,687.7,22,0.0
4025,18,6494.8,360.82,27,1185.75
4026,14,6323.92,451.71,30,0.0
4027,13,7118.25,547.56,28,126.94
4028,11,3933.18,357.56,19,121.86
4029,7,6647.21,949.6,21,309.5
4030,18,2697.17,149.84,35,90.5
4031,10,4298.46,429.85,21,1401.37
4032,13,7281.4,560.11,31,0.0
4033,15,2749.79,183.32,34,2047.34
4034,21,9950.71,473.84,38,1609.7
4035,57,21663.18,380.06,126,1177.55
4036,12,6904.48,575.37,27,489.36
4037,6,4934.09,822.35,21,0.0
4038,7,871.05,124.44,13,27.88
4039,15,2731.54,182.1,39,763.97
4040,10,3232.12,323.21,16,757.17
4041,18,3817.33,212.07,37,14.35
4042,11,3567.79,324.34,22,0.0
4043,15,6892.31,459.49,36,580.92
4044,9,1888.56,209.84,18,469.8
4045,10,6144.17,614.42,23,0.0
4046,21,5699.62,271.41,44,1256.24
4047,20,6096.23,304.81,48,1481.56
4048,7,8611.25,1230.18,16,826.6
4049,11,5861.85,532.9,21,550.91
4050,13,4006.52,308.19,22,414.43
4051,16,4442.75,277.67,32,177.22
4052,6,3422.88,570.48,13,804.27
4053,9,6466.73,718.53,25,30.74
4054,19,6018.43,316.76,35,366.58
4055,9,3547.39,394.15,15,4520.17
4056,5,1699.29,339.86,12,0.0
4057,18,4319.81,239.99,39,226.34
4058,10,6210.95,621.1,23,2256.36
4059,6,2282.28,380.38,11,292.8
4060,5,643.7,128.74,7,148.18
4061,12,3189.75,265.81,21,1285.18
4062,19,9926.89,522.47,40,902.78
4063,13,3897.43,299.8,26,0.0
4064,58,21811.98,376.07,124,2479.63
4065,8,3509.96,438.74,19,0.0
4066,23,4751.78,206.6,68,55.87
4067,8,1434.88,179.36,9,107.5
4068,10,2044.15,204.42,18,207.44
4069,33,7677.87,232.66,81,154.6
4070,7,2559.11,365.59,13,7.92
4071,12,5181.34,431.78,20,537.46
4072,27,10756.11,398.37,70,34.18
4073,34,13299.16,391.15,76,0.0
4074,55,36283.43,659.7,111,4636.64
4075,13,10424.57,801.89,34,16.01
4076,13,4343.53,334.12,26,12.22
4077,6,1894.46,315.74,9,253.89
4078,21,9464.56,450.69,57,138.77
4079,14,8004.24,571.73,31,3294.73
4080,6,2399.15,399.86,11,4635.35
4081,20,5911.59,295.58,40,29.51
4082,8,1823.9,227.99,20,333.02
4083,21,5179.46,246.64,33,27.1
4084,8,3717.76,464.72,21,0.0
4085,29,7387.71,254.75,54,905.63
4086,16,10154.47,634.65,35,32.42
4087,10,3341.36,334.14,23,1576.95
4088,10,5038.78,503.88,27,0.0
4089,12,10868.86,905.74,24,0.0
4090,14,6070.59,433.61,21,923.36
4091,39,22804.82,584.74,68,407.54
4092,12,4198.29,349.86,19,0.0
4094,14,6002.96,428.78,27,247.58
4095,7,8324.8,1189.26,22,0.0
4096,11,2446.47,222.41,23,3403.69
4097,4,306.26,76.56,6,0.0
4098,9,5080.36,564.48,20,0.0
4099,7,1743.19,249.03,9,1423.67
4100,9,4802.91,533.66,21,0.0
4101,13,9734.73,748.83,27,639.24
4102,12,1047.56,87.3,24,227.26
4103,19,8475.93,446.1,46,3568.98
4104,19,8687.22,457.22,32,1387.69
4105,8,5353.48,669.18,19,2598.44
4106,3,432.46,144.15,7,1562.71
4107,16,2273.31,142.08,43,154.32
4108,6,1554.79,259.13,13,4337.91
4109,20,12161.27,608.06,60,349.52
4110,12,6570.57,547.55,31,392.41
4111,7,3364.72,480.67,14,0.0
4112,12,5113.41,426.12,36,170.79
4113,11,5896.83,536.08,28,1498.07
4114,7,8159.52,1165.65,17,917.35
4115,10,3526.59,352.66,21,354.91
4116,10,6471.95,647.19,18,119.92
4117,15,5057.87,337.19,34,333.73
4118,7,2021.96,288.85,15,21.79
4119,21,4678.23,222.77,33,346.8
4120,6,469.84,78.31,11,1308.78
4121,6,3847.09,641.18,11,0.0
4122,13,9018.5,693.73,24,0.0
4123,45,20450.21,454.45,101,5568.0
4124,10,6282.32,628.23,19,0.0
4125,5,1997.74,399.55,11,813.98
4126,20,5063.56,253.18,37,654.38
4127,12,5499.36,458.28,18,0.0
4128,3,164.05,54.68,8,465.17
4129,7,1788.58,255.51,13,0.0
4130,12,1595.08,132.92,26,1913.45
4131,12,7167.24,597.27,30,586.9
4132,26,12242.92,470.88,54,25.12
4133,13,4211.72,323.98,24,492.67
4134,9,6074.06,674.9,26,204.31
4135,8,4861.35,607.67,13,1365.58
4136,10,6025.31,602.53,20,457.59
4137,38,20353.12,535.61,94,815.3
4138,24,10580.98,440.87,63,1150.53
4139,10,1982.1,198.21,16,790.43
4140,21,11196.35,533.16,38,0.0
4141,11,7365.65,669.6,33,663.56
4142,22,9814.75,446.12,47,73.01
4143,10,3143.62,314.36,14,0.0
4144,17,6262.97,368.41,36,949.64
4145,12,4599.6,383.3,21,886.97
4146,20,4590.73,229.54,41,1713.08
4147,11,6347.27,577.02,26,487.51
4148,21,7160.8,340.99,48,3017.99
4149,9,2720.2,302.24,20,0.0
4150,11,4825.27,438.66,22,115.01
4151,8,1843.69,230.46,15,603.36
4152,22,3674.88,167.04,40,3040.56
4153,6,2707.52,451.25,17,0.0
4154,12,2924.72,243.73,25,346.31
4155,49,14859.4,303.25,92,2362.54
4156,32,17359.95,542.5,81,2482.09
4157,26,11665.85,448.69,64,0.0
4158,16,5901.78,368.86,30,2079.98
4159,6,435.0,72.5,13,222.51
4160,4,1221.69,305.42,8,0.0
4161,13,9163.92,704.92,34,0.0
4162,22,7139.11,324.5,49,2180.98
4163,12,3292.97,274.41,30,373.13
4164,5,1034.91,206.98,9,239.88
4165,19,8011.24,421.64,36,472.74
4166,7,3595.26,513.61,20,68.67
4167,30,8738.34,291.28,60,2285.34
4168,7,1427.01,203.86,12,0.0
4169,30,23330.57,777.69,67,1060.37
4170,9,3392.2,376.91,18,142.25
4171,21,4004.2,190.68,36,0.0
4172,20,10953.72,547.69,36,21.85
4173,13,11140.7,856.98,33,3517.2
4174,6,1110.68,185.11,9,0.0
4175,29,11372.7,392.16,58,5205.79
4176,5,636.0,127.2,9,0.0
4177,13,7152.73,550.21,32,5415.39
4178,9,1762.92,195.88,18,0.0
4179,14,7738.6,552.76,38,100.24
4180,13,6340.01,487.69,23,410.92
4181,20,5475.85,273.79,42,0.0
4182,9,2199.7,244.41,17,16.49
4183,7,1315.61,187.94,17,0.0
4184,10,4063.65,406.36,28,932.8
4185,36,16245.15,451.25,85,266.44
4186,6,3763.15,627.19,19,1174.87
4187,50,20149.76,403.0,110,1383.35
4188,14,3453.33,246.67,22,99.27
4189,14,4737.92,338.42,31,146.25
4190,13,2978.75,229.13,26,4160.38
4191,37,19372.3,523.58,101,1068.2
4192,8,1915.11,239.39,19,1942.1
4193,4,687.28,171.82,9,0.0
4194,33,15652.77,474.33,69,2477.23
4195,32,13454.23,420.44,60,1880.98
4196,10,14349.24,1434.92,19,0.0
4197,11,4903.65,445.79,23,85.64
4198,25,10038.87,401.55,45,1381.54
4199,20,9349.96,467.5,39,3.5
4200,3,238.44,79.48,6,0.0
4201,13,9787.11,752.85,26,2529.29
4202,9,6408.16,712.02,32,203.85
4203,5,980.65,196.13,6,332.65
4204,15,2770.1,184.67,28,458.35
4205,15,3502.35,233.49,30,23.8
4206,13,7613.85,585.68,31,534.08
4207,7,1914.44,273.49,19,0.0
4208,29,8607.49,296.81,63,696.06
4209,10,5910.1,591.01,27,0.0
4210,45,22550.67,501.13,124,1786.0
4211,15,7432.71,495.51,39,2064.34
4212,13,3710.1,285.39,21,58.32
4213,45,16553.81,367.86,101,1612.62
4214,13,1522.31,117.1,22,119.3
4215,14,5621.83,401.56,45,35.82
4216,43,19228.47,447.17,112,1252.3
4217,36,12718.01,353.28,79,4985.93
4218,13,6598.15,507.55,29,1994.27
4219,35,12070.87,344.88,71,4799.58
4220,11,4813.82,437.62,22,134.3
4221,13,3358.21,258.32,22,188.84
4222,13,10681.57,821.66,33,1069.65
4223,11,4549.76,413.61,26,165.11
4224,19,6398.24,336.75,41,2599.35
4225,8,10174.57,1271.82,27,98.88
4226,26,15691.96,603.54,46,178.02
4227,9,4160.23,462.25,33,5011.71
4228,5,1265.93,253.19,10,138.0
4229,16,6313.44,394.59,48,107.38
4230,7,1492.96,213.28,15,0.0
4231,16,6894.39,430.9,40,1214.85
4232,14,4410.18,315.01,30,495.12
4233,26,12384.55,476.33,65,1929.07
4234,26,11977.65,460.68,58,2606.15
4235,49,25573.57,521.91,108,2799.55
4236,5,1512.13,302.43,9,0.0
4237,19,9803.46,515.97,43,192.71
4238,10,6849.82,684.98,20,938.44
4239,8,1817.6,227.2,13,632.42
4240,15,7589.59,505.97,38,41.58
4241,27,13470.51,498.91,54,0.0
4242,28,15089.12,538.9,59,167.45
4243,28,19268.62,688.16,63,3170.4
4244,16,6144.49,384.03,29,3036.49
4245,11,6332.54,575.69,43,275.41
4246,8,8338.18,1042.27,24,812.03
4247,9,3652.73,405.86,21,0.0
4248,10,1712.29,171.23,16,445.5
4249,18,3924.02,218.0,41,395.54
4250,7,4447.27,635.32,19,502.55
4251,8,4010.7,501.34,15,21.89
4252,8,1994.24,249.28,21,2137.34
4253,10,5291.3,529.13,15,489.18
4254,8,2129.62,266.2,20,54.27
4255,5,1355.03,271.01,10,812.16
4256,6,2378.95,396.49,11,74.48
4257,8,4243.1,530.39,21,0.0
4258,7,3301.08,471.58,24,290.77
4259,29,8577.8,295.79,60,156.32
4260,13,4288.8,329.91,26,59.09
4261,11,2670.61,242.78,19,1702.12
4262,10,1383.46,138.35,15,1129.63
4263,13,5440.07,418.47,30,3321.82
4264,11,8392.4,762.95,24,57.47
4265,8,2648.78,331.1,15,0.0
4266,22,5581.96,253.73,40,824.85
4267,45,22783.98,506.31,109,3436.57
4268,3,2937.85,979.28,9,0.0
4269,12,5314.95,442.91,24,63.47
4270,12,2286.71,190.56,26,39.7
4271,8,2741.48,342.68,18,0.0
4272,4,9025.34,2256.34,11,7.78
4273,20,8361.07,418.05,57,168.77
4274,9,3437.51,381.95,20,335.62
4275,10,2400.29,240.03,17,926.08
4276,13,14753.75,1134.9,33,2121.92
4277,7,3356.0,479.43,14,173.67
4278,18,5048.15,280.45,36,0.0
4279,12,3482.91,290.24,22,48.55
4280,16,3323.16,207.7,30,494.87
4281,6,2084.36,347.39,11,7.55
4282,5,529.77,105.95,8,934.04
4283,16,8258.6,516.16,38,0.0
4284,9,3765.24,418.36,16,0.0
4285,13,2964.79,228.06,32,9.09
4286,19,8694.97,457.63,58,1178.36
4287,11,7214.51,655.86,21,8.25
4288,8,9090.73,1136.34,18,0.0
4289,10,6901.32,690.13,22,0.0
4290,6,1043.35,173.89,18,224.93
4291,14,7301.84,521.56,32,60.04
4292,34,11345.41,333.69,78,36.31
4293,16,6579.78,411.24,33,0.0
4294,6,406.47,67.74,12,368.37
4295,7,1362.76,194.68,10,0.0
4296,6,1740.63,290.1,11,1720.43
4297,4,633.19,158.3,6,360.83
4298,8,1646.38,205.8,13,177.9
4299,3,597.46,199.15,3,157.06
4300,27,11781.65,436.36,49,11046.28
4301,24,8643.5,360.15,47,148.04
4302,28,9330.96,333.25,59,2310.75
4303,32,11483.6,358.86,66,1694.54
4304,21,7977.93,379.9,41,3083.4
4305,46,15721.58,341.77,95,1551.11
4306,3,400.45,133.48,6,0.0
4307,6,2162.07,360.34,7,160.38
4308,7,6942.97,991.85,17,218.79
4309,22,5427.63,246.71,41,677.25
4310,15,3520.04,234.67,37,0.0
4311,4,2899.85,724.96,9,16.02
4312,26,14516.74,558.34,56,30121.22
4313,14,3299.03,235.64,25,167.53
4314,13,2110.93,162.38,19,2723.27
4315,11,1032.01,93.82,21,369.68
4316,11,2520.14,229.1,27,0.0
4317,13,10116.48,778.19,34,569.53
4318,10,1677.7,167.77,16,2300.59
4319,11,8687.43,789.77,23,4068.66
4320,14,5205.71,371.84,33,0.0
4321,8,549.28,68.66,11,446.47
4322,7,13621.47,1945.92,21,0.0
4323,20,7304.39,365.22,42,220.01
4324,15,5604.97,373.66,30,0.0
4325,61,21699.64,355.73,121,1998.64
4326,8,1250.34,156.29,13,125.43
4327,31,8987.25,289.91,57,1050.61
4328,5,2316.54,463.31,7,50.07
4329,8,1403.81,175.48,19,41.39
4330,53,13940.88,263.04,111,91.86
4331,13,2885.45,221.96,21,328.65
4332,10,12681.69,1268.17,31,1012.33
4333,10,3960.72,396.07,26,0.0
4334,10,5167.12,516.71,17,829.58
4335,26,10862.31,417.78,57,322.4
4336,2,3679.46,1839.73,4,408.82
4337,18,6487.69,360.43,41,3400.13
4338,24,4883.32,203.47,48,500.48
4339,36,10513.38,292.04,99,3964.96
4340,17,4321.37,254.2,34,126.79
4341,16,4633.21,289.58,31,542.7
4342,3,2059.81,686.6,9,941.22
4343,9,2425.45,269.49,23,184.85
4344,25,7341.67,293.67,71,464.11
4345,16,4676.36,292.27,40,949.47
4346,2,933.17,466.58,7,0.0
4347,16,4233.17,264.57,36,2794.68
4348,12,4215.46,351.29,21,91.8
4349,24,6362.21,265.09,49,1938.04
4350,31,7674.18,247.55,69,58.37
4351,12,4980.59,415.05,21,374.43
4352,9,6076.79,675.2,20,0.0
4353,20,7374.1,368.71,38,727.03
4354,6,5163.33,860.56,13,114.45
4355,60,24255.05,404.25,125,4154.96
4356,8,1167.36,145.92,14,0.0
4357,8,2109.86,263.73,13,0.0
4358,10,4432.42,443.24,24,368.73
4359,19,8696.93,457.73,49,338.64
4360,10,4030.19,403.02,27,39.81
4361,19,4278.61,225.19,32,1805.85
4362,55,19036.59,346.12,114,4117.04
4363,21,6299.94,300.0,43,215.84
4364,7,1398.79,199.83,11,1762.47
4365,8,1157.22,144.65,11,243.17
4366,31,5536.31,178.59,80,640.58
4367,10,10263.55,1026.36,28,470.61
4368,18,11060.72,614.48,33,5150.2
4369,37,23110.39,624.61,93,367.67
4370,24,17012.83,708.87,56,78.9
4371,12,4056.93,338.08,22,302.06
4372,43,18905.57,439.66,84,10137.81
4373,16,6612.73,413.3,54,9.67
4374,11,7769.14,706.29,23,1375.87
4375,4,2390.8,597.7,9,119.37
4376,8,1432.19,179.02,11,0.0
4377,9,3539.8,393.31,19,361.2
4378,32,10497.9,328.06,67,320.34
4379,6,2619.16,436.53,13,3828.33
4380,25,3702.15,148.09,40,1323.3
4381,11,1905.19,173.2,23,0.0
4382,34,13209.26,388.51,76,906.23
4383,3,874.23,291.41,5,1972.29
4384,11,4880.46,443.68,35,1126.76
4385,4,491.83,122.96,8,17.4
4386,25,15260.34,610.41,57,3078.6
4387,21,10676.7,508.41,49,297.31
4388,13,3134.45,241.11,33,0.0
4389,6,1065.19,177.53,12,0.0
4390,7,1202.74,171.82,13,55.31
4391,9,1924.38,213.82,26,653.39
4392,6,1567.11,261.18,12,296.63
4393,8,894.03,111.75,12,0.0
4394,7,4560.29,651.47,24,38.78
4395,9,3253.86,361.54,11,2698.4
4396,9,3213.02,357.0,16,167.12
4397,9,5115.85,568.43,15,85.21
4398,9,3213.89,357.1,16,4199.57
4399,29,14391.29,496.25,60,1677.16
4400,16,11388.14,711.76,43,0.0
4401,18,4187.55,232.64,36,408.48
4402,30,15129.51,504.32,77,791.96
4403,19,9518.74,500.99,44,3000.32
4404,5,6143.98,1228.8,15,686.35
4405,12,3177.07,264.76,20,78.3
4406,24,11931.04,497.13,51,1482.31
4407,35,10040.48,286.87,66,4.87
4408,9,2645.55,293.95,22,295.66
4409,13,4780.35,367.72,37,714.63
4410,23,6200.28,269.58,55,1441.38
4411,22,12277.85,558.08,40,6383.95
4412,9,3509.49,389.94,17,0.0
4413,5,964.12,192.82,14,258.27
4414,8,1857.01,232.13,13,2134.28
4415,8,9297.0,1162.12,19,1673.4
4416,23,4297.26,186.84,47,0.0
4417,7,2259.78,322.83,15,232.59
4418,3,611.26,203.75,7,385.56
4419,9,6241.51,693.5,22,86.47
4420,31,11726.86,378.29,68,2280.1
4421,38,10103.96,265.89,78,2274.29
4422,24,14118.32,588.26,44,885.51
4423,22,3638.86,165.4,39,7254.86
4424,57,27251.9,478.1,108,5688.28
4425,7,2490.86,355.84,12,2089.91
4426,9,3111.91,345.77,13,1740.27
4427,29,7069.64,243.78,50,1668.88
4428,11,5206.42,473.31,26,3134.93
4429,12,6000.98,500.08,33,0.0
4430,45,17660.53,392.46,109,4080.0
4431,4,828.93,207.23,8,29.15
4432,30,9176.2,305.87,66,582.66
4433,16,5561.09,347.57,31,0.0
4434,7,2148.91,306.99,22,1042.72
4435,38,16714.48,439.85,74,83.6
4436,19,6473.13,340.69,44,1730.44
4437,26,7190.65,276.56,36,67.2
4438,20,5930.11,296.51,31,1603.34
4439,8,1396.13,174.52,13,0.0
4440,7,1155.3,165.04,15,0.0
4441,8,5075.39,634.42,14,0.0
4442,9,4352.51,483.61,27,109.98
4443,6,1330.33,221.72,11,95.84
4444,8,2186.57,273.32,33,0.0
4445,11,1267.56,115.23,20,0.0
4446,22,9431.07,428.68,44,0.0
4447,8,1678.03,209.75,12,21.54
4448,7,758.05,108.29,13,1.81
4449,32,14165.18,442.66,81,1646.19
4450,50,24659.18,493.18,125,567.34
4451,38,20489.24,539.19,82,72.53
4452,11,2003.24,182.11,28,0.0
4453,19,13210.01,695.26,43,114.26
4454,7,3563.47,509.07,11,0.0
4455,22,7584.81,344.76,45,1598.02
4456,35,16773.62,479.25,93,4203.69
4457,12,3643.74,303.64,28,0.0
4458,26,8997.84,346.07,68,2825.34
4459,17,3458.12,203.42,37,0.0
4460,9,3713.2,412.58,20,741.86
4461,7,1981.46,283.07,11,0.0
4462,32,18348.36,573.39,79,843.36
4463,12,6440.99,536.75,32,82.01
4464,15,3584.23,238.95,34,179.1
4465,7,1556.91,222.42,17,0.0
4466,26,11129.97,428.08,65,5709.82
4467,8,4206.31,525.79,17,418.67
4468,49,22967.66,468.73,122,2116.88
4469,13,13142.66,1010.97,36,109.63
4470,13,8963.74,689.52,32,3695.91
4471,6,4816.83,802.8,11,0.0
4472,16,3088.01,193.0,29,304.56
4473,10,4389.78,438.98,23,328.54
4474,13,2839.58,218.43,23,1477.11
4475,4,827.35,206.84,8,0.0
4476,27,14413.68,533.84,60,51.82
4477,22,7630.08,346.82,37,326.4
4478,10,8486.96,848.7,21,0.0
4479,11,2668.46,242.59,33,0.0
4480,15,7339.78,489.32,30,0.0
4481,19,7426.87,390.89,33,2282.12
4482,5,1071.6,214.32,19,357.55
4483,52,26151.01,502.9,135,4693.21
4484,21,5975.87,284.57,39,470.31
4485,16,10642.66,665.17,32,702.16
4486,34,10649.98,313.23,68,653.69
4487,8,3146.31,393.29,28,535.69
4488,12,7910.89,659.24,28,471.3
4489,12,2745.65,228.8,18,749.58
4490,34,14359.16,422.33,65,79.71
4491,7,5690.51,812.93,14,590.56
4492,27,24601.22,911.16,78,625.57
4493,8,3470.66,433.83,26,0.0
4494,9,6247.49,694.17,18,0.0
4495,59,43908.2,744.21,145,1881.93
4496,9,9380.69,1042.3,25,2681.48
4497,7,4436.96,633.85,13,1974.32
4498,29,10892.66,375.61,62,0.0
4499,10,2333.7,233.37,16,449.13
4500,47,22475.86,478.21,91,817.12
4501,21,8507.1,405.1,42,1744.89
4502,13,3420.13,263.09,23,0.0
4503,20,7454.14,372.71,35,0.0
4504,34,14502.01,426.53,80,1596.76
4505,33,21696.93,657.48,68,1942.61
4506,8,2899.11,362.39,17,0.0
4507,19,7064.08,371.79,36,92.44
4508,8,2789.45,348.68,16,723.85
4509,6,2873.99,479.0,10,138.01
4510,17,3593.3,211.37,36,0.0
4511,18,8106.23,450.35,41,0.0
4512,8,1722.32,215.29,17,91.8
4513,13,5943.84,457.22,24,575.54
4514,24,7743.11,322.63,42,980.21
4515,8,4030.59,503.82,30,678.77
4516,7,1655.22,236.46,15,2415.5
4517,9,4846.45,538.49,17,20.06
4518,12,5457.42,454.78,22,1028.25
4519,44,20548.19,467.0,117,3655.33
4520,5,2887.71,577.54,10,186.45
4521,8,1546.65,193.33,11,865.92
4522,36,10863.73,301.77,68,1342.88
4523,12,8275.75,689.65,21,2151.6
4524,10,4568.13,456.81,25,93.37
4525,19,9327.75,490.93,35,238.26
4526,13,7501.0,577.0,35,0.0
4527,9,2705.83,300.65,12,77.95
4528,16,4812.88,300.8,31,93.1
4529,14,7986.58,570.47,28,3372.24
4530,13,4126.18,317.4,27,821.33
4531,10,4224.16,422.42,20,166.52
4532,26,6677.95,256.84,45,231.5
4533,19,12114.69,637.62,43,164.7
4534,25,10872.25,434.89,52,475.01
4535,28,6976.89,249.17,63,4805.81
4536,30,10461.44,348.71,69,1522.57
4537,18,6618.12,367.67,33,0.0
4538,10,4585.62,458.56,18,775.97
4539,2,3695.31,1847.66,13,0.0
4540,17,7866.32,462.72,37,3819.03
4541,16,4859.53,303.72,36,24.66
4542,22,9862.22,448.28,52,1376.57
4543,10,7029.26,702.93,25,433.91
4544,17,4240.75,249.46,32,0.0
4545,4,379.54,94.88,6,2678.88
4546,28,17172.34,613.3,59,12.04
4547,11,1816.54,165.14,17,0.0
4548,10,2698.43,269.84,15,267.03
4549,20,15599.94,780.0,52,383.77
4550,5,1200.67,240.13,11,140.44
4551,17,3831.46,225.38,38,1628.17
4552,10,4825.54,482.55,21,0.0
4553,16,8346.82,521.68,32,415.8
4554,6,887.48,147.91,10,48.68
4555,10,6223.07,622.31,26,188.45
4556,6,3535.09,589.18,13,0.0
4557,7,4663.33,666.19,10,389.88
4558,28,10045.33,358.76,58,1414.02
4559,22,7198.99,327.23,54,568.44
4560,9,2287.25,254.14,18,81.55
4561,10,3832.42,383.24,16,16.51
4562,17,6790.78,399.46,33,2890.49
4563,5,4359.0,871.8,11,422.46
4564,10,1816.75,181.68,16,232.12
4565,8,1462.99,182.87,17,35.16
4566,15,1158.69,77.25,31,21.58
4567,36,12399.08,344.42,79,663.6
4568,9,6175.28,686.14,26,610.78
4569,48,14763.68,307.58,110,1543.66
4570,29,8891.91,306.62,65,1286.71
4571,43,10016.75,232.95,75,2702.74
4572,16,8430.23,526.89,35,98.8
4573,26,7092.69,272.8,50,1402.4
4574,19,6662.66,350.67,33,13.33
4575,27,7642.85,283.07,66,130.43
4576,16,5021.24,313.83,41,83.4
4577,10,3409.48,340.95,15,963.81
4578,15,17027.38,1135.16,33,2772.82
4579,6,2106.88,351.15,10,106.87
4580,7,2136.54,305.22,8,92.85
4581,10,1603.02,160.3,22,1648.52
4582,8,7857.65,982.21,19,0.0
4583,6,1996.02,332.67,13,64.47
4584,13,8421.82,647.83,25,163.59
4585,10,1560.09,156.01,15,253.13
4586,19,8342.4,439.07,36,218.21
4587,9,2942.56,326.95,14,314.36
4588,8,3296.94,412.12,15,0.0
4589,11,2653.74,241.25,30,0.0
4590,10,3310.42,331.04,21,70.7
4591,15,10450.52,696.7,35,260.66
4592,40,15344.88,383.62,87,3454.16
4593,5,1477.92,295.58,9,91.52
4594,7,2016.51,288.07,17,0.0
4595,15,12769.75,851.32,40,1054.39
4596,33,8308.33,251.77,66,201.24
4597,14,4449.6,317.83,25,0.0
4598,10,8756.45,875.65,19,0.0
4599,13,3434.35,264.18,27,709.16
4600,12,5371.78,447.65,37,349.86
4601,12,7932.93,661.08,23,524.83
4602,42,26321.0,626.69,107,11369.0
4603,41,16523.04,403.0,84,1741.01
4604,14,8309.45,593.53,40,3418.67
4605,12,7420.19,618.35,23,437.29
4606,17,3277.27,192.78,30,96.0
4607,39,11393.3,292.14,76,1026.65
4608,29,8416.18,290.21,63,3671.1
4609,9,3122.23,346.91,20,437.19
4610,9,3600.53,400.06,17,99.58
4611,6,3192.24,532.04,19,621.08
4612,28,4925.71,175.92,54,1491.42
4613,10,2941.93,294.19,20,845.79
4614,9,3041.02,337.89,11,906.36
4615,8,5082.23,635.28,22,815.57
4616,12,965.99,80.5,28,0.0
4617,28,7429.25,265.33,44,3411.91
4618,8,1118.63,139.83,18,3794.98
4619,8,7130.42,891.3,25,60.68
4620,19,7124.75,374.99,43,381.9
4621,19,14255.47,750.29,39,41.73
4622,14,1980.26,141.45,30,1202.89
4623,25,18647.67,745.91,57,245.26
4624,16,2436.72,152.3,29,52.15
4625,8,4087.83,510.98,14,174.27
4626,11,1991.5,181.05,18,3637.67
4627,21,8825.1,420.24,41,0.0
4628,18,11828.51,657.14,42,2788.36
4629,5,351.8,70.36,14,164.82
4630,9,3373.09,374.79,21,175.31
4631,9,5223.64,580.4,15,677.22
4632,44,31987.66,726.99,97,263.86
4633,6,1740.45,290.08,21,940.05
4634,13,9398.28,722.94,25,929.56
4635,11,5837.82,530.71,22,777.84
4636,20,5514.75,275.74,45,2515.91
4637,18,4852.86,269.6,32,100.8
4638,29,16308.66,562.37,72,448.39
4639,9,4182.01,464.67,14,21.48
4640,19,13978.92,735.73,49,237.8
4641,8,3207.78,400.97,18,924.16
4642,7,3557.15,508.16,14,115.65
4643,9,3020.18,335.58,16,246.1
4644,8,6442.78,805.35,19,168.92
4645,8,2004.94,250.62,22,0.0
4646,7,770.65,110.09,13,165.34
4647,20,10281.47,514.07,35,3537.45
4648,7,4911.41,701.63,13,1734.29
4649,7,861.98,123.14,15,219.95
4650,9,4019.95,446.66,16,1286.53
4651,8,1064.65,133.08,16,783.69
4652,8,1084.52,135.56,14,0.0
4653,13,5551.04,427.0,30,251.38
4654,27,8055.42,298.35,60,802.38
4655,6,1999.94,333.32,15,47.01
4656,15,9116.96,607.8,47,11.55
4657,17,2464.78,144.99,23,447.66
4658,9,3772.23,419.14,21,953.92
4659,6,4510.45,751.74,10,2261.21
4660,11,12462.36,1132.94,33,0.0
4661,11,1841.43,167.4,28,1994.66
4662,24,10483.91,436.83,60,403.42
4663,11,4014.12,364.92,21,67.96
4664,10,5704.69,570.47,31,2108.17
4665,16,10045.44,627.84,34,37.19
4666,8,2957.2,369.65,19,0.0
4667,34,16848.54,495.55,75,1450.22
4668,6,2829.17,471.53,13,0.0
4669,12,5422.8,451.9,32,455.26
4670,11,3495.61,317.78,20,3119.22
4671,9,1102.89,122.54,17,0.0
4672,12,3860.32,321.69,30,2222.52
4673,36,19997.81,555.49,83,1416.11
4674,7,3098.97,442.71,14,10.94
4675,18,6770.99,376.17,33,4105.0
4676,7,1528.69,218.38,20,3153.33
4677,10,7697.97,769.8,24,14514.69
4678,17,7349.36,432.32,46,233.87
4679,7,1373.36,196.19,20,1486.58
4680,12,2250.99,187.58,26,0.0
4681,11,1976.71,179.7,14,2253.53
4682,18,7878.6,437.7,43,2146.69
4683,19,13696.71,720.88,47,4906.67
4684,7,1882.53,268.93,16,435.72
4685,11,1134.58,103.14,21,15.54
4686,9,3150.93,350.1,19,409.17
4687,13,2807.75,215.98,26,0.0
4688,10,7108.48,710.85,30,103.91
4689,10,11447.26,1144.73,22,145.11
4690,4,1841.29,460.32,6,2563.65
4691,15,15008.25,1000.55,32,0.0
4692,15,3475.7,231.71,32,3619.33
4693,11,1430.75,130.07,19,432.52
4694,2,811.26,405.63,3,428.32
4695,16,3951.08,246.94,34,0.0
4696,7,595.16,85.02,12,632.87
4697,18,5953.11,330.73,34,310.69
4698,6,6044.34,1007.39,19,709.64
4699,6,4351.08,725.18,15,0.0
4700,8,676.73,84.59,16,117.34
4701,6,1503.03,250.5,15,8.62
4702,17,2734.91,160.88,35,657.27
4703,23,11110.75,483.08,52,0.0
4704,12,2062.47,171.87,25,0.0
4705,3,1711.33,570.44,6,157.02
4706,18,4896.57,272.03,43,476.96
4707,23,10339.17,449.53,44,593.82
4708,34,13985.21,411.33,89,3224.79
4709,9,2115.64,235.07,21,1363.26
4710,26,12661.02,486.96,61,1847.94
4711,13,1653.38,127.18,27,0.0
4712,11,3604.64,327.69,24,433.69
4713,10,5174.17,517.42,14,26.41
4714,7,6225.91,889.42,12,946.83
4715,6,2511.17,418.53,11,4106.85
4716,10,4539.2,453.92,16,196.99
4717,42,15997.65,380.9,84,205.77
4718,22,5065.9,230.27,36,170.42
4719,44,15463.15,351.44,108,180.35
4720,6,4339.76,723.29,16,0.0
4721,7,1307.15,186.74,17,1495.29
4722,25,10704.8,428.19,38,3325.25
4723,5,1273.11,254.62,18,170.3
4724,10,3656.54,365.65,23,14.26
4725,6,794.81,132.47,10,348.26
4726,14,9852.87,703.78,26,1543.49
4727,19,4898.89,257.84,45,795.16
4728,8,3224.54,403.07,17,0.0
4729,12,3105.14,258.76,22,0.0
4730,10,12569.21,1256.92,25,4122.07
4731,23,9811.45,426.58,52,58.7
4732,7,2425.06,346.44,11,0.0
4733,13,5583.04,429.46,29,0.0
4734,48,14810.15,308.54,95,4249.33
4735,18,3002.62,166.81,37,859.41
4736,5,1009.29,201.86,6,926.09
4737,18,10569.28,587.18,37,1002.19
4738,34,13265.76,390.17,70,5733.21
4739,8,1838.21,229.78,17,325.07
4740,9,6173.5,685.94,15,1352.8
4741,5,1493.53,298.71,7,1433.12
4742,28,8716.64,311.31,60,3228.57
4743,9,7823.99,869.33,25,0.0
4744,6,750.9,125.15,6,131.5
4745,10,6329.18,632.92,23,2032.87
4746,21,12581.18,599.1,43,116.47
4747,15,2686.86,179.12,31,313.86
4748,8,4781.6,597.7,24,268.91
4749,8,4960.53,620.07,23,0.0
4750,14,4687.27,334.8,25,3568.82
4751,15,3133.63,208.91,33,3063.19
4752,13,6805.16,523.47,20,33.64
4753,7,246.46,35.21,11,0.0
4754,30,12640.63,421.35,64,1855.19
4755,8,4892.89,611.61,23,0.0
4756,21,7321.1,348.62,37,1717.16
4757,6,1081.22,180.2,7,0.0
4758,11,3533.04,321.19,21,0.0
4759,15,4581.95,305.46,38,1105.15
4760,16,16109.58,1006.85,40,2101.56
4761,20,8409.73,420.49,43,0.0
4762,14,4268.36,304.88,21,318.46
4763,18,7905.71,439.21,41,0.0
4764,18,3632.51,201.81,27,1792.19
4765,5,449.28,89.86,9,1673.21
4766,27,23363.76,865.32,62,337.26
4767,10,3278.19,327.82,30,0.0
4768,8,1546.39,193.3,12,1591.38
4769,14,3726.57,266.18,31,194.62
4770,14,5532.12,395.15,34,1540.74
4771,6,1634.66,272.44,11,569.89
4772,5,1098.02,219.6,9,0.0
4773,9,7433.55,825.95,23,63.79
4774,9,2774.65,308.29,28,1191.75
4775,3,145.7,48.57,5,58.6
4776,12,7498.06,624.84,21,1230.25
4777,9,1929.42,214.38,19,0.0
4778,8,2552.11,319.01,20,85.32
4779,9,3133.94,348.22,15,2002.5
4780,7,979.24,139.89,10,0.0
4781,30,14018.08,467.27,60,573.28
4782,9,7964.85,884.98,24,5858.3
4783,12,8793.42,732.78,36,0.0
4784,13,6524.2,501.86,21,269.9
4785,5,3884.8,776.96,13,0.0
4786,13,6091.12,468.55,24,0.0
4787,11,7956.57,723.32,20,529.34
4788,17,18668.6,1098.15,41,3826.9
4789,23,8410.8,365.69,51,1951.6
4790,8,1343.58,167.95,14,610.98
4791,12,988.36,82.36,20,1641.87
4792,25,10976.28,439.05,59,2628.3
4793,25,20242.98,809.72,71,192.78
4794,7,2248.4,321.2,11,62.63
4795,28,14107.91,503.85,82,2025.98
4796,5,1089.37,217.87,10,0.0
4797,10,4974.07,497.41,23,119.91
4798,10,3327.19,332.72,22,4856.02
4799,15,2363.61,157.57,24,1579.78
4800,5,5974.85,1194.97,11,1130.57
4801,10,4621.4,462.14,24,74.71
4802,18,5040.26,280.01,28,869.04
4803,16,7079.09,442.44,33,2378.41
4804,21,9073.3,432.06,54,2602.7
4805,8,8153.19,1019.15,23,0.0
4806,23,10362.78,450.56,43,1295.63
4807,12,3265.33,272.11,32,0.0
4808,17,12139.54,714.09,41,2061.8
4809,15,8997.18,599.81,27,916.01
4810,7,1046.75,149.54,9,117.16
4811,13,7071.59,543.97,43,552.54
4812,48,15276.46,318.26,91,2115.47
4813,17,7431.27,437.13,36,320.13
4814,11,6353.96,577.63,24,256.13
4815,8,5025.98,628.25,26,64.8
4816,8,1999.92,249.99,14,0.0
4817,13,6838.66,526.05,32,594.5
4818,5,1348.06,269.61,10,86.02
4819,11,2768.27,251.66,31,2192.15
4820,21,7720.99,367.67,41,1299.5
4821,21,4877.23,232.25,36,3690.61
4822,15,5706.79,380.45,29,155.63
4823,5,1270.43,254.09,6,524.54
4824,23,8646.75,375.95,55,3026.18
4825,12,5608.86,467.4,21,19.0
4826,12,9059.79,754.98,35,762.5
4827,58,27777.03,478.91,125,1707.15
4828,13,9075.93,698.15,37,807.95
4829,7,4642.88,663.27,18,558.06
4830,18,11698.6,649.92,49,1279.73
4831,10,6778.97,677.9,39,4350.81
4832,19,7146.0,376.11,33,1311.91
4833,13,3620.32,278.49,31,674.82
4834,13,12188.47,937.57,35,48.19
4835,36,12762.13,354.5,88,1271.58
4836,14,1396.04,99.72,25,1514.57
4837,28,11959.0,427.11,61,106.76
4838,15,9922.53,661.5,31,55.76
4839,7,2147.36,306.77,13,6831.0
4840,7,1874.55,267.79,10,0.0
4841,7,853.82,121.97,13,35.26
4842,58,31522.48,543.49,118,1871.27
4843,39,17985.07,461.16,80,1575.79
4844,12,9214.96,767.91,28,0.0
4845,48,16663.08,347.15,93,513.17
4846,10,1588.73,158.87,20,417.19
4847,21,5373.24,255.87,44,2445.95
4848,16,10217.11,638.57,30,50.13
4849,25,8954.56,358.18,58,0.0
4850,29,8121.37,280.05,65,85.05
4851,18,14683.96,815.78,42,94.85
4852,31,11255.89,363.09,70,1524.1
4853,10,2436.87,243.69,22,0.0
4854,33,19479.04,590.27,71,24.99
4855,5,10031.54,2006.31,15,712.71
4856,14,6710.12,479.29,27,0.0
4857,17,9118.7,536.39,38,172.96
4858,19,12863.84,677.04,45,478.28
4859,23,15437.84,671.21,52,0.0
4860,10,4159.5,415.95,23,593.24
4861,15,7378.83,491.92,33,452.71
4862,8,2351.74,293.97,18,0.0
4863,35,16256.15,464.46,72,1104.42
4864,42,16870.02,401.67,92,2918.61
4865,10,7059.79,705.98,18,946.17
4866,9,2080.7,231.19,23,415.49
4867,20,6941.32,347.07,46,600.03
4868,7,2796.85,399.55,19,56.24
4869,30,8107.36,270.25,62,3454.06
4870,16,1540.09,96.26,25,730.52
4871,9,9195.51,1021.72,19,101.78
4872,15,9906.2,660.41,36,414.51
4873,16,4880.03,305.0,37,116.26
4874,15,5002.83,333.52,28,0.0
4875,14,4325.85,308.99,23,93.9
4876,13,5584.89,429.61,34,138.39
4877,43,12203.97,283.81,98,1102.1
4878,31,13683.21,441.39,67,389.08
4879,10,3783.08,378.31,37,924.11
4880,15,4025.52,268.37,23,75.25
4881,7,2562.62,366.09,23,757.4
4882,12,2228.75,185.73,17,1405.84
4883,12,4959.96,413.33,27,0.0
4884,11,2944.11,267.65,21,442.35
4885,6,1235.31,205.89,8,0.0
4886,15,9533.09,635.54,36,913.62
4887,7,4027.72,575.39,20,56.64
4888,11,6857.32,623.39,19,879.88
4889,12,7326.2,610.52,28,7.76
4890,6,2517.34,419.56,12,7.88
4891,12,7549.41,629.12,21,424.86
4892,14,2687.4,191.96,26,1311.12
4893,21,5107.43,243.21,35,634.66
4894,5,808.31,161.66,6,58.15
4895,9,2754.2,306.02,18,310.81
4896,34,13225.99,389.0,68,1626.2
4897,22,5881.21,267.33,48,0.0
4898,10,6650.54,665.05,22,1416.41
4899,9,3527.98,392.0,22,1754.71
4900,11,4387.2,398.84,28,0.0
4901,9,5083.19,564.8,31,283.22
4902,10,7463.44,746.34,24,0.0
4903,40,15942.07,398.55,88,6163.62
4904,7,5566.61,795.23,16,441.68
4905,13,8079.34,621.49,31,883.82
4906,50,18598.93,371.98,103,189.98
4907,16,9310.12,581.88,31,770.2
4908,8,1366.7,170.84,14,0.0
4909,49,23242.81,474.34,100,846.82
4910,8,4247.71,530.96,23,6148.17
4911,12,13973.1,1164.42,43,268.34
4912,8,970.04,121.26,21,539.85
4913,13,8913.73,685.67,32,0.0
4914,43,20268.61,471.36,103,367.36
4915,7,2970.29,424.33,11,0.0
4916,25,13519.0,540.76,64,1877.03
4917,17,8083.13,475.48,27,354.23
4918,24,21319.7,888.32,68,3582.94
4919,10,6841.33,684.13,24,861.19
4920,35,20961.62,598.9,81,211.2
4921,14,1355.5,96.82,22,395.97
4922,23,7262.01,315.74,56,3142.84
4923,24,9309.99,387.92,38,821.66
4924,21,10188.65,485.17,43,160.04
4925,7,1873.48,267.64,12,209.34
4926,11,6529.1,593.55,18,595.21
4927,15,6362.38,424.16,29,38.35
4928,17,7533.31,443.14,44,0.0
4929,20,5974.74,298.74,42,543.72
4930,39,10361.92,265.69,84,11780.91
4931,39,20427.55,523.78,99,68.29
4932,7,2301.23,328.75,17,0.0
4933,8,3681.67,460.21,19,333.9
4934,5,452.28,90.46,7,0.0
4935,19,14035.17,738.69,49,63.8
4936,52,11830.01,227.5,104,1810.98
4937,7,707.14,101.02,15,0.0
4938,15,3516.47,234.43,35,4.88
4939,8,2026.39,253.3,14,0.0
4940,4,1534.76,383.69,14,67.17
4941,55,19118.58,347.61,124,2880.67
4942,10,5083.07,508.31,14,172.64
4943,12,1237.82,103.15,19,0.0
4944,6,1689.47,281.58,14,0.0
4945,10,2995.76,299.58,20,0.0
4946,26,4251.86,163.53,46,3895.72
4947,23,10175.23,442.4,62,851.06
4948,10,5959.01,595.9,21,0.0
4949,7,1420.43,202.92,11,120.74
4950,37,18312.94,494.94,77,444.23
4951,24,8392.03,349.67,52,1813.62
4952,15,7941.88,529.46,38,0.0
4953,9,5796.39,644.04,16,1988.18
4954,45,8003.12,177.85,90,1892.06
4955,14,5872.0,419.43,26,589.05
4956,48,41697.2,868.69,106,4971.73
4957,10,1373.43,137.34,17,0.0
4958,11,5652.43,513.86,23,0.0
4959,4,733.54,183.38,7,1003.03
4960,36,15256.5,423.79,76,1622.36
4961,13,3358.25,258.33,22,1228.49
4962,12,1122.36,93.53,20,0.0
4963,47,36060.92,767.25,126,1700.69
4964,50,10763.12,215.26,101,3956.61
4965,4,1756.45,439.11,11,0.0
4966,15,9954.17,663.61,47,0.0
4967,20,2988.72,149.44,37,206.32
4968,8,3823.25,477.91,23,0.0
4969,17,7495.6,440.92,43,7065.87
4970,11,3215.92,292.36,25,1966.89
4971,33,6902.11,209.15,54,52.87
4972,22,10999.93,500.0,59,519.31
4973,25,7302.72,292.11,58,2846.62
4974,26,8861.12,340.81,54,859.69
4975,9,3794.74,421.64,20,2586.98
4976,15,6210.46,414.03,37,727.78
4977,20,4362.88,218.14,41,202.92
4978,11,3101.06,281.91,20,0.0
4979,17,8841.13,520.07,49,0.0
4980,4,1301.89,325.47,10,0.0
4981,8,3082.85,385.36,25,711.37
4982,8,486.71,60.84,10,0.0
4983,25,7487.2,299.49,42,415.39
4984,13,4186.3,322.02,22,135.32
4985,16,5991.49,374.47,37,273.27
4986,11,2371.11,215.56,19,82.5
4987,11,7013.03,637.55,30,3082.86
4988,14,1877.62,134.12,28,184.4
4989,14,11179.2,798.51,30,124.39
4990,9,2688.61,298.73,23,194.64
4991,16,1489.9,93.12,30,0.0
4992,12,9739.71,811.64,21,0.0
4993,10,8950.88,895.09,26,3203.52
4994,13,3300.96,253.92,25,0.0
4995,30,16063.96,535.47,59,2836.2
4996,21,20717.9,986.57,42,576.04
4997,11,10376.99,943.36,23,696.96
4998,25,10891.53,435.66,60,565.29
4999,13,6045.93,465.07,27,1987.12
5000,8,1113.61,139.2,13,0.0
5001,18,10015.68,556.43,36,2651.54
5002,40,18267.88,456.7,89,1355.69
5003,5,2964.0,592.8,11,57.77
5004,11,3819.86,347.26,33,0.0
5005,22,10117.3,459.88,45,391.76
5006,12,3639.95,303.33,30,0.0
5007,22,8222.75,373.76,49,0.0
5008,7,2164.23,309.18,13,1665.62
5009,16,6446.31,402.89,33,0.0
5010,7,11409.29,1629.9,20,0.0
5011,6,2931.31,488.55,25,229.81
5012,15,6150.8,410.05,36,1240.03
5013,14,4007.49,286.25,31,68.34
5014,7,3420.16,488.59,16,24.79
5015,5,741.04,148.21,9,338.71
5016,12,4800.35,400.03,28,844.44
5017,5,4182.87,836.57,12,1116.46
5018,7,8256.63,1179.52,18,50.4
5019,21,15097.33,718.92,60,194.7
5020,18,7883.75,437.99,43,691.95
5021,19,7118.31,374.65,52,8024.5
5022,13,3609.26,277.64,32,6635.83
5023,6,1497.06,249.51,11,268.5
5024,5,1384.56,276.91,20,2861.58
5025,24,8819.26,367.47,47,2511.89
5026,12,5026.87,418.91,27,56.72
5027,7,712.39,101.77,15,136.28
5028,12,1955.86,162.99,22,41.29
5029,19,4914.75,258.67,34,824.01
5030,9,2180.85,242.32,15,747.99
5031,11,5070.95,461.0,21,0.0
5032,11,1855.99,168.73,21,0.0
5033,16,4632.52,289.53,33,0.0
5034,9,3371.78,374.64,17,0.0
5035,9,3770.67,418.96,22,246.82
5036,4,2088.18,522.05,13,389.0
5037,13,3777.12,290.55,26,201.91
5038,6,7709.04,1284.84,20,1777.55
5039,9,5396.82,599.65,20,0.0
5040,12,6765.77,563.81,21,1603.89
5041,24,10975.54,457.31,58,1098.17
5042,10,2378.27,237.83,18,3544.01
5043,52,15147.54,291.3,126,328.33
5044,12,3111.05,259.25,24,386.57
5045,8,1990.54,248.82,13,60.55
5046,13,2011.87,154.76,21,7.07
5047,25,9919.18,396.77,47,1236.05
5048,14,13504.13,964.58,39,256.03
5049,9,7770.41,863.38,22,705.29
5050,11,5971.08,542.83,19,3597.55
5051,6,2534.28,422.38,15,2255.2
5052,15,4812.78,320.85,32,312.3
5053,30,8102.34,270.08,64,199.26
5054,15,13830.04,922.0,37,526.81
5055,33,12137.72,367.81,85,227.21
5056,6,4689.21,781.54,18,485.17
5057,27,17119.99,634.07,80,370.0
5058,63,26224.4,416.26,122,5627.77
5059,21,3473.42,165.4,52,480.14
5060,30,12495.96,416.53,61,12116.18
5061,27,31138.88,1153.29,70,460.85
5062,13,5368.59,412.97,25,87.9
5063,13,5510.16,423.86,24,685.01
5064,8,3731.71,466.46,21,23.32
5065,11,8940.96,812.81,40,113.39
5066,13,7455.23,573.48,35,2538.45
5067,9,8535.35,948.37,27,0.0
5068,15,2748.43,183.23,22,3138.12
5069,9,6373.86,708.21,24,0.0
5070,12,7478.6,623.22,38,0.0
5071,15,4948.32,329.89,38,136.76
5072,49,14071.4,287.17,124,995.74
5073,9,4556.52,506.28,31,0.0
5074,8,5364.86,670.61,22,309.11
5075,12,1368.97,114.08,19,0.0
5076,45,16259.29,361.32,93,1925.9
5077,8,2590.25,323.78,16,0.0
5078,7,1581.66,225.95,14,939.83
5079,12,4714.85,392.9,21,90.06
5080,14,4123.84,294.56,30,0.0
5081,14,4107.52,293.39,37,583.28
5082,12,3617.79,301.48,23,960.99
5083,15,3194.84,212.99,39,110.68
5084,11,6147.71,558.88,19,724.47
5085,42,10930.06,260.24,112,5462.31
5086,21,12816.93,610.33,57,90.16
5087,40,11912.65,297.82,74,990.61
5088,5,2642.78,528.56,17,388.72
5089,7,3784.07,540.58,12,0.0
5090,10,5715.26,571.53,32,71.65
5091,21,8395.67,399.79,57,889.95
5092,7,867.89,123.98,12,1969.77
5093,4,3225.24,806.31,5,0.0
5094,5,1433.23,286.65,14,0.0
5095,6,3611.63,601.94,23,331.54
5096,7,1943.85,277.69,9,0.0
5097,30,13177.96,439.27,62,771.91
5098,12,5524.85,460.4,22,0.0
5099,10,1171.21,117.12,17,0.0
5100,10,3246.84,324.68,14,0.0
5101,6,3355.53,559.26,10,0.0
5102,49,20801.0,424.51,97,2023.8
5103,5,1128.38,225.68,7,0.0
5104,23,9742.59,423.59,62,294.15
5105,27,15109.95,559.63,70,47.72
5106,17,2479.23,145.84,34,1624.95
5107,12,5324.98,443.75,18,765.26
5108,19,5681.76,299.04,40,323.62
5109,18,6983.3,387.96,28,0.0
5110,12,8145.78,678.82,22,2649.18
5111,24,8126.68,338.61,56,73.5
5112,9,1274.24,141.58,16,17.55
5113,8,4877.79,609.72,18,0.0
5114,11,2051.58,186.51,26,0.0
5115,14,3017.91,215.57,34,1185.52
5116,6,5453.49,908.92,12,5827.69
5117,4,233.68,58.42,4,129.77
5118,7,1195.34,170.76,15,1257.71
5119,3,413.98,137.99,5,340.3
5120,7,1123.87,160.55,14,0.0
5121,20,3013.42,150.67,33,1392.82
5122,8,2023.05,252.88,19,515.59
5123,49,17217.25,351.37,102,37.42
5124,10,2031.49,203.15,25,0.0
5125,15,8890.7,592.71,42,52.68
5126,27,8422.73,311.95,59,6873.45
5127,5,938.16,187.63,14,0.0
5128,18,11844.57,658.03,47,883.29
5129,8,9632.95,1204.12,19,106.2
5130,7,3292.79,470.4,18,22.76
5131,8,3291.04,411.38,17,0.0
5132,14,2264.57,161.76,35,744.67
5133,22,3678.43,167.2,42,3743.12
5134,9,4142.48,460.28,17,14.25
5135,5,2866.31,573.26,21,40.26
5136,6,1184.16,197.36,11,111.12
5137,9,2720.19,302.24,16,496.35
5138,12,5408.32,450.69,20,47.45
5139,17,4027.39,236.91,37,1781.59
5140,10,1724.23,172.42,13,0.0
5141,6,3518.97,586.5,15,2936.19
5142,9,2300.96,255.66,24,0.0
5143,13,9271.69,713.21,22,231.8
5144,28,6428.31,229.58,62,39.62
5145,4,1348.16,337.04,7,0.0
5146,22,11366.92,516.68,47,716.84
5147,14,8516.2,608.3,32,30.95
5148,7,1792.29,256.04,9,27.14
5149,7,6160.81,880.12,21,14200.11
5150,29,17180.14,592.42,60,1512.52
5151,6,3400.16,566.69,12,0.0
5152,5,590.13,118.03,10,315.0
5153,27,15587.2,577.3,72,283.62
5154,30,8520.07,284.0,51,173.38
5155,17,4880.1,287.06,34,5742.73
5156,38,12850.65,338.18,83,712.71
5157,7,1900.09,271.44,22,33.88
5158,15,4798.02,319.87,32,502.85
5159,6,1145.44,190.91,9,67.2
5160,28,19241.18,687.18,61,688.89
5161,11,2382.08,216.55,20,233.39
5162,2,3181.55,1590.78,5,1484.88
5163,8,2770.0,346.25,18,994.45
5164,11,6723.0,611.18,21,267.3
5165,5,4451.37,890.27,11,643.22
5166,17,5342.39,314.26,31,0.0
5167,8,3407.72,425.96,17,62.26
5168,13,3347.74,257.52,20,0.0
5169,11,4202.97,382.09,21,4486.95
5170,7,1995.78,285.11,11,2187.29
5171,13,9343.25,718.71,32,2432.71
5172,48,31962.36,665.88,116,347.33
5173,27,27145.38,1005.38,59,197.05
5174,7,10901.33,1557.33,24,0.0
5175,8,1148.75,143.59,22,5208.15
5176,39,20279.21,519.98,89,0.0
5177,16,4859.19,303.7,35,20.15
5178,11,7553.21,686.66,37,2903.41
5179,14,3936.45,281.18,33,0.0
5180,22,10613.47,482.43,43,84.72
5181,9,2921.3,324.59,18,158.39
5182,17,5370.82,315.93,34,1506.26
5183,21,8421.4,401.02,50,263.03
5184,21,17443.1,830.62,53,584.11
5185,9,4875.35,541.71,17,327.19
5186,21,5219.54,248.55,43,251.85
5187,8,2629.74,328.72,12,32.79
5188,7,2094.79,299.26,16,56.0
5189,14,7709.37,550.67,36,0.0
5190,8,946.86,118.36,14,132.31
5191,10,7551.51,755.15,20,0.0
5192,26,10669.63,410.37,58,0.0
5193,16,12442.63,777.66,27,1269.98
5194,16,3431.38,214.46,24,298.86
5195,5,1234.47,246.89,14,146.58
5196,8,17522.54,2190.32,28,3938.69
5197,12,20243.03,1686.92,38,51.44
5198,10,1333.23,133.32,23,194.92
5199,8,2356.95,294.62,17,118.16
5200,8,1420.78,177.6,16,180.1
5201,9,1995.75,221.75,19,0.0
5202,12,3608.64,300.72,21,125.99
5203,24,8706.02,362.75,54,1068.76
5204,31,8854.52,285.63,71,5413.05
5205,22,4914.45,223.38,42,0.0
5206,20,5497.72,274.89,33,70.66
5207,31,7321.47,236.18,56,2046.67
5208,9,5053.39,561.49,20,172.81
5209,13,6993.8,537.98,40,2189.89
5210,13,5804.14,446.47,20,256.24
5211,31,9280.43,299.37,52,4641.88
5212,20,4760.58,238.03,38,17.28
5213,6,1381.6,230.27,21,639.93
5214,30,11183.93,372.8,76,468.36
5215,17,6983.96,410.82,37,652.45
5216,7,3206.55,458.08,19,291.78
5217,37,13357.59,361.02,78,1864.72
5218,22,9421.14,428.23,47,0.0
5219,18,4521.84,251.21,43,3066.56
5220,21,3943.5,187.79,40,0.0
5221,15,2195.81,146.39,31,1161.81
5222,20,12316.26,615.81,47,193.35
5223,12,2381.72,198.48,21,1123.14
5224,37,13524.59,365.53,90,1862.96
5225,29,17397.5,599.91,65,0.0
5226,28,5491.71,196.13,56,28.55
5227,16,9969.94,623.12,35,783.52
5228,13,6007.68,462.13,36,0.0
5229,8,3370.68,421.34,12,6072.27
5230,11,5319.95,483.63,21,598.57
5231,5,370.15,74.03,12,55.81
5232,23,12771.6,555.29,51,0.0
5233,13,1448.49,111.42,23,2146.75
5234,14,7304.84,521.77,31,612.28
5235,4,1223.18,305.79,5,0.0
5236,23,11340.26,493.05,56,0.0
5237,7,1016.62,145.23,10,109.05
5238,48,15442.25,321.71,86,172.48
5239,28,11593.93,414.07,58,3799.93
5240,7,1790.42,255.77,13,355.7
5241,24,10994.66,458.11,55,6091.91
5242,13,10096.31,776.64,28,149.4
5243,11,2035.56,185.05,27,2904.29
5244,16,11782.2,736.39,42,94.08
5245,9,2790.18,310.02,16,1655.13
5246,10,8834.79,883.48,21,1493.72
5247,10,3089.28,308.93,24,424.27
5248,11,4550.44,413.68,21,814.68
5249,6,1805.94,300.99,8,0.0
5250,15,2540.7,169.38,33,0.0
5251,10,2548.62,254.86,20,510.06
5252,25,11315.2,452.61,43,5.95
5253,6,2448.83,408.14,10,0.0
5254,16,10190.59,636.91,47,0.0
5255,14,6181.27,441.52,26,446.61
5256,7,3229.1,461.3,13,2467.44
5257,13,3231.68,248.59,34,3902.13
5258,10,9923.95,992.4,31,179.22
5259,9,1021.17,113.46,18,0.0
5260,27,13368.23,495.12,46,1924.34
5261,16,4694.46,293.4,37,96.4
5262,16,8147.55,509.22,33,716.86
5263,7,2013.22,287.6,14,1235.2
5264,27,8620.73,319.29,53,1620.54
5265,20,12149.22,607.46,47,427.07
5266,33,17017.82,515.69,71,3552.36
5267,10,4996.81,499.68,23,0.0
5268,15,5918.61,394.57,31,3564.91
5269,11,5123.28,465.75,27,45.8
5270,12,4260.33,355.03,27,106.25
5271,8,5327.83,665.98,15,178.23
5272,14,10219.11,729.94,32,2236.65
5273,7,1269.47,181.35,18,0.0
5274,16,9961.89,622.62,33,709.77
5275,12,3359.18,279.93,26,1148.37
5276,13,7101.76,546.29,21,1113.63
5277,3,576.24,192.08,7,0.0
5278,9,3535.63,392.85,17,96.18
5279,8,4120.96,515.12,16,137.52
5280,21,15524.48,739.26,52,5397.87
5281,9,4136.66,459.63,24,750.47
5282,7,1853.88,264.84,10,458.05
5283,11,3226.02,293.27,18,1731.85
5284,10,5440.06,544.01,22,1217.62
5285,11,5860.18,532.74,21,1441.0
5286,15,7528.38,501.89,33,155.96
5287,18,3672.0,204.0,39,7180.82
5288,13,1631.34,125.49,36,1318.91
5289,14,2826.8,201.91,36,1914.74
5290,12,5088.31,424.03,33,222.94
5291,30,9389.36,312.98,72,2005.41
5292,19,4530.27,238.44,34,289.03
5293,10,6403.04,640.3,18,25.5
5294,11,1513.79,137.62,26,0.0
5295,10,3490.45,349.04,26,130.1
5296,11,2912.78,264.8,16,347.91
5297,11,3678.52,334.41,23,0.0
5298,23,9201.47,400.06,51,2657.01
5299,40,9163.61,229.09,85,2857.7
5300,10,5226.62,522.66,28,1065.32
5301,27,17261.13,639.3,74,1705.68
5302,18,9438.58,524.37,48,630.87
5303,9,2163.82,240.42,21,140.88
5304,47,26853.84,571.36,93,9054.69
5305,12,1580.74,131.73,36,2055.01
5306,14,7249.84,517.85,33,76.18
5307,9,3233.75,359.31,28,0.0
5308,11,4576.62,416.06,26,0.0
5309,21,9061.58,431.5,35,184.82
5310,9,3055.39,339.49,18,2179.23
5311,5,1041.83,208.37,8,34.07
5312,18,7072.69,392.93,46,2649.94
5313,14,5297.4,378.39,38,311.08
5314,11,4340.61,394.6,20,43.35
5315,21,8556.03,407.43,44,1981.66
5316,10,2861.98,286.2,20,0.0
5317,27,9317.42,345.09,62,648.67
5318,13,2836.01,218.15,26,279.93
5319,10,6992.44,699.24,20,0.0
5320,8,2752.36,344.04,28,0.0
5321,8,436.28,54.54,13,696.54
5322,24,9021.13,375.88,63,2416.59
5323,5,1183.69,236.74,9,3411.59
5324,8,2786.08,348.26,18,85.97
5325,31,11018.92,355.45,72,1329.39
5326,18,5320.64,295.59,26,764.57
5327,6,574.72,95.79,10,7.88
5328,16,8228.0,514.25,36,60.22
5329,18,10631.71,590.65,37,0.0
5330,28,14061.79,502.21,56,0.0
5331,6,2476.74,412.79,10,0.0
5332,5,4375.92,875.18,9,505.18
5333,5,906.48,181.3,13,116.39
5334,8,1807.21,225.9,10,2944.38
5335,12,1967.38,163.95,25,585.99
5336,13,9249.45,711.5,30,3307.86
5337,13,8878.54,682.96,19,1301.5
5338,10,2186.27,218.63,28,0.0
5339,15,2702.81,180.19,31,11.68
5340,6,9291.33,1548.56,18,0.0
5341,6,2425.56,404.26,13,1282.4
5342,18,9864.45,548.03,40,0.0
5343,26,9537.82,366.84,47,440.99
5344,8,3542.39,442.8,13,599.8
5345,25,8238.34,329.53,57,2606.65
5346,25,8740.04,349.6,57,5221.66
5347,17,8732.83,513.7,33,26.61
5348,39,19065.33,488.85,86,2105.87
5349,7,2956.33,422.33,14,139.64
5350,13,2537.16,195.17,33,0.0
5351,18,7232.13,401.78,33,948.46
5352,11,2944.74,267.7,22,342.78
5353,7,3834.06,547.72,12,299.26
5354,6,787.04,131.17,12,523.95
5355,10,4528.52,452.85,22,318.52
5356,5,358.71,71.74,9,20.06
5357,6,844.23,140.71,13,379.8
5358,43,14100.36,327.92,96,548.28
5359,4,2643.8,660.95,9,200.48
5360,37,15294.66,413.37,82,4791.5
5361,5,2232.92,446.58,9,7.99
5362,5,3874.67,774.93,7,0.0
5363,39,18342.03,470.31,83,204.61
5364,10,2809.56,280.96,15,0.0
5365,8,1751.97,219.0,15,0.0
5366,21,9019.44,429.5,41,2022.0
5367,9,2726.78,302.98,17,69.97
5368,7,5126.84,732.41,17,47.39
5369,50,19186.14,383.72,113,1070.97
5370,11,3725.05,338.64,24,0.0
5371,11,2255.47,205.04,20,3306.07
5372,7,1390.75,198.68,14,371.94
5373,14,5866.51,419.04,39,615.9
5374,12,5481.44,456.79,26,400.76
5375,23,9446.64,410.72,58,49.97
5376,13,3627.23,279.02,26,43.55
5377,30,8162.55,272.08,55,1433.61
5378,9,5787.29,643.03,17,670.66
5379,16,8030.05,501.88,40,0.0
5380,9,4724.76,524.97,22,226.47
5381,9,2637.27,293.03,24,405.14
5382,16,7429.32,464.33,38,0.0
5383,9,4082.53,453.61,16,36.94
5384,19,8803.58,463.35,39,5354.34
5385,13,2681.43,206.26,27,0.0
5386,35,12977.29,370.78,75,822.94
5387,39,9921.01,254.38,110,8461.24
5388,6,507.36,84.56,16,3444.78
5389,9,7880.93,875.66,22,1131.75
5390,5,5007.83,1001.57,11,225.46
5391,9,3559.37,395.49,19,0.0
5392,23,9444.81,410.64,51,1919.06
5393,7,2671.11,381.59,16,214.22
5394,19,5702.57,300.14,29,104.72
5395,28,7576.69,270.6,62,2001.9
5396,56,32882.97,587.2,129,55.56
5397,11,5044.18,458.56,14,0.0
5398,34,11855.96,348.7,58,5085.2
5399,12,4352.45,362.7,34,1109.68
5400,7,3049.42,435.63,8,90.73
5401,10,1866.29,186.63,25,818.77
5402,5,2566.26,513.25,11,496.78
5403,4,1661.37,415.34,11,37.05
5404,8,6763.64,845.46,15,0.0
5405,13,7344.71,564.98,23,0.0
5406,20,6669.67,333.48,41,487.14
5407,11,3638.43,330.77,24,1127.85
5408,16,7200.37,450.02,35,5.3
5409,14,4141.95,295.85,24,749.14
5410,15,7873.98,524.93,45,455.21
5411,12,6196.13,516.34,26,0.0
5412,5,730.3,146.06,5,102.8
5413,10,4234.2,423.42,19,1026.18
5414,25,11353.34,454.13,60,761.02
5415,6,1391.05,231.84,15,0.0
5416,23,8043.97,349.74,39,451.18
5417,15,10214.24,680.95,26,292.81
5418,29,9995.97,344.69,68,1152.76
5419,14,3405.86,243.28,32,0.0
5420,29,28392.3,979.04,80,1020.23
5421,12,2100.42,175.04,28,4054.39
5422,10,4441.34,444.13,28,289.06
5423,16,3870.83,241.93,47,3200.57
5424,7,1821.25,260.18,18,176.41
5425,23,7032.53,305.76,53,8477.62
5426,12,5145.48,428.79,22,786.47
5427,15,4851.41,323.43,22,0.0
5428,24,12778.38,532.43,73,461.7
5429,17,8407.5,494.56,39,639.37
5430,8,1077.16,134.64,15,27.8
5431,13,5196.28,399.71,36,0.0
5432,31,16975.7,547.6,55,1862.85
5433,24,13569.92,565.41,58,99.08
5434,16,12702.91,793.93,49,3792.97
5435,8,945.0,118.12,15,10.1
5436,5,3569.46,713.89,11,1100.04
5437,27,16313.16,604.19,64,364.66
5438,21,10522.18,501.06,66,115.35
5439,11,1809.21,164.47,18,3364.98
5440,13,2511.1,193.16,24,375.35
5441,29,15026.81,518.17,61,7.75
5442,17,4872.54,286.62,38,0.0
5443,14,4538.83,324.2,35,0.0
5444,12,3888.6,324.05,23,0.0
5445,5,6291.08,1258.22,19,0.0
5446,9,1756.11,195.12,17,721.29
5447,11,2294.45,208.59,20,0.0
5448,13,5687.36,437.49,20,57.38
5449,23,9041.93,393.13,44,7862.41
5450,8,2547.73,318.47,13,135.94
5451,16,6369.0,398.06,35,3909.8
5452,10,2459.45,245.94,14,0.0
5453,12,6204.76,517.06,27,303.46
5454,11,4048.63,368.06,17,306.99
5455,10,6406.62,640.66,18,311.66
5456,22,10282.86,467.4,54,861.38
5457,32,16450.87,514.09,81,2721.82
5458,14,6092.23,435.16,29,2580.83
5459,18,16582.64,921.26,52,0.0
5460,32,8650.04,270.31,60,786.48
5461,20,3142.46,157.12,40,245.99
5462,12,7769.2,647.43,22,2316.95
5463,14,7246.56,517.61,33,2690.61
5464,8,1895.74,236.97,18,1665.1
5465,18,4799.18,266.62,29,982.97
5466,27,7106.26,263.19,54,234.72
5467,11,8556.3,777.85,26,187.35
5468,13,7948.11,611.39,27,0.0
5469,42,24486.8,583.02,89,4825.53
5470,6,589.12,98.19,10,7250.38
5471,10,3941.42,394.14,20,291.99
5472,48,15167.61,315.99,134,1959.28
5473,7,2031.09,290.16,16,69.93
5474,30,6993.24,233.11,77,1782.44
5475,36,17559.06,487.75,81,315.04
5476,22,5213.5,236.98,42,90.9
5477,37,17702.78,478.45,68,4241.48
5478,10,1378.74,137.87,13,1024.18
5479,15,7869.97,524.66,31,27.1
5480,11,7296.69,663.34,25,0.0
5481,17,7845.46,461.5,40,0.0
5482,12,4405.29,367.11,31,162.04
5483,8,3219.2,402.4,16,365.03
5484,6,1612.14,268.69,15,780.91
5485,25,8533.72,341.35,45,3662.1
5486,27,9038.84,334.77,55,463.59
5487,47,14930.65,317.67,97,161.43
5488,6,7525.68,1254.28,11,3480.32
5489,19,10215.57,537.66,49,6488.05
5490,13,7722.09,594.01,22,650.22
5491,7,3411.89,487.41,15,56.11
5492,15,10530.39,702.03,34,1578.49
5493,11,7427.43,675.22,21,543.64
5494,25,17500.17,700.01,81,400.96
5495,10,1584.11,158.41,21,1329.19
5496,32,15884.66,496.4,69,2284.3
5497,27,8650.93,320.4,64,3169.62
5498,15,5580.79,372.05,33,5246.95
5499,10,3633.64,363.36,23,0.0
5500,7,1111.95,158.85,17,1254.09
5501,49,16404.32,334.78,99,2533.93
5502,6,1361.59,226.93,14,75.7
5503,7,3682.75,526.11,19,0.0
5504,54,25240.59,467.42,133,1657.27
5505,16,4649.0,290.56,32,4666.74
5506,14,4671.69,333.69,30,1426.52
5507,9,2038.07,226.45,22,0.0
5508,7,1427.21,203.89,13,50.53
5509,27,18614.12,689.41,60,0.0
5510,4,777.15,194.29,6,272.8
5511,8,2582.65,322.83,20,269.3
5512,8,3334.38,416.8,15,29.55
5513,15,3725.51,248.37,27,54.38
5514,11,2378.28,216.21,19,1085.89
5515,36,15741.56,437.27,70,111.98
5516,11,2559.4,232.67,25,263.1
5517,4,1828.48,457.12,12,1105.36
5518,45,19950.11,443.34,106,2533.05
5519,35,14073.07,402.09,76,3283.54
5520,10,2454.32,245.43,20,2074.52
5521,23,5329.37,231.71,46,7001.2
5522,8,4309.0,538.62,12,29.06
5523,15,4932.46,328.83,32,0.0
5524,20,7622.8,381.14,38,1029.84
5525,9,567.56,63.06,18,92.34
5526,13,4090.88,314.68,32,650.18
5527,23,6290.92,273.52,39,115.76
5528,9,6068.12,674.24,20,851.84
5529,7,2572.14,367.45,21,0.0
5530,47,18024.2,383.49,117,1169.95
5531,13,3953.4,304.11,25,130.13
5532,12,5228.0,435.67,31,0.0
5533,6,3043.48,507.25,7,207.72
5534,11,10107.52,918.87,39,1366.2
5535,5,629.6,125.92,8,76.02
5536,2,783.4,391.7,2,191.73
5537,6,4181.45,696.91,13,0.0
5538,7,4025.0,575.0,12,0.0
5539,13,4867.38,374.41,20,59.62
5540,14,6565.4,468.96,28,1974.21
5541,10,4810.83,481.08,23,524.63
5542,16,15381.32,961.33,51,1217.59
5543,32,9467.04,295.85,72,242.88
5544,22,8332.34,378.74,43,34.97
5545,7,3721.74,531.68,10,735.62
5546,11,3782.13,343.83,21,0.0
5547,22,8735.94,397.09,61,0.0
5548,13,3411.79,262.45,31,0.0
5549,11,4768.72,433.52,28,302.84
5550,49,29828.05,608.74,109,0.0
5551,10,6646.48,664.65,21,1918.62
5552,4,1712.95,428.24,7,3703.29
5553,13,6156.05,473.54,23,2481.64
5554,8,1391.95,173.99,19,4196.39
5555,10,6592.66,659.27,23,1720.28
5556,17,5186.32,305.08,42,79.02
5557,8,5846.22,730.78,18,313.57
5558,16,10598.55,662.41,36,821.13
5559,11,1423.66,129.42,20,4251.06
5560,13,7668.52,589.89,31,1042.71
5561,53,18865.8,355.96,118,703.87
5562,22,10331.9,469.63,48,37.35
5563,10,7201.52,720.15,30,0.0
5564,48,21353.36,444.86,106,5015.57
5565,40,15644.9,391.12,102,1187.23
5566,13,4900.53,376.96,23,0.0
5567,22,8679.38,394.52,40,201.85
5568,21,12887.48,613.69,41,104.08
5569,12,10238.73,853.23,24,6158.71
5570,24,5354.86,223.12,42,52.74
5571,8,1538.6,192.32,26,0.0
5572,3,394.49,131.5,3,738.48
5573,14,1614.62,115.33,26,0.0
5574,20,14400.26,720.01,46,1561.32
5575,10,6777.03,677.7,24,0.0
5576,7,2191.67,313.1,19,440.11
5577,12,7904.88,658.74,29,0.0
5578,25,12924.58,516.98,55,587.72
5579,9,2219.9,246.66,16,87.68
5580,4,2006.53,501.63,6,94.99
5581,6,3506.63,584.44,11,0.0
5582,3,250.03,83.34,6,1136.25
5583,4,1381.96,345.49,8,0.0
5584,16,2114.31,132.14,31,126.85
5585,16,5157.23,322.33,38,1103.28
5586,11,2138.91,194.45,20,0.0
5587,8,1350.03,168.75,18,103.08
5588,16,3655.31,228.46,32,114.11
5589,5,1873.94,374.79,11,0.0
5590,12,10428.74,869.06,30,1912.83
5591,6,395.29,65.88,9,0.0
5592,9,1545.92,171.77,20,340.91
5593,13,6231.63,479.36,31,0.0
5594,31,15615.11,503.71,66,4430.54
5595,9,2103.36,233.71,23,20.49
5596,14,4707.26,336.23,25,178.36
5597,36,20185.88,560.72,62,2587.04
5598,12,5209.86,434.16,21,0.0
5599,17,8714.78,512.63,42,59.82
5600,12,4943.56,411.96,26,502.54
5601,21,3807.51,181.31,42,0.0
5602,37,12566.75,339.64,85,134.82
5603,9,8599.17,955.46,21,363.2
5604,32,12762.98,398.84,72,2170.53
5605,16,2280.58,142.54,28,0.0
5606,17,4752.52,279.56,34,121.79
5607,11,5957.08,541.55,28,520.6
5608,6,2753.93,458.99,18,30.11
5609,8,2152.02,269.0,25,0.0
5610,28,11619.97,415.0,62,465.11
5611,19,6190.4,325.81,38,15.12
5612,30,16675.51,555.85,64,162.92
5613,9,923.96,102.66,16,339.23
5614,6,1064.72,177.45,15,0.0
5615,12,5536.95,461.41,22,0.0
5616,7,2038.88,291.27,12,0.0
5617,10,2758.43,275.84,16,252.87
5618,27,13684.36,506.83,73,832.63
5619,31,7874.67,254.02,59,235.42
5620,10,5459.41,545.94,23,55.46
5621,5,2684.21,536.84,15,0.0
5622,16,3150.6,196.91,34,0.0
5623,17,13728.89,807.58,45,355.25
5624,13,4852.36,373.26,30,264.76
5625,5,780.66,156.13,8,604.36
5626,8,1865.29,233.16,13,2839.3
5627,7,2811.8,401.69,16,0.0
5628,53,26326.43,496.73,117,941.05
5629,22,4297.59,195.34,47,330.78
5630,29,16476.66,568.16,59,2000.63
5631,7,2459.04,351.29,10,1087.11
5632,13,6707.53,515.96,39,0.0
5633,10,3778.53,377.85,24,64.12
5634,24,6148.5,256.19,60,874.68
5635,8,1430.95,178.87,17,0.0
5636,25,6628.32,265.13,43,11.49
5637,13,11465.69,881.98,49,3116.94
5638,9,7928.63,880.96,20,169.14
5639,7,3059.08,437.01,14,0.0
5640,11,3753.36,341.21,26,317.49
5641,41,19701.41,480.52,117,0.0
5642,46,25331.59,550.69,98,1537.44
5643,17,6803.95,400.23,36,351.67
5644,4,625.36,156.34,6,316.21
5645,18,8769.39,487.19,41,409.24
5646,5,2166.97,433.39,20,864.95
5647,29,7938.96,273.76,58,1627.58
5648,11,1955.78,177.8,19,1757.18
5649,6,668.61,111.44,13,3180.34
5650,5,3625.52,725.1,9,676.07
5651,10,3738.81,373.88,20,316.8
5652,16,3747.49,234.22,35,0.0
5653,22,8452.86,384.22,47,1624.29
5654,14,3975.08,283.93,30,15.94
5655,9,2002.36,222.48,14,1270.08
5656,9,941.02,104.56,16,754.45
5657,18,4445.98,247.0,41,0.0
5658,13,5626.37,432.8,25,64.91
5659,17,7506.35,441.55,32,0.0
5660,12,1834.74,152.9,22,1811.91
5661,7,3905.54,557.93,23,193.27
5662,4,2636.93,659.23,10,81.42
5663,7,1460.5,208.64,10,143.02
5664,5,748.72,149.74,11,0.0
5665,39,11279.75,289.22,85,1059.9
5666,17,17151.54,1008.91,47,337.95
5667,42,18915.56,450.37,82,185.22
5668,32,12107.35,378.35,74,719.78
5669,5,882.9,176.58,15,942.64
5670,6,5216.78,869.46,12,2402.54
5671,16,10055.91,628.49,43,23.11
5672,11,7232.4,657.49,18,112.61
5673,32,10405.08,325.16,51,3016.6
5674,7,2219.17,317.02,14,643.04
5675,9,10526.13,1169.57,33,0.0
5676,16,10623.39,663.96,40,38.88
5677,26,7615.32,292.9,73,4693.99
5678,13,10165.22,781.94,31,0.0
5679,26,17249.51,663.44,68,0.0
5680,11,4484.29,407.66,23,2557.34
5681,11,6279.29,570.84,22,1834.68
5682,12,2464.06,205.34,17,417.62
5683,15,3929.58,261.97,33,0.0
5684,22,5700.79,259.13,38,536.19
5685,5,6353.82,1270.76,11,1438.87
5686,12,1984.81,165.4,25,1384.18
5687,49,20864.12,425.8,114,377.02
5688,9,2354.72,261.64,19,28.76
5689,13,1184.27,91.1,28,551.77
5690,13,5166.58,397.43,29,29.33
5691,23,8355.08,363.26,40,157.49
5692,16,7070.89,441.93,44,152.45
5693,9,3886.37,431.82,20,0.0
5694,27,7829.23,289.97,58,1123.37
5695,9,3731.04,414.56,20,4105.7
5696,10,5168.86,516.89,33,0.0
5697,11,2702.07,245.64,17,0.0
5698,10,2888.32,288.83,25,1516.48
5699,22,6551.63,297.8,49,452.72
5700,18,8889.61,493.87,35,59.86
5701,19,8128.6,427.82,37,2374.61
5702,50,21871.31,437.43,102,1109.07
5703,6,2710.35,451.72,13,1720.12
5704,16,11550.36,721.9,34,4007.03
5705,18,10933.37,607.41,51,137.39
5706,26,11739.06,451.5,50,500.08
5707,18,4855.49,269.75,37,120.52
5708,9,9308.93,1034.33,30,0.0
5709,15,1136.66,75.78,24,3226.2
5710,10,1357.73,135.77,15,1518.98
5711,31,6929.2,223.52,68,441.22
5712,10,2806.38,280.64,27,142.87
5713,9,5919.4,657.71,16,113.25
5714,16,10166.01,635.38,32,3847.73
5715,17,2620.37,154.14,32,446.1
5716,14,5391.28,385.09,34,0.0
5717,12,5265.54,438.8,18,51.26
5718,27,6185.51,229.09,46,321.16
5719,46,24720.79,537.41,107,1601.36
5720,9,6076.13,675.13,18,0.0
5721,10,1884.21,188.42,15,1312.23
5722,8,1565.52,195.69,16,1574.22
5723,9,6421.39,713.49,16,0.0
5724,10,7027.45,702.74,25,0.0
5725,11,5835.98,530.54,34,0.0
5726,11,7761.08,705.55,22,26.73
5727,9,2185.15,242.79,20,23.4
5728,6,3709.13,618.19,9,0.0
5729,45,15795.46,351.01,103,3548.33
5730,4,8430.29,2107.57,12,0.0
5731,18,10904.75,605.82,38,154.38
5732,9,8175.05,908.34,19,141.94
5733,27,11179.77,414.07,66,470.23
5734,33,9259.45,280.59,70,517.41
5735,6,1137.71,189.62,11,86.62
5736,22,8775.07,398.87,46,1050.84
5737,25,6559.01,262.36,59,0.0
5738,9,1795.81,199.53,16,450.56
5739,20,6891.26,344.56,43,43.52
5740,10,3366.27,336.63,16,0.0
5741,4,899.88,224.97,8,7.02
5742,50,17265.88,345.32,108,265.98
5743,6,1424.32,237.39,12,5633.41
5744,9,2721.57,302.4,14,57.03
5745,11,3016.7,274.25,17,604.28
5746,46,22623.2,491.81,94,1330.02
5747,8,1483.49,185.44,12,0.0
5748,4,1327.11,331.78,17,854.68
5749,12,6029.83,502.49,22,31.52
5750,10,3543.48,354.35,37,611.98
5751,14,1835.76,131.13,42,0.0
5752,42,14536.13,346.1,82,231.56
5753,8,3059.49,382.44,17,342.58
5754,14,4744.54,338.9,28,31.08
5755,15,8869.59,591.31,34,7741.32
5756,9,4125.6,458.4,18,3673.64
5757,39,12565.08,322.18,81,66.96
5758,17,3346.06,196.83,37,38.17
5759,13,7639.95,587.69,37,568.63
5760,8,2431.03,303.88,25,0.0
5761,11,7729.4,702.67,19,415.08
5762,21,5177.55,246.55,39,1630.4
5763,10,1284.75,128.48,22,103.82
5764,29,9821.13,338.66,53,821.93
5765,5,1564.13,312.83,10,1685.56
5766,52,20650.43,397.12,115,2771.21
5767,21,10817.71,515.13,58,925.89
5768,12,4077.86,339.82,20,91.54
5769,12,2086.71,173.89,25,115.88
5770,32,9514.78,297.34,61,2576.88
5771,5,2848.64,569.73,6,1456.89
5772,6,3755.17,625.86,12,937.43
5773,21,10826.08,515.53,43,1821.84
5774,24,9757.06,406.54,45,129.64
5775,16,8962.28,560.14,37,0.0
5776,37,17816.7,481.53,89,1209.27
5777,19,4329.65,227.88,41,26.36
5778,15,3723.25,248.22,20,911.9
5779,10,1771.85,177.18,14,0.0
5780,13,4630.55,356.2,24,0.0
5781,13,4551.22,350.09,20,0.0
5782,14,3373.62,240.97,33,27.12
5783,25,10951.57,438.06,63,6986.07
5784,7,1315.94,187.99,22,0.0
5785,25,5972.38,238.9,49,2077.26
5786,6,8942.42,1490.4,19,0.0
5787,15,3453.65,230.24,28,510.6
5788,13,3722.14,286.32,24,37.47
5789,28,14690.29,524.65,74,4971.09
5790,13,7907.04,608.23,38,15.5
5791,13,2114.51,162.65,19,240.81
5792,24,8660.49,360.85,51,503.22
5793,28,7944.15,283.72,63,773.51
5794,15,4426.42,295.09,25,908.36
5795,11,2466.22,224.2,19,0.0
5796,16,3608.43,225.53,30,0.0
5797,27,18874.34,699.05,65,315.06
5798,8,4401.37,550.17,21,1424.35
5799,10,3464.0,346.4,20,859.91
5800,6,3450.07,575.01,14,384.75
5801,8,3628.5,453.56,13,48.58
5802,52,13124.77,252.4,108,5730.89
5803,15,8834.47,588.96,28,0.0
5804,22,7959.36,361.79,38,575.74
5805,7,2213.8,316.26,12,1248.68
5806,37,26015.34,703.12,94,2207.79
5807,24,10707.02,446.13,48,0.0
5808,38,10391.55,273.46,78,6898.96
5809,14,12811.77,915.13,32,0.0
5810,5,945.87,189.17,17,0.0
5811,14,10447.28,746.23,26,245.78
5812,27,7242.97,268.26,50,1029.84
5813,12,2134.52,177.88,21,404.86
5814,8,2360.34,295.04,23,70.9
5815,13,1195.41,91.95,27,10.35
5816,38,24001.73,631.62,83,881.44
5817,23,12153.86,528.43,59,90.84
5818,34,12190.82,358.55,87,156.26
5819,15,5961.95,397.46,24,2700.39
5820,22,10976.3,498.92,48,51.09
5821,6,2553.57,425.6,15,0.0
5822,9,2856.84,317.43,13,1683.29
5823,11,3966.89,360.63,25,644.45
5824,14,3330.03,237.86,34,214.31
5825,14,7839.6,559.97,35,0.0
5826,10,1886.28,188.63,19,0.0
5827,19,5409.3,284.7,33,14.68
5828,19,6006.66,316.14,39,3942.94
5829,5,2140.06,428.01,7,404.91
5830,20,16301.09,815.05,49,2164.06
5831,8,2781.48,347.68,15,37.85
5832,6,3273.21,545.54,18,396.57
5833,2,1907.31,953.66,12,2875.91
5834,6,1868.25,311.38,13,0.0
5835,5,1207.55,241.51,9,0.0
5836,22,22687.74,1031.26,52,274.4
5837,19,18215.93,958.73,35,149.84
5838,9,9123.57,1013.73,19,15.96
5839,29,16863.43,581.5,67,749.05
5840,50,22496.1,449.92,99,2868.98
5841,10,2093.33,209.33,21,64.78
5842,8,3859.49,482.44,18,173.12
5843,14,6622.24,473.02,29,1576.33
5844,11,3527.43,320.68,23,1153.82
5845,13,2908.86,223.76,28,695.25
5846,11,1674.88,152.26,41,385.62
5847,12,12785.32,1065.44,43,1773.19
5848,15,7884.33,525.62,27,385.4
5849,7,4843.83,691.98,25,2858.24
5850,13,9902.08,761.7,34,0.0
5851,8,2937.75,367.22,23,0.0
5852,31,7833.23,252.68,53,387.24
5853,15,6818.12,454.54,30,2499.68
5854,22,13592.16,617.83,50,822.07
5855,14,5986.35,427.6,32,884.77
5856,16,4029.72,251.86,29,158.96
5857,10,5542.66,554.27,20,37.93
5858,10,5040.52,504.05,18,107.58
5859,6,5743.86,957.31,18,0.0
5860,18,6641.48,368.97,36,384.46
5861,8,3069.79,383.72,28,1064.34
5862,20,8041.52,402.08,38,439.42
5863,12,2383.84,198.65,19,73.28
5864,8,3235.76,404.47,20,40.7
5865,13,2588.01,199.08,28,105.42
5866,7,840.77,120.11,11,0.0
5867,7,592.63,84.66,15,1925.66
5868,5,2046.37,409.27,11,80.41
5869,6,3393.27,565.54,20,1204.19
5870,47,18812.61,400.27,90,1156.57
5871,4,490.01,122.5,5,1415.3
5872,9,7578.2,842.02,31,69.13
5873,7,2890.75,412.96,18,926.86
5874,13,4465.2,343.48,21,0.0
5875,11,4151.18,377.38,27,146.26
5876,11,6352.81,577.53,35,5254.42
5877,23,8810.21,383.05,46,3900.32
5878,31,14537.82,468.96,66,1543.7
5879,17,4995.12,293.83,32,875.88
5880,9,8922.05,991.34,22,109.81
5881,7,1890.3,270.04,10,11.85
5882,6,3109.02,518.17,8,32.2
5883,20,11787.51,589.38,50,307.08
5884,14,4532.09,323.72,24,58.62
5885,11,7283.67,662.15,20,0.0
5886,17,8187.14,481.6,43,32.43
5887,9,4933.29,548.14,23,0.0
5888,7,4024.46,574.92,31,964.36
5889,5,5239.31,1047.86,11,0.0
5890,19,12731.88,670.1,39,146.79
5891,13,4058.61,312.2,29,0.0
5892,7,2590.38,370.05,16,16.01
5893,9,2500.88,277.88,15,0.0
5894,22,7770.02,353.18,47,845.75
5895,10,2858.1,285.81,31,0.0
5896,16,6675.9,417.24,27,2780.48
5897,6,1420.55,236.76,16,0.0
5898,16,4186.16,261.64,32,18.45
5899,17,2595.03,152.65,32,1114.89
5900,14,6213.45,443.82,38,78.0
5901,10,4235.88,423.59,25,470.99
5902,6,9168.65,1528.11,15,0.0
5903,16,7067.7,441.73,60,232.18
5904,13,7728.49,594.5,20,330.93
5905,10,1429.81,142.98,14,1498.66
5906,9,1886.68,209.63,21,239.62
5907,24,15072.09,628.0,44,2573.03
5908,32,10455.3,326.73,96,711.94
5909,7,2777.32,396.76,19,226.61
5910,21,9393.08,447.29,50,0.0
5911,9,1077.97,119.77,16,602.02
5912,17,9593.81,564.34,52,1087.22
5913,4,1448.24,362.06,8,0.0
5914,14,5154.99,368.21,32,127.6
5915,9,1465.47,162.83,18,0.0
5916,11,946.96,86.09,30,2303.11
5917,36,21602.96,600.08,87,1514.88
5918,11,2190.66,199.15,24,1017.56
5919,10,5610.54,561.05,26,0.0
5920,12,2897.51,241.46,26,186.45
5921,24,8390.55,349.61,51,1292.88
5922,6,1866.79,311.13,11,2020.68
5923,11,5053.26,459.39,24,2810.03
5924,4,1470.51,367.63,7,1050.08
5925,11,7554.5,686.77,31,60.66
5926,20,3760.55,188.03,41,213.6
5927,13,4536.99,349.0,32,6.0
5928,16,3029.22,189.33,26,3857.65
5929,10,3627.33,362.73,15,0.0
5930,12,8695.25,724.6,29,1812.45
5931,12,3812.4,317.7,21,272.16
5932,38,13594.86,357.76,76,33.44
5933,29,11365.64,391.92,52,3778.85
5934,20,9182.24,459.11,43,1578.78
5935,10,1307.27,130.73,15,460.91
5936,27,8810.18,326.3,45,328.4
5937,10,4228.6,422.86,18,2249.26
5938,59,30831.77,522.57,131,1471.5
5939,18,4017.15,223.18,44,18.96
5940,11,11329.38,1029.94,20,278.06
5941,35,12947.05,369.92,66,266.69
5942,12,3480.51,290.04,23,0.0
5943,25,11097.18,443.89,57,370.91
5944,13,14292.5,1099.42,34,2276.88
5945,22,9083.82,412.9,49,2203.0
5946,4,1819.27,454.82,6,2715.99
5947,6,1733.73,288.96,13,22.75
5948,17,10406.0,612.12,33,14.95
5949,8,5175.01,646.88,23,403.29
5950,13,4630.24,356.17,28,93.76
5951,40,18632.75,465.82,77,1966.38
5952,23,11296.01,491.13,50,442.26
5953,43,15419.42,358.59,78,3638.25
5954,5,2774.9,554.98,7,548.06
5955,5,540.41,108.08,8,0.0
5956,24,6078.47,253.27,52,4278.69
5957,8,16773.4,2096.67,22,21.98
5958,8,3195.2,399.4,18,0.0
5959,7,1260.96,180.14,15,46.46
5960,24,11467.71,477.82,60,3918.42
5961,8,6714.39,839.3,21,513.84
5962,6,4578.43,763.07,20,0.0
5963,3,361.4,120.47,7,30.53
5964,8,5332.36,666.54,16,1194.57
5965,10,6152.78,615.28,32,880.47
5966,13,3421.95,263.23,30,722.6
5967,17,9144.41,537.91,33,0.0
5968,8,2628.51,328.56,22,212.79
5969,8,6090.45,761.31,19,108.46
5970,4,597.72,149.43,8,219.58
5971,21,11255.26,535.96,43,50.74
5972,7,822.91,117.56,12,1574.22
5973,6,1113.75,185.62,17,0.0
5974,13,7374.83,567.29,27,4609.1
5975,35,11930.38,340.87,65,8305.73
5976,19,10503.87,552.84,38,3359.74
5977,11,8569.21,779.02,24,113.25
5978,15,6938.73,462.58,46,676.53
5979,8,1043.77,130.47,16,0.0
5980,11,3507.66,318.88,22,5641.83
5981,57,34400.8,603.52,129,554.55
5982,14,4426.65,316.19,28,1567.17
5983,21,13878.65,660.89,50,430.17
5984,13,3353.96,258.0,24,594.62
5985,6,2028.69,338.12,21,1794.28
5986,17,11277.33,663.37,40,741.88
5987,14,9032.68,645.19,24,0.0
5988,6,1462.6,243.77,11,951.01
5989,8,2270.16,283.77,21,0.0
5990,10,1293.69,129.37,23,0.0
5991,16,9482.72,592.67,39,42.82
5992,24,4871.63,202.98,43,4448.41
5993,7,857.07,122.44,12,0.0
5994,37,15940.01,430.81,73,45.31
5995,7,10822.95,1546.14,27,0.0
5996,15,6021.15,401.41,23,393.49
5997,20,7452.86,372.64,49,255.02
5998,14,1766.35,126.17,28,1079.82
5999,32,9763.45,305.11,66,1302.15
6000,8,5748.4,718.55,13,322.77
6001,16,6156.25,384.77,32,141.16
6002,16,2669.46,166.84,35,52.15
6003,16,4790.45,299.4,29,529.66
6004,12,6421.8,535.15,29,3310.17
6005,15,2583.33,172.22,34,0.0
6006,6,1587.61,264.6,13,0.0
6007,10,3173.52,317.35,22,279.27
6008,29,7944.08,273.93,53,1299.89
6009,22,7755.77,352.54,55,1146.54
6010,12,4437.55,369.8,35,1119.88
6011,13,3661.23,281.63,31,249.54
6012,23,10306.18,448.09,54,2379.98
6013,39,11687.91,299.69,93,4756.99
6014,11,1686.25,153.3,20,789.47
6015,29,15812.8,545.27,79,1574.89
6016,5,6191.01,1238.2,11,535.3
6017,12,6172.69,514.39,26,160.03
6018,32,14232.71,444.77,80,179.77
6019,7,4793.45,684.78,13,191.95
6020,8,1900.56,237.57,10,2657.44
6021,13,5622.58,432.51,33,2702.15
6022,49,22495.51,459.09,114,1182.99
6023,6,3734.35,622.39,15,1528.43
6024,11,5224.81,474.98,24,1269.27
6025,12,4328.6,360.72,21,0.0
6026,10,6828.0,682.8,24,1244.09
6027,11,1568.58,142.6,18,2630.78
6028,14,6329.72,452.12,33,18.24
6029,19,6963.38,366.49,35,115.95
6030,8,1183.92,147.99,12,1787.9
6031,46,14255.36,309.9,100,2214.99
6032,23,9796.81,425.95,48,1482.67
6033,9,10087.28,1120.81,23,237.26
6034,15,4464.62,297.64,25,999.83
6035,9,8173.61,908.18,21,0.0
6036,8,5462.08,682.76,16,0.0
6037,20,7906.27,395.31,46,3830.34
6038,21,7494.86,356.9,36,0.0
6039,4,2328.96,582.24,6,48.16
6040,13,7032.28,540.94,26,0.0
6041,12,7822.59,651.88,27,916.59
6042,9,3907.13,434.13,27,912.6
6043,31,11815.84,381.16,64,247.28
6044,8,2329.52,291.19,19,188.97
6045,20,8248.49,412.42,41,903.46
6046,20,5881.51,294.08,53,48.15
6047,4,2283.76,570.94,7,1468.9
6048,5,2139.67,427.93,10,46.78
6049,9,2174.56,241.62,26,209.08
6050,11,3202.3,291.12,30,0.0
6051,12,5698.13,474.84,23,0.0
6052,7,2072.48,296.07,18,0.0
6053,24,14359.79,598.32,45,978.6
6054,14,5672.22,405.16,23,96.56
6055,12,3892.53,324.38,27,363.1
6056,8,4513.77,564.22,17,147.04
6057,17,5662.0,333.06,34,3789.35
6058,8,1945.37,243.17,14,62.97
6059,15,3532.9,235.53,35,523.68
6060,9,2685.06,298.34,17,5665.58
6061,31,26760.72,863.25,77,3120.23
6062,8,3670.77,458.85,15,0.0
6063,10,1433.91,143.39,24,0.0
6064,20,10578.85,528.94,52,0.0
6065,10,1309.7,130.97,20,37.29
6066,17,14537.03,855.12,37,0.0
6067,8,994.67,124.33,13,926.0
6068,10,2120.69,212.07,23,216.74
6069,15,4423.93,294.93,39,0.0
6070,20,5563.49,278.17,33,386.62
6071,30,11087.64,369.59,80,2665.65
6072,15,3921.41,261.43,31,112.97
6073,33,10439.04,316.33,76,0.0
6074,21,6695.51,318.83,43,241.7
6075,10,6466.74,646.67,16,245.47
6076,9,4041.49,449.05,18,48.11
6077,2,454.53,227.26,4,821.49
6078,8,3244.53,405.57,15,960.56
6079,7,2611.92,373.13,13,3.14
6080,15,10633.26,708.88,33,0.0
6081,9,4590.32,510.04,18,39.66
6082,20,9071.34,453.57,48,0.0
6083,7,1416.98,202.43,12,972.89
6084,24,9699.86,404.16,50,4974.33
6085,7,2815.33,402.19,21,785.89
6086,9,3137.33,348.59,21,2066.93
6087,5,283.96,56.79,9,52.6
6088,9,2006.86,222.98,24,370.36
6089,58,21707.08,374.26,132,2418.29
6090,5,546.72,109.34,9,52.65
6091,23,6542.22,284.44,57,1642.74
6092,42,32102.11,764.34,101,5968.01
6093,4,1504.22,376.06,8,2839.87
6094,9,2717.11,301.9,14,1009.95
6095,16,11301.73,706.36,32,5253.18
6096,7,1901.83,271.69,15,1185.8
6097,61,35131.91,575.93,142,694.06
6098,9,944.84,104.98,21,411.04
6099,33,9457.21,286.58,66,351.64
6100,10,4214.48,421.45,22,395.13
6101,15,8573.51,571.57,27,0.0
6102,17,9073.82,533.75,37,3005.05
6103,6,946.61,157.77,10,0.0
6104,9,6796.66,755.18,32,247.32
6105,15,4885.14,325.68,40,1311.61
6106,10,7485.26,748.53,36,0.0
6107,45,19385.32,430.78,80,7528.52
6108,9,6168.69,685.41,14,3188.05
6109,10,6799.95,680.0,19,0.0
6110,11,3168.36,288.03,24,1193.27
6111,10,4325.67,432.57,24,0.0
6112,17,7650.95,450.06,32,1889.46
6113,8,4329.79,541.22,12,194.26
6114,13,12535.74,964.29,38,0.0
6115,16,3179.09,198.69,30,741.4
6116,11,5243.11,476.65,21,155.62
6117,6,4999.44,833.24,16,52.28
6118,8,5917.67,739.71,20,1313.45
6119,11,6680.94,607.36,23,832.18
6120,15,6309.12,420.61,22,67.96
6121,6,1897.73,316.29,9,0.0
6122,7,1448.12,206.87,16,0.0
6123,12,3699.33,308.28,29,157.32
6124,8,3558.39,444.8,17,45.63
6125,31,10813.19,348.81,60,1534.97
6126,33,14977.01,453.85,59,1360.73
6127,12,2073.39,172.78,20,92.37
6128,15,7304.72,486.98,29,0.0
6129,9,1905.16,211.68,15,0.0
6130,4,614.86,153.72,10,329.46
6131,17,6444.35,379.08,30,4635.33
6132,6,321.86,53.64,14,12027.37
6133,4,1282.13,320.53,7,362.75
6134,26,14685.14,564.81,46,730.44
6135,20,7550.76,377.54,44,202.83
6136,4,594.48,148.62,6,86.24
6137,2,283.93,141.96,3,57.1
6138,27,14828.01,549.19,51,4173.62
6139,8,2782.15,347.77,15,0.0
6140,32,16320.93,510.03,66,4813.81
6141,9,1644.38,182.71,19,675.41
6142,29,15443.53,532.54,77,7691.02
6143,24,5379.24,224.14,52,758.73
6144,9,2754.33,306.04,20,57.71
6145,33,9771.93,296.12,78,1693.14
6146,13,4634.65,356.51,29,148.55
6147,7,1581.03,225.86,15,21.07
6148,10,2086.63,208.66,16,663.08
6149,22,11941.4,542.79,59,0.0
6150,9,1486.81,165.2,18,233.87
6151,12,3501.72,291.81,20,39.63
6152,56,37561.65,670.74,134,2960.83
6153,37,16528.19,446.71,75,0.0
6154,7,3389.96,484.28,11,0.0
6155,13,6226.62,478.97,27,206.28
6156,12,1599.66,133.3,17,0.0
6157,9,6357.55,706.39,27,314.33
6158,25,6625.81,265.03,52,4895.03
6159,30,14608.95,486.96,70,3946.27
6160,12,8247.24,687.27,26,2981.63
6161,7,1825.23,260.75,19,0.0
6162,9,1926.26,214.03,27,0.0
6163,9,1953.99,217.11,23,1179.49
6164,9,4057.41,450.82,22,841.52
6165,9,1944.21,216.02,18,0.0
6166,12,3911.03,325.92,18,108.82
6167,6,1060.97,176.83,9,77.04
6168,36,10929.15,303.59,77,5953.11
6169,12,6641.14,553.43,29,287.75
6170,5,347.4,69.48,10,1038.86
6171,12,3474.15,289.51,23,1071.55
6172,21,8251.48,392.93,46,1479.2
6173,15,1649.77,109.98,29,283.02
6174,32,17078.05,533.69,69,980.59
6175,7,2914.28,416.33,13,1829.09
6176,34,14037.22,412.86,67,595.07
6177,15,7851.95,523.46,27,235.29
6178,26,9987.78,384.15,53,484.3
6179,6,5935.57,989.26,16,0.0
6180,25,12486.36,499.45,59,139.11
6181,16,14801.05,925.07,34,0.0
6182,7,11785.06,1683.58,26,1696.02
6183,10,7583.76,758.38,28,1059.48
6184,7,3811.15,544.45,12,75.08
6185,13,5672.72,436.36,29,0.0
6186,15,3729.99,248.67,23,77.29
6187,12,2486.83,207.24,23,6225.81
6188,34,21196.75,623.43,76,204.17
6189,6,2337.84,389.64,9,34.7
6190,16,2092.42,130.78,29,233.71
6191,29,11493.45,396.33,85,1931.44
6192,21,8734.92,415.95,56,38.13
6193,14,7207.36,514.81,29,0.0
6194,12,3843.4,320.28,24,150.76
6195,8,1934.64,241.83,16,30.21
6196,14,2994.61,213.9,25,0.0
6197,7,1812.84,258.98,16,0.0
6198,16,3551.51,221.97,32,503.85
6199,17,6724.24,395.54,42,208.28
6200,15,12742.51,849.5,30,1662.27
6201,10,7131.03,713.1,25,127.72
6202,8,4157.91,519.74,23,0.0
6203,19,6467.17,340.38,42,5171.4
6204,8,1882.52,235.32,16,296.89
6205,34,19787.98,582.0,68,1506.05
6206,10,3454.63,345.46,21,292.04
6207,11,15173.19,1379.38,28,0.0
6208,15,3305.43,220.36,34,207.74
6209,15,2522.02,168.13,22,0.0
6210,8,1010.02,126.25,24,125.54
6211,13,2649.59,203.81,22,524.77
6212,12,2853.61,237.8,21,109.1
6213,10,1558.6,155.86,17,23.96
6214,11,2461.23,223.75,21,151.42
6215,18,10055.34,558.63,47,1906.29
6216,17,6209.93,365.29,29,17.46
6217,9,1310.46,145.61,19,358.62
6218,25,9169.22,366.77,47,102.2
6219,14,5620.25,401.45,20,311.65
6220,11,4010.81,364.62,15,39.16
6221,15,5963.82,397.59,35,6135.92
6222,4,4169.87,1042.47,11,0.0
6223,12,6358.89,529.91,32,0.0
6224,50,25502.32,510.05,115,4011.9
6225,31,9087.72,293.15,70,896.7
6226,11,4891.7,444.7,21,0.0
6227,11,2897.19,263.38,42,0.0
6228,6,7082.42,1180.4,13,412.36
6229,12,4207.42,350.62,23,48.24
6230,12,2097.17,174.76,30,317.36
6231,15,15368.0,1024.53,41,334.22
6232,8,1054.17,131.77,17,0.0
6233,5,2894.76,578.95,9,1613.28
6234,8,3121.95,390.24,17,0.0
6235,9,3125.67,347.3,15,3286.66
6236,4,1641.21,410.3,8,6934.92
6237,5,6177.5,1235.5,14,0.0
6238,12,2874.78,239.57,19,274.55
6239,10,1574.77,157.48,21,162.48
6240,51,20661.69,405.13,151,4394.07
6241,8,672.84,84.1,13,0.0
6242,17,8793.99,517.29,50,409.39
6243,10,2806.69,280.67,16,462.72
6244,9,6028.36,669.82,21,0.0
6245,8,2815.81,351.98,18,2320.08
6246,17,7971.74,468.93,40,1132.49
6247,27,14969.76,554.44,64,4631.77
6248,11,5871.95,533.81,21,83.46
6249,12,4175.37,347.95,27,542.56
6250,19,8519.62,448.4,37,101.1
6251,11,5151.64,468.33,29,425.16
6252,5,2253.25,450.65,13,1434.23
6253,32,10847.62,338.99,63,1173.53
6254,13,3296.91,253.61,29,1510.24
6255,22,6069.08,275.87,54,7569.44
6256,8,8504.01,1063.0,19,210.07
6257,13,4225.98,325.08,27,240.48
6258,63,17309.79,274.76,119,328.31
6259,8,3112.49,389.06,15,228.84
6260,12,4827.42,402.28,24,392.73
6261,12,2765.55,230.46,28,288.9
6262,6,2632.14,438.69,18,2530.15
6263,14,2536.78,181.2,24,0.0
6264,6,2345.62,390.94,8,0.0
6265,18,3721.8,206.77,33,424.83
6266,13,7166.91,551.3,34,4801.18
6267,12,3981.26,331.77,27,6958.06
6268,9,3588.97,398.77,14,407.52
6269,29,24139.81,832.41,93,1496.5
6270,6,2294.99,382.5,21,1255.18
6271,5,1924.77,384.95,12,739.64
6272,23,6771.15,294.4,45,795.81
6273,24,15795.49,658.15,59,886.72
6274,11,9235.34,839.58,39,471.47
6275,9,5487.47,609.72,24,0.0
6276,25,12990.7,519.63,63,3147.6
6277,12,3129.75,260.81,33,421.52
6278,13,2947.95,226.77,26,366.16
6279,7,2013.0,287.57,14,26.0
6280,12,6628.06,552.34,28,566.87
6281,18,6738.04,374.34,31,494.55
6282,9,1879.79,208.87,18,76.85
6283,50,32447.95,648.96,100,1580.88
6284,9,3286.25,365.14,16,0.0
6285,8,3015.13,376.89,15,1066.99
6286,7,2869.94,409.99,27,264.78
6287,17,6825.38,401.49,38,1090.62
6288,10,5513.01,551.3,27,113.13
6289,6,811.77,135.3,9,0.0
6290,11,3294.86,299.53,22,0.0
6291,23,8001.86,347.91,49,1887.27
6292,13,2938.09,226.01,18,109.01
6293,12,3785.86,315.49,29,0.0
6294,8,1525.81,190.73,14,0.0
6295,21,10355.84,493.14,42,1195.76
6296,20,10779.95,539.0,53,178.55
6297,10,6754.87,675.49,23,652.53
6298,8,1612.81,201.6,17,0.0
6299,19,9781.33,514.81,52,486.19
6300,5,2180.04,436.01,7,680.07
6301,9,4539.66,504.41,19,0.0
6302,6,3076.81,512.8,17,0.0
6303,7,882.26,126.04,13,1400.92
6304,52,21452.4,412.55,109,1074.54
6305,25,5660.83,226.43,57,352.59
6306,10,1530.26,153.03,29,34.09
6307,21,7604.16,362.1,47,264.59
6308,8,8025.64,1003.2,22,15.28
6309,52,25319.5,486.91,112,750.89
6310,7,6232.62,890.37,14,0.0
6311,29,8297.77,286.13,57,41.63
6312,18,9822.75,545.71,40,1440.93
6313,32,9536.6,298.02,65,75.49
6314,7,10468.11,1495.44,21,60.96
6315,29,23153.76,798.41,78,531.5
6316,10,1703.66,170.37,21,663.3
6317,14,1959.8,139.99,24,73.66
6318,8,2339.68,292.46,23,74.77
6319,16,3124.16,195.26,29,0.0
6320,31,19901.73,641.99,67,974.22
6321,16,3236.9,202.31,23,0.0
6322,12,1492.79,124.4,29,0.0
6323,19,8413.09,442.79,36,11.16
6324,11,3519.03,319.91,19,0.0
6325,8,2663.9,332.99,28,0.0
6326,15,6320.24,421.35,32,1727.46
6327,22,6986.2,317.55,46,1891.91
6328,9,2558.91,284.32,24,5389.35
6329,15,7934.27,528.95,38,0.0
6330,7,3208.83,458.4,11,0.0
6331,23,12140.17,527.83,51,1567.02
6332,9,5813.12,645.9,17,0.0
6333,43,14560.76,338.62,77,777.21
6334,28,14296.73,510.6,54,1114.62
6335,18,6688.85,371.6,34,257.31
6336,36,11071.26,307.54,82,560.94
6337,8,976.92,122.12,22,11.95
6338,5,1497.14,299.43,7,56.13
6339,27,13028.13,482.52,58,4928.16
6340,9,1791.73,199.08,23,0.0
6341,25,5759.52,230.38,43,4723.82
6342,9,7158.04,795.34,24,296.36
6343,26,22501.93,865.46,47,13247.22
6344,8,2208.17,276.02,17,486.59
6345,29,18500.28,637.94,60,1903.06
6346,8,854.4,106.8,17,419.29
6347,14,2705.89,193.28,18,365.38
6348,29,8919.54,307.57,68,1433.28
6349,14,5587.01,399.07,27,311.13
6350,4,982.64,245.66,11,8.9
6351,6,2443.25,407.21,9,0.0
6352,20,14868.3,743.42,43,148.87
6353,5,1375.66,275.13,12,172.53
6354,14,6494.37,463.88,31,145.1
6355,14,10353.39,739.53,38,412.76
6356,8,3274.63,409.33,16,816.52
6357,18,10397.66,577.65,35,2138.72
6358,27,7995.48,296.13,47,0.0
6359,14,6631.56,473.68,28,0.0
6360,7,1246.16,178.02,14,0.0
6361,13,6091.91,468.61,37,0.0
6362,24,10667.16,444.46,58,1003.23
6363,19,8108.02,426.74,35,2067.11
6364,18,12536.88,696.49,43,0.0
6365,13,4447.39,342.11,31,3622.1
6366,24,13150.01,547.92,55,0.0
6367,10,2895.58,289.56,30,96.0
6368,4,2292.39,573.1,12,595.27
6369,15,4976.62,331.77,26,0.0
6370,51,16409.62,321.76,112,589.54
6371,15,21742.93,1449.53,31,402.12
6372,11,3628.19,329.84,24,163.89
6373,26,10617.16,408.35,58,569.33
6374,10,3881.75,388.18,15,2.45
6375,18,3554.62,197.48,45,1211.56
6376,12,7883.81,656.98,21,0.0
6377,48,13080.75,272.52,106,4520.88
6378,13,7739.08,595.31,28,0.0
6379,15,5101.65,340.11,22,765.83
6380,20,21095.58,1054.78,45,113.87
6381,20,7748.1,387.4,56,121.38
6382,20,5159.95,258.0,46,1549.57
6383,8,2219.93,277.49,19,1530.68
6384,6,1810.21,301.7,14,396.64
6385,14,2355.01,168.22,23,51.87
6386,13,3237.16,249.01,37,3887.92
6387,29,10770.95,371.41,59,2968.6
6388,13,1867.12,143.62,28,238.65
6389,29,9575.71,330.2,68,201.95
6390,12,5477.69,456.47,27,1283.54
6391,7,3856.98,551.0,13,756.17
6392,21,4226.58,201.27,34,516.59
6393,6,1036.29,172.72,18,0.0
6394,8,1375.72,171.96,13,0.0
6395,8,2073.34,259.17,15,28.3
6396,8,3688.28,461.04,26,1628.03
6397,6,4399.45,733.24,14,385.6
6398,5,329.27,65.85,7,1252.58
6399,22,8547.53,388.52,48,689.36
6400,8,4262.46,532.81,18,4066.1
6401,23,16483.38,716.67,52,1369.35
6402,13,1934.28,148.79,20,2173.73
6403,15,3073.35,204.89,17,23.11
6404,14,7413.75,529.55,36,413.25
6405,11,2550.94,231.9,24,95.36
6406,11,1300.96,118.27,21,113.68
6407,10,4500.97,450.1,16,438.32
6408,54,14585.44,270.1,114,1649.15
6409,12,3009.25,250.77,19,207.49
6410,7,4122.58,588.94,20,0.0
6411,36,6245.39,173.48,65,1263.38
6412,17,5158.23,303.43,28,0.0
6413,11,3256.32,296.03,28,2488.31
6414,12,2612.03,217.67,20,61.37
6415,21,8162.13,388.67,44,624.88
6416,7,2300.98,328.71,17,0.0
6417,27,8165.34,302.42,49,989.03
6418,12,6685.22,557.1,36,115.16
6419,8,1107.26,138.41,21,3519.33
6420,40,15335.12,383.38,75,2706.85
6421,55,38236.6,695.21,114,2252.41
6422,16,4283.15,267.7,29,675.79
6423,9,4132.73,459.19,21,90.04
6424,15,4804.56,320.3,32,117.52
6425,9,789.41,87.71,26,1146.74
6426,14,2316.22,165.44,23,1064.63
6427,18,6391.92,355.11,35,0.0
6428,35,14443.49,412.67,70,228.09
6429,40,17081.38,427.03,78,1273.46
6430,13,2717.65,209.05,22,17.18
6431,10,6406.84,640.68,32,21.26
6432,27,10380.87,384.48,45,1895.44
6433,13,1320.15,101.55,23,0.0
6434,5,1785.81,357.16,9,409.32
6435,3,1066.1,355.37,7,916.92
6436,23,8736.97,379.87,46,3121.41
6437,8,2593.96,324.24,13,38.33
6438,3,124.6,41.53,4,0.0
6439,6,2317.38,386.23,13,0.0
6440,11,3861.85,351.08,20,0.0
6441,10,6714.42,671.44,12,176.42
6442,21,4569.43,217.59,41,1614.62
6443,8,3274.44,409.3,17,476.62
6444,9,1287.27,143.03,18,239.21
6445,19,6085.83,320.31,44,58.72
6446,20,12072.0,603.6,44,726.28
6447,6,2499.54,416.59,10,0.0
6448,20,4769.03,238.45,43,89.27
6449,16,3062.78,191.42,29,1912.4
6450,10,1587.39,158.74,18,379.64
6451,10,3974.3,397.43,25,0.0
6452,4,97.14,24.28,6,0.0
6453,18,5609.44,311.64,44,167.89
6454,9,2108.37,234.26,23,2172.85
6455,16,6705.54,419.1,34,1107.45
6456,23,9381.98,407.91,51,302.55
6457,14,5901.02,421.5,25,1666.74
6458,48,22170.68,461.89,99,3418.14
6459,13,2062.85,158.68,25,231.92
6460,11,815.82,74.17,15,0.0
6461,6,1855.37,309.23,9,398.5
6462,26,7541.26,290.05,48,699.04
6463,9,5701.41,633.49,12,0.0
6464,24,8066.05,336.09,46,3608.2
6465,14,9230.3,659.31,35,918.91
6466,6,1529.19,254.86,13,183.47
6467,14,2448.26,174.88,25,1058.21
6468,20,11723.93,586.2,33,743.89
6469,26,14148.04,544.16,67,454.28
6470,6,1338.19,223.03,15,550.2
6471,13,7202.06,554.0,36,14.06
6472,17,5313.83,312.58,31,347.85
6473,31,9731.81,313.93,66,3197.65
6474,9,766.31,85.15,13,101.68
6475,11,2350.19,213.65,22,322.82
6476,5,1525.61,305.12,8,90.27
6477,13,9126.96,702.07,30,2603.21
6478,4,269.9,67.47,11,1277.44
6479,47,16758.69,356.57,84,1731.55
6480,10,1891.73,189.17,16,0.0
6481,14,5021.13,358.65,26,28.37
6482,11,2719.07,247.19,24,191.75
6483,9,4560.69,506.74,31,951.05
6484,9,6504.51,722.72,20,0.0
6485,11,1939.33,176.3,16,271.12
6486,28,13137.06,469.18,66,2649.18
6487,12,9810.5,817.54,41,661.32
6488,14,11321.28,808.66,28,193.27
6489,10,5590.5,559.05,31,535.49
6490,29,9539.27,328.94,56,8351.42
6491,11,3028.26,275.3,22,0.0
6492,16,4185.79,261.61,24,1830.76
6493,39,13521.2,346.7,94,2385.88
6494,23,17575.11,764.14,52,1447.78
6495,9,1354.5,150.5,11,59.97
6496,6,904.81,150.8,10,3.59
6497,17,3649.04,214.65,44,1426.5
6498,6,4185.78,697.63,15,0.0
6499,16,10721.83,670.11,36,904.64
6500,5,1599.65,319.93,9,0.0
6501,7,3151.17,450.17,16,0.0
6502,17,2290.79,134.75,30,3337.44
6503,23,4112.61,178.81,40,110.55
6504,10,2813.63,281.36,17,0.0
6505,9,2406.2,267.36,23,99.29
6506,7,12579.75,1797.11,20,1292.1
6507,8,410.55,51.32,16,0.0
6508,32,19593.19,612.29,65,0.0
6509,12,6601.02,550.08,23,736.41
6510,16,8758.06,547.38,37,1390.6
6511,50,17500.1,350.0,114,993.16
6512,5,2398.03,479.61,7,0.0
6513,25,10770.33,430.81,55,2851.78
6514,10,8443.55,844.35,22,413.53
6515,17,3269.39,192.32,33,1302.21
6516,11,7134.92,648.63,22,176.49
6517,18,8483.63,471.31,40,798.75
6518,21,12276.62,584.6,56,925.68
6519,16,6875.74,429.73,42,0.0
6520,35,8482.36,242.35,77,1886.49
6521,35,9753.0,278.66,61,2557.34
6522,23,18697.71,812.94,57,138.02
6523,5,2540.82,508.16,8,234.63
6524,31,8499.0,274.16,77,9401.26
6525,18,14815.91,823.11,49,864.26
6526,11,2986.0,271.45,17,0.0
6527,7,2380.87,340.12,15,0.0
6528,21,7879.55,375.22,42,892.21
6529,16,3915.85,244.74,26,107.95
6530,15,10498.13,699.88,31,555.35
6531,54,27516.87,509.57,132,267.36
6532,5,927.53,185.51,7,692.16
6533,15,6351.37,423.42,33,3703.18
6534,12,2521.92,210.16,21,0.0
6535,9,6828.75,758.75,17,0.0
6536,13,11410.55,877.73,32,20.9
6537,8,3684.9,460.61,17,34.7
6538,8,2401.65,300.21,23,51.29
6539,8,2062.61,257.83,13,0.0
6540,5,1743.56,348.71,9,111.97
6541,17,4562.35,268.37,33,196.59
6542,7,1045.27,149.32,13,0.0
6543,9,945.59,105.07,23,0.0
6544,12,9747.81,812.32,22,208.28
6545,6,2688.13,448.02,9,393.85
6546,8,1068.45,133.56,14,888.96
6547,20,6131.39,306.57,39,5386.87
6548,15,5507.81,367.19,33,2430.82
6549,7,976.17,139.45,19,1379.25
6550,13,4579.67,352.28,37,146.0
6551,12,3395.2,282.93,17,0.0
6552,16,8367.15,522.95,30,1381.13
6553,41,8952.27,218.35,85,3717.77
6554,9,6382.32,709.15,15,111.11
6555,8,10551.53,1318.94,26,224.5
6556,10,1419.32,141.93,15,1772.93
6557,19,8799.08,463.11,42,1558.64
6558,6,4270.69,711.78,11,388.43
6559,13,7131.39,548.57,32,156.45
6560,14,2442.7,174.48,28,2853.93
6561,8,2004.51,250.56,19,313.88
6562,33,10486.63,317.78,75,2047.66
6563,13,2685.84,206.6,24,0.0
6564,8,1296.25,162.03,14,0.0
6565,19,4984.57,262.35,36,4674.95
6566,17,6832.16,401.89,40,0.0
6567,15,5572.14,371.48,37,1220.88
6568,18,3285.84,182.55,33,932.74
6569,6,1067.81,177.97,15,212.0
6570,27,11865.15,439.45,58,270.18
6571,8,2071.21,258.9,13,540.55
6572,4,1131.24,282.81,9,50.27
6573,11,4235.5,385.05,26,712.09
6574,9,4168.73,463.19,20,29.21
6575,13,15119.26,1163.02,40,2147.43
6576,6,2630.74,438.46,13,166.88
6577,7,1706.06,243.72,26,41.12
6578,18,14097.54,783.2,45,67.19
6579,21,5916.64,281.74,47,0.0
6580,3,3190.06,1063.35,7,1022.69
6581,11,4835.43,439.58,32,1283.28
6582,28,10528.32,376.01,65,666.94
6583,61,21512.07,352.66,139,1133.4
6584,9,3116.13,346.24,23,0.0
6585,5,1912.75,382.55,7,751.95
6586,5,2277.19,455.44,10,677.24
6587,5,2266.07,453.21,12,97.56
6588,13,2774.26,213.4,38,0.0
6589,30,16717.26,557.24,70,175.48
6590,5,2706.12,541.22,9,0.0
6591,8,7161.06,895.13,19,297.79
6592,6,1811.63,301.94,12,301.66
6593,7,11290.27,1612.9,27,148.19
6594,11,3325.37,302.31,25,317.0
6595,7,4631.23,661.6,23,0.0
6596,7,5005.98,715.14,27,409.96
6597,17,3146.21,185.07,37,8925.76
6598,3,329.04,109.68,9,127.93
6599,9,4670.87,518.99,21,1175.21
6600,23,9264.42,402.8,42,3580.96
6601,6,12302.75,2050.46,14,189.26
6602,15,6124.3,408.29,37,236.46
6603,26,7019.58,269.98,61,0.0
6604,7,1721.62,245.95,15,0.0
6605,7,2832.4,404.63,18,121.28
6606,31,12509.79,403.54,72,6360.82
6607,17,6890.51,405.32,34,0.0
6608,37,18446.36,498.55,99,2551.73
6609,11,3444.9,313.17,17,1156.28
6610,7,3181.66,454.52,14,0.0
6611,7,3217.76,459.68,15,1522.7
6612,8,819.54,102.44,16,6786.3
6613,11,3747.35,340.67,25,0.0
6614,11,3467.96,315.27,27,553.94
6615,8,3656.33,457.04,15,19.35
6616,3,441.29,147.1,3,0.0
6617,9,2551.21,283.47,19,669.39
6618,7,1475.44,210.78,13,74.79
6619,16,6886.04,430.38,47,1215.51
6620,6,1236.33,206.06,11,391.59
6621,14,4972.36,355.17,31,0.0
6622,9,7088.87,787.65,17,113.46
6623,11,7964.6,724.05,32,0.0
6624,27,10795.4,399.83,60,111.01
6625,19,4879.82,256.83,37,6813.47
6626,17,7048.07,414.59,31,0.0
6627,13,4175.69,321.21,26,5.66
6628,18,8125.85,451.44,42,4943.54
6629,8,500.42,62.55,15,188.22
6630,6,2263.84,377.31,15,1239.24
6631,14,7630.48,545.03,42,265.88
6632,15,3589.12,239.27,32,1863.12
6633,13,10010.46,770.04,36,503.01
6634,19,6381.46,335.87,43,2123.2
6635,12,1034.82,86.24,20,0.0
6636,11,5503.84,500.35,21,0.0
6637,13,5042.14,387.86,21,0.0
6638,23,11575.91,503.3,51,3163.65
6639,30,21260.0,708.67,72,1615.83
6640,11,5612.37,510.22,29,234.07
6641,18,6255.87,347.55,27,734.49
6642,8,2424.16,303.02,13,680.11
6643,18,8475.33,470.85,36,2677.14
6644,5,3572.03,714.41,12,1607.92
6645,8,805.99,100.75,14,323.1
6646,14,3926.2,280.44,31,0.0
6647,30,10624.45,354.15,70,2848.41
6648,7,2604.78,372.11,14,26.34
6649,9,5259.86,584.43,15,8.79
6650,24,11301.76,470.91,50,5124.39
6651,11,3075.9,279.63,20,17.75
6652,7,2152.2,307.46,14,66.36
6653,6,1766.8,294.47,12,0.0
6654,13,3451.07,265.47,29,3552.5
6655,8,1914.18,239.27,16,1458.63
6656,3,527.11,175.7,3,3042.14
6657,8,5197.76,649.72,15,683.78
6658,4,1213.12,303.28,8,5932.91
6659,13,7276.38,559.72,25,1488.24
6660,29,9898.16,341.32,65,5883.17
6661,9,8503.79,944.87,24,547.93
6662,50,18287.49,365.75,109,430.56
6663,13,21585.01,1660.39,40,0.0
6664,12,1657.05,138.09,22,141.17
6665,5,1913.52,382.7,18,601.93
6666,8,3094.73,386.84,22,593.1
6667,10,2339.36,233.94,17,3325.96
6668,12,4285.41,357.12,20,3961.04
6669,9,4513.87,501.54,15,0.0
6670,11,6769.49,615.41,22,212.7
6671,9,1798.32,199.81,17,148.87
6672,10,5221.27,522.13,22,0.0
6673,10,1756.2,175.62,17,0.0
6674,17,10806.52,635.68,39,332.67
6675,8,1847.52,230.94,19,1065.62
6676,28,5502.32,196.51,57,41.34
6677,23,10643.55,462.76,53,633.31
6678,14,8765.57,626.11,43,562.19
6679,8,10524.63,1315.58,28,969.44
6680,10,4772.83,477.28,22,2699.0
6681,15,5283.73,352.25,37,441.24
6682,22,10419.86,473.63,49,1330.93
6683,9,10362.99,1151.44,36,0.0
6684,27,10928.95,404.78,54,497.68
6685,5,2296.35,459.27,26,241.17
6686,56,25465.4,454.74,122,5715.02
6687,18,5883.49,326.86,41,196.42
6688,14,3568.02,254.86,33,0.0
6689,22,6554.53,297.93,42,393.29
6690,9,2258.01,250.89,24,325.9
6691,7,1412.37,201.77,14,109.12
6692,14,9178.76,655.63,27,521.5
6693,32,8198.03,256.19,60,1526.98
6694,35,10269.68,293.42,81,1203.61
6695,7,5250.6,750.09,14,190.25
6696,21,10513.43,500.64,44,203.51
6697,6,1461.58,243.6,11,105.92
6698,9,3625.51,402.83,21,739.2
6699,16,2126.58,132.91,51,237.32
6700,8,2977.55,372.19,23,612.5
6701,5,1309.82,261.96,25,992.71
6702,16,11441.56,715.1,38,252.56
6703,4,1282.87,320.72,14,279.36
6704,11,10571.88,961.08,31,151.94
6705,6,1284.57,214.1,18,302.39
6706,4,4242.4,1060.6,9,0.0
6707,12,2858.64,238.22,24,0.0
6708,22,15535.95,706.18,48,145.11
6709,10,3099.63,309.96,18,113.74
6710,27,10885.22,403.16,49,865.78
6711,13,4712.6,362.51,21,409.16
6712,27,11959.89,442.96,68,376.68
6713,15,2131.45,142.1,26,316.69
6714,13,3263.68,251.05,24,63.76
6715,13,2444.0,188.0,23,0.0
6716,9,4393.23,488.14,20,772.57
6717,11,4615.86,419.62,23,32.38
6718,10,983.59,98.36,24,38.9
6719,11,7716.22,701.47,28,0.0
6720,3,1385.01,461.67,8,598.38
6721,11,1890.05,171.82,21,5069.63
6722,12,10592.64,882.72,27,28.22
6723,6,1288.21,214.7,9,0.0
6724,52,28323.24,544.68,111,1952.07
6725,14,11637.15,831.22,36,109.05
6726,9,4617.58,513.06,24,0.0
6727,30,12925.8,430.86,71,4094.38
6728,56,27790.04,496.25,117,3657.12
6729,26,17889.05,688.04,61,159.94
6730,3,252.16,84.05,9,2260.56
6731,11,3459.83,314.53,32,44.95
6732,23,10030.75,436.12,45,33.71
6733,25,13418.86,536.75,62,2406.52
6734,8,3463.9,432.99,17,2447.17
6735,25,10896.61,435.86,56,2841.64
6736,17,9167.1,539.24,35,560.49
6737,11,5601.8,509.25,22,5.75
6738,10,3816.04,381.6,19,26.52
6739,14,9728.92,694.92,38,184.56
6740,33,9668.61,292.99,62,485.87
6741,13,8012.92,616.38,36,338.46
6742,12,8082.88,673.57,26,470.25
6743,11,4366.95,397.0,28,534.22
6744,12,1850.09,154.17,22,10796.47
6745,9,2110.1,234.46,17,1124.2
6746,29,15701.65,541.44,66,345.36
6747,8,964.27,120.53,15,0.0
6748,10,9185.1,918.51,24,641.05
6749,19,3793.57,199.66,38,1693.47
6750,10,675.26,67.53,15,106.51
6751,27,9037.97,334.74,53,95.22
6752,6,1329.0,221.5,10,0.0
6753,21,9419.39,448.54,53,6533.02
6754,8,874.37,109.3,17,0.0
6755,15,4421.33,294.76,32,1233.49
6756,31,24891.06,802.94,64,131.26
6757,28,9817.55,350.63,64,310.2
6758,10,804.18,80.42,13,305.83
6759,7,1094.45,156.35,11,829.96
6760,33,13927.37,422.04,78,6540.32
6761,14,3132.46,223.75,28,52.39
6762,24,8959.73,373.32,59,11373.57
6763,10,3093.47,309.35,27,0.0
6764,6,3765.93,627.66,11,55.87
6765,14,4597.36,328.38,33,4836.29
6766,10,4720.4,472.04,17,1287.58
6767,4,1102.27,275.57,10,210.75
6768,11,2010.34,182.76,14,730.06
6769,31,16140.29,520.65,77,3412.38
6770,24,8968.76,373.7,54,2275.94
6771,38,11185.88,294.37,75,3215.63
6772,8,7670.05,958.76,22,178.38
6773,13,7972.5,613.27,31,0.0
6774,8,8193.82,1024.23,21,816.3
6775,6,1664.84,277.47,11,1658.75
6776,5,1138.15,227.63,8,149.73
6777,3,1094.76,364.92,8,1278.93
6778,9,8845.4,982.82,28,174.68
6779,19,13118.49,690.45,41,1111.57
6780,12,2306.77,192.23,24,159.99
6781,14,8305.25,593.23,25,190.75
6782,7,6949.55,992.79,23,1488.47
6783,7,310.89,44.41,14,764.12
6784,15,3029.7,201.98,26,839.85
6785,16,9771.1,610.69,31,2203.66
6786,20,5323.1,266.16,38,4312.28
6787,7,1042.65,148.95,14,381.47
6788,6,2961.21,493.54,16,0.0
6789,27,12519.94,463.7,52,6.84
6790,24,18027.91,751.16,59,993.46
6791,11,6981.67,634.7,29,64.72
6792,9,2390.63,265.63,18,83.05
6793,11,2726.41,247.86,27,620.94
6794,47,14100.97,300.02,91,3567.64
6795,10,5325.27,532.53,22,0.0
6796,9,2298.59,255.4,30,654.64
6797,28,10358.82,369.96,61,1535.66
6798,9,4057.86,450.87,27,206.51
6799,8,734.15,91.77,11,486.18
6800,9,2341.2,260.13,21,536.87
6801,11,1528.17,138.92,20,3473.0
6802,18,8805.85,489.21,48,0.0
6803,13,7580.52,583.12,19,2940.23
6804,13,3988.92,306.84,26,1218.98
6805,7,3174.11,453.44,14,0.0
6806,10,7731.56,773.16,25,271.17
6807,7,526.56,75.22,18,201.09
6808,11,7895.2,717.75,32,933.92
6809,10,5218.54,521.85,22,5265.04
6810,6,3399.66,566.61,22,0.0
6811,21,5403.65,257.32,35,2412.98
6812,11,6494.86,590.44,30,0.0
6813,21,17452.41,831.07,55,0.0
6814,14,4264.11,304.58,24,108.44
6815,9,5022.55,558.06,15,23.25
6816,18,7518.32,417.68,38,1393.43
6817,7,2795.56,399.37,18,138.46
6818,18,6581.96,365.66,40,2127.26
6819,7,2039.82,291.4,10,0.0
6820,35,20757.81,593.08,74,2931.93
6821,13,2982.71,229.44,29,105.9
6822,16,12484.26,780.27,29,144.33
6823,7,1687.55,241.08,12,0.0
6824,10,4239.66,423.97,17,0.0
6825,7,9256.1,1322.3,16,447.72
6826,11,5836.45,530.59,24,162.74
6827,16,11512.55,719.53,31,22.84
6828,13,6563.04,504.85,30,0.0
6829,24,12609.55,525.4,60,69.8
6830,12,6754.94,562.91,27,519.69
6831,13,4085.11,314.24,19,0.0
6832,22,11038.83,501.76,60,3342.63
6833,9,4851.73,539.08,26,70.61
6834,4,3003.36,750.84,9,0.0
6835,10,4234.8,423.48,18,818.12
6836,9,4070.45,452.27,20,194.04
6837,18,11416.6,634.26,40,799.46
6838,24,10552.47,439.69,64,5276.62
6839,13,20495.48,1576.58,37,0.0
6840,49,20958.47,427.72,109,3841.76
6841,18,6634.76,368.6,31,1975.72
6842,38,23451.48,617.14,93,1089.16
6843,15,6955.45,463.7,33,1322.5
6844,13,2914.46,224.19,22,0.0
6845,13,7758.43,596.8,33,37.19
6846,19,9602.84,505.41,45,18.44
6847,15,5858.04,390.54,37,802.2
6848,8,621.5,77.69,15,257.49
6849,9,2996.94,332.99,22,439.66
6850,8,2308.23,288.53,14,870.04
6851,18,9746.74,541.49,27,8394.9
6852,13,6822.16,524.78,37,0.0
6853,12,3437.93,286.49,31,0.0
6854,10,9591.03,959.1,29,177.42
6855,15,6955.56,463.7,24,123.85
6856,17,4521.36,265.96,43,2413.71
6857,24,12950.64,539.61,44,4098.14
6858,6,634.18,105.7,9,1695.75
6859,2,1743.25,871.62,5,36.18
6860,56,32118.33,573.54,128,799.01
6861,19,9756.27,513.49,53,288.4
6862,28,11920.82,425.74,69,718.98
6863,6,807.04,134.51,16,1378.92
6864,12,4357.76,363.15,21,9.25
6865,16,6650.08,415.63,31,1893.76
6866,6,2128.27,354.71,15,0.0
6867,22,11846.46,538.48,44,169.62
6868,10,9094.38,909.44,33,551.89
6869,8,3593.98,449.25,19,2548.36
6870,11,6033.81,548.53,23,0.0
6871,18,8673.54,481.86,39,447.6
6872,28,10593.45,378.34,57,1012.84
6873,10,3382.34,338.23,18,496.82
6874,15,17008.35,1133.89,43,2111.91
6875,12,3410.49,284.21,22,597.27
6876,33,19011.45,576.1,75,47.65
6877,20,9426.63,471.33,46,4487.95
6878,5,681.04,136.21,13,813.48
6879,19,6294.44,331.29,25,65.06
6880,19,9822.03,516.95,35,100.47
6881,14,7234.84,516.77,31,0.0
6882,8,1785.74,223.22,17,513.86
6883,23,8415.71,365.9,46,5491.43
6884,32,15170.08,474.06,66,1300.16
6885,6,1933.3,322.22,12,144.1
6886,10,3193.54,319.35,21,8786.31
6887,24,8014.73,333.95,55,310.45
6888,10,3804.59,380.46,28,2420.84
6889,7,2431.8,347.4,22,0.0
6890,27,17776.7,658.4,54,0.0
6891,5,1841.07,368.21,10,0.0
6892,22,8735.04,397.05,48,2189.35
6893,8,1964.78,245.6,20,614.02
6894,8,9442.92,1180.36,27,0.0
6895,47,16325.09,347.34,105,2122.25
6896,16,1825.98,114.12,42,0.0
6897,6,832.76,138.79,12,70.71
6898,33,15885.07,481.37,62,1403.39
6899,24,8175.31,340.64,51,3708.25
6900,22,5909.31,268.6,46,718.84
6901,5,1980.09,396.02,9,232.12
6902,13,6348.02,488.31,33,586.12
6903,14,6087.45,434.82,31,398.9
6904,25,14921.27,596.85,61,180.51
6905,15,8784.97,585.66,23,177.25
6906,12,961.4,80.12,19,0.0
6907,11,6880.32,625.48,19,109.46
6908,7,1139.74,162.82,11,0.0
6909,23,15225.49,661.98,47,47.08
6910,8,9635.75,1204.47,20,280.56
6911,18,6307.86,350.44,43,337.62
6912,27,12087.9,447.7,52,93.39
6913,12,2055.74,171.31,23,958.44
6914,17,5160.18,303.54,37,4980.27
6915,15,6529.5,435.3,31,128.19
6916,8,6707.21,838.4,14,365.03
6917,6,6303.05,1050.51,14,136.89
6918,8,2219.96,277.5,14,904.58
6919,6,1250.15,208.36,15,126.82
6920,45,12958.94,287.98,97,199.81
6921,8,1174.57,146.82,14,302.08
6922,9,4848.57,538.73,21,1294.86
6923,26,15652.79,602.03,65,1052.52
6924,31,10463.48,337.53,62,191.7
6925,5,1389.47,277.89,7,8.99
6926,12,4133.82,344.48,29,762.96
6927,3,840.7,280.23,7,110.92
6928,7,1144.76,163.54,12,391.54
6929,10,2270.04,227.0,18,1136.44
6930,16,7027.01,439.19,36,191.46
6931,9,6312.19,701.35,26,1227.85
6932,8,2072.8,259.1,15,5.2
6933,15,5231.13,348.74,33,396.08
6934,8,3872.57,484.07,16,37.55
6935,9,1764.8,196.09,21,0.0
6936,16,5834.87,364.68,34,507.6
6937,12,4679.01,389.92,35,157.28
6938,4,4098.14,1024.53,7,0.0
6939,8,4016.12,502.02,26,1107.05
6940,17,2991.81,175.99,31,0.0
6941,14,8642.62,617.33,26,238.49
6942,13,4875.75,375.06,20,99.95
6943,12,9038.08,753.17,38,113.47
6944,6,4136.79,689.46,12,52.62
6945,7,17659.87,2522.84,20,2281.38
6946,18,3108.7,172.71,35,6124.74
6947,32,8808.67,275.27,56,2539.2
6948,11,5307.78,482.53,29,3225.81
6949,8,5045.78,630.72,16,203.03
6950,15,13571.11,904.74,48,21.34
6951,8,3723.99,465.5,12,0.0
6952,5,1319.85,263.97,8,0.0
6953,27,19891.78,736.73,69,5290.43
6954,6,2860.69,476.78,13,58.66
6955,12,9598.67,799.89,17,7.41
6956,11,3738.98,339.91,24,658.66
6957,19,7045.87,370.84,45,2754.44
6958,12,7164.26,597.02,18,197.97
6959,12,4025.05,335.42,26,323.97
6960,11,3680.59,334.6,21,412.82
6961,8,2891.9,361.49,17,2782.92
6962,24,8637.83,359.91,42,360.89
6963,10,2119.06,211.91,27,69.57
6964,9,4170.94,463.44,13,4906.36
6965,21,5966.64,284.13,50,147.57
6966,14,2582.34,184.45,26,2107.06
6967,12,991.4,82.62,22,1086.26
6968,13,5114.64,393.43,33,0.0
6969,12,3353.31,279.44,27,41.98
6970,14,7921.74,565.84,31,0.0
6971,15,7891.04,526.07,28,0.0
6972,8,2277.07,284.63,17,62.32
6973,10,5368.32,536.83,27,0.0
6974,8,2109.48,263.68,16,0.0
6975,26,12165.71,467.91,52,2374.98
6976,11,4793.76,435.8,22,706.97
6977,8,3633.72,454.22,13,0.0
6978,7,4817.78,688.25,23,1514.94
6979,9,4679.05,519.89,26,0.0
6980,5,1131.75,226.35,9,157.58
6981,7,4050.24,578.61,15,0.0
6982,10,4470.22,447.02,18,22.06
6983,43,12635.8,293.86,97,3406.95
6984,23,12479.1,542.57,53,0.0
6985,7,2254.43,322.06,16,419.08
6986,13,2956.24,227.4,25,0.0
6987,16,8106.44,506.65,42,0.0
6988,11,9608.88,873.53,29,220.93
6989,9,1610.3,178.92,20,0.0
6990,9,3497.06,388.56,20,162.66
6991,8,3711.2,463.9,13,1754.35
6992,12,3876.14,323.01,25,0.0
6993,21,10700.38,509.54,47,29.62
6994,4,814.52,203.63,5,173.19
6995,58,34985.61,603.2,143,100.94
6996,6,3663.56,610.59,10,0.0
6997,10,5417.38,541.74,22,2227.84
6998,8,3068.0,383.5,16,94.32
6999,18,10628.86,590.49,34,0.0
7000,3,629.53,209.84,7,826.46
7001,11,2949.33,268.12,25,1020.46
7002,12,7989.8,665.82,29,0.0
7003,8,1759.77,219.97,19,153.45
7004,6,2557.99,426.33,13,0.0
7005,23,6304.22,274.1,44,576.76
7006,17,4247.63,249.86,33,1981.14
7007,14,8548.34,610.6,36,174.33
7008,23,6820.53,296.54,41,2406.66
7009,9,2261.19,251.24,19,0.0
7010,33,19453.98,589.51,72,5000.76
7011,12,7195.47,599.62,34,0.0
7012,5,418.11,83.62,6,1026.1
7013,15,7323.27,488.22,37,3645.69
7014,6,414.29,69.05,9,397.64
7015,2,245.23,122.62,3,3812.79
7016,6,554.62,92.44,14,0.0
7017,14,6595.21,471.09,23,336.93
7018,7,1599.85,228.55,9,605.83
7019,8,2621.09,327.64,17,1681.48
7020,9,4172.21,463.58,22,23.77
7021,7,1844.55,263.51,18,0.0
7022,9,12454.69,1383.85,23,0.0
7023,32,27300.37,853.14,76,1406.39
7024,49,16492.79,336.59,103,996.45
7025,15,5820.48,388.03,42,0.0
7026,8,1034.36,129.29,11,19.81
7027,9,2168.1,240.9,30,0.0
7028,5,213.63,42.73,8,402.9
7029,18,3485.38,193.63,44,0.0
7030,11,8305.48,755.04,38,411.34
7031,9,4561.42,506.82,21,19.45
7032,9,9761.13,1084.57,22,0.0
7033,41,16091.17,392.47,73,603.57
7034,10,2608.02,260.8,20,305.81
7035,8,3084.06,385.51,16,1566.01
7036,20,13919.95,696.0,49,240.73
7037,20,7080.79,354.04,37,1010.22
7038,15,3295.4,219.69,27,1278.5
7039,9,1770.8,196.76,11,75.99
7040,38,22115.09,581.98,81,63.88
7041,13,6690.94,514.69,20,297.04
7042,7,2786.95,398.14,20,742.01
7043,5,1482.67,296.53,11,1273.01
7044,12,3891.79,324.32,39,1938.0
7045,31,7697.55,248.31,63,937.55
7046,16,3383.02,211.44,30,0.0
7047,4,898.46,224.62,10,3025.24
7048,8,1167.55,145.94,12,2985.7
7049,19,6322.11,332.74,38,15.12
7050,26,13649.11,524.97,46,1072.88
7051,35,15625.23,446.44,80,0.0
7052,9,2809.34,312.15,19,34.82
7053,7,617.7,88.24,13,0.0
7054,7,1737.1,248.16,12,0.0
7055,21,21817.7,1038.94,55,6155.84
7056,5,4470.39,894.08,12,0.0
7057,47,7993.97,170.08,105,1648.84
7058,34,21195.55,623.4,70,217.41
7059,22,6434.59,292.48,54,1862.28
7060,19,3446.43,181.39,49,402.13
7061,8,1721.4,215.18,15,2050.99
7062,13,5938.48,456.81,34,172.86
7063,4,1704.29,426.07,6,701.08
7064,8,2511.86,313.98,14,159.63
7065,11,3726.47,338.77,20,2557.99
7066,9,746.87,82.99,16,4417.73
7067,23,9336.3,405.93,71,1495.98
7068,28,11170.7,398.95,71,5583.0
7069,6,1061.1,176.85,15,1600.8
7070,4,828.25,207.06,4,457.58
7071,6,1156.06,192.68,15,3761.76
7072,7,1301.64,185.95,18,460.91
7073,18,6323.04,351.28,34,1688.4
7074,16,10738.52,671.16,31,53.41
7075,18,11274.73,626.37,48,1058.3
7076,3,5910.99,1970.33,8,153.19
7077,26,3974.27,152.86,62,935.7
7078,23,4203.7,182.77,43,208.01
7079,61,26293.17,431.04,102,4237.8
7080,19,8050.17,423.69,41,243.88
7081,13,8854.15,681.09,52,3125.61
7082,9,2997.21,333.02,19,0.0
7083,25,12061.36,482.45,42,67.37
7084,12,9183.77,765.31,39,10752.7
7085,9,1713.0,190.33,14,261.39
7086,10,9233.33,923.33,30,115.75
7087,14,12975.84,926.85,34,0.0
7088,4,829.5,207.38,6,2272.84
7089,4,3304.43,826.11,12,3658.27
7090,19,4312.28,226.96,49,1097.9
7091,21,8996.51,428.41,37,574.75
7092,22,5743.65,261.08,47,4455.11
7093,19,15403.01,810.68,46,830.84
7094,9,2751.38,305.71,21,0.0
7095,14,13358.34,954.17,37,1196.34
7096,16,9984.33,624.02,41,772.02
7097,8,1801.06,225.13,10,2911.86
7098,52,21308.14,409.77,103,1364.38
7099,35,11618.84,331.97,81,141.73
7100,10,2591.15,259.12,18,730.11
7101,36,15110.58,419.74,93,0.0
7102,12,4822.04,401.84,22,0.0
7103,10,4442.09,444.21,15,4066.21
7104,14,7957.52,568.39,39,4086.74
7105,12,1557.42,129.78,33,4715.92
7106,22,8084.14,367.46,53,837.03
7107,9,938.84,104.32,13,75.33
7108,7,764.21,109.17,17,28.89
7109,19,6468.46,340.45,38,884.53
7110,16,2680.09,167.51,27,0.0
7111,14,3407.23,243.37,40,0.0
7112,19,8966.2,471.91,40,1543.3
7113,7,6181.07,883.01,15,1710.77
7114,8,3478.58,434.82,12,53.04
7115,22,7864.35,357.47,52,463.86
7116,11,2133.7,193.97,20,69.13
7117,13,3735.47,287.34,34,2.87
7118,26,22660.68,871.56,78,1419.91
7119,38,21770.54,572.91,109,3580.73
7120,14,4194.93,299.64,25,802.08
7121,14,9871.52,705.11,33,828.4
7122,23,12634.46,549.32,49,148.44
7123,30,12454.89,415.16,65,2994.6
7124,9,2020.62,224.51,13,1583.34
7125,16,12867.58,804.22,35,58.11
7126,6,1586.73,264.46,11,25.74
7127,9,6769.75,752.19,20,669.32
7128,7,1157.78,165.4,14,1306.99
7129,17,4888.85,287.58,36,1826.68
7130,16,11830.22,739.39,35,503.12
7131,24,18271.68,761.32,51,4595.66
7132,8,1634.39,204.3,15,1942.22
7133,7,4934.98,705.0,16,2965.93
7134,6,1194.02,199.0,12,2232.72
7135,4,1204.76,301.19,8,0.0
7136,9,5945.0,660.56,24,1027.64
7137,51,14182.09,278.08,98,4039.19
7138,7,277.83,39.69,9,142.38
7139,19,9088.48,478.34,30,0.0
7140,4,2814.33,703.58,10,140.69
7141,9,3966.2,440.69,16,188.46
7142,19,5135.77,270.3,42,9358.08
7143,24,10990.44,457.94,48,156.97
7144,8,2001.73,250.22,18,81.75
7145,37,25756.17,696.11,91,557.39
7146,15,8154.6,543.64,48,0.0
7147,29,7449.99,256.9,46,2341.17
7148,10,1961.86,196.19,21,0.0
7149,8,2795.05,349.38,16,0.0
7150,19,12726.98,669.84,46,2695.88
7151,19,4743.92,249.68,36,1370.79
7152,26,9169.89,352.69,61,478.03
7153,10,1459.79,145.98,23,0.0
7154,32,14699.53,459.36,77,1660.16
7155,13,7720.03,593.85,35,243.96
7156,10,996.08,99.61,23,32.47
7157,8,2599.92,324.99,16,0.0
7158,9,1122.89,124.77,23,0.0
7159,9,1408.45,156.49,15,2668.34
7160,21,11956.27,569.35,39,3125.65
7161,5,2305.65,461.13,14,457.13
7162,11,1191.17,108.29,19,517.68
7163,6,2376.05,396.01,13,51.3
7164,23,11341.62,493.11,65,619.75
7165,7,2123.58,303.37,15,190.24
7166,12,2864.89,238.74,23,3078.55
7167,19,10670.26,561.59,49,2986.08
7168,34,13978.03,411.12,74,173.08
7169,41,10935.88,266.73,88,1692.9
7170,10,4209.94,420.99,24,437.21
7171,25,12552.55,502.1,58,182.44
7172,16,5742.92,358.93,39,617.66
7173,23,14498.55,630.37,44,3629.96
7174,14,5941.34,424.38,33,175.18
7175,7,2464.56,352.08,24,1243.6
7176,12,2418.89,201.57,19,62.63
7177,15,7575.18,505.01,52,872.4
7178,10,10653.8,1065.38,34,2586.94
7179,7,1942.55,277.51,22,50.87
7180,8,4473.77,559.22,17,6738.14
7181,41,12828.08,312.88,72,1166.69
7182,21,12993.0,618.71,47,100.66
7183,17,5726.54,336.86,39,172.45
7184,10,3128.11,312.81,21,139.69
7185,26,8731.28,335.82,60,1548.73
7186,11,4091.19,371.93,18,79.08
7187,5,680.34,136.07,10,798.48
7188,11,3807.55,346.14,21,102.69
7189,11,5081.18,461.93,22,907.33
7190,13,9258.21,712.17,35,116.06
7191,19,4296.72,226.14,37,3651.56
7192,11,3922.77,356.62,19,483.72
7193,5,622.16,124.43,12,1118.13
7194,3,295.31,98.44,5,0.0
7195,6,693.85,115.64,9,204.85
7196,25,11365.27,454.61,63,2291.41
7197,16,2959.01,184.94,44,5023.72
7198,17,4180.21,245.89,35,263.45
7199,7,2335.54,333.65,16,2.33
7200,25,10156.67,406.27,56,2049.5
7201,34,14032.0,412.71,67,720.96
7202,34,18279.77,537.64,76,675.57
7203,13,8825.53,678.89,39,525.74
7204,7,1315.94,187.99,11,719.6
7205,6,2012.87,335.48,9,52.57
7206,13,4864.67,374.21,32,730.13
7207,13,6316.97,485.92,23,0.0
7208,11,876.14,79.65,21,125.64
7209,4,662.29,165.57,8,0.0
7210,24,10631.36,442.97,61,262.84
7211,7,735.52,105.07,17,129.9
7212,26,14364.05,552.46,63,18.57
7213,10,1319.15,131.92,18,238.52
7214,14,4285.56,306.11,30,141.24
7215,7,5090.95,727.28,14,0.0
7216,15,10320.79,688.05,39,332.12
7217,20,9245.84,462.29,61,103.73
7218,11,4182.93,380.27,21,51.26
7219,7,1947.92,278.27,15,505.17
7220,11,8274.66,752.24,26,1094.96
7221,8,1952.66,244.08,16,0.0
7222,8,4877.31,609.66,16,0.0
7223,9,3277.57,364.17,26,0.0
7224,5,803.8,160.76,10,0.0
7225,11,8871.05,806.46,22,0.0
7226,10,6126.8,612.68,28,110.28
7227,6,4623.4,770.57,7,49.96
7228,23,10901.75,473.99,44,693.29
7229,8,4098.14,512.27,14,3056.66
7230,29,10085.29,347.77,54,4255.25
7231,16,5856.69,366.04,45,494.17
7232,8,2748.92,343.62,16,461.1
7233,19,6844.2,360.22,33,1283.01
7234,16,8868.11,554.26,38,620.48
7235,25,15100.53,604.02,56,1397.05
7236,11,3825.93,347.81,23,0.0
7237,10,11123.6,1112.36,26,324.83
7238,7,863.11,123.3,11,81.26
7239,11,2642.46,240.22,18,52.39
7240,11,4400.73,400.07,16,140.97
7241,9,3771.85,419.09,29,346.57
7242,8,1488.3,186.04,10,1518.95
7243,13,6026.44,463.57,24,271.2
7244,12,4034.53,336.21,27,29.54
7245,30,13012.86,433.76,51,173.92
7246,12,2619.62,218.3,41,647.54
7247,10,2725.56,272.56,15,499.74
7248,12,9992.28,832.69,29,0.0
7249,22,9676.06,439.82,45,884.91
7250,12,1170.4,97.53,27,159.65
7251,13,4574.61,351.89,26,368.99
7252,28,9977.68,356.35,60,722.68
7253,18,5465.83,303.66,43,0.0
7254,35,18427.69,526.51,78,977.82
7255,13,14240.28,1095.41,41,1120.03
7256,26,4177.78,160.68,62,5142.54
7257,12,2625.51,218.79,24,2890.02
7258,12,2246.89,187.24,19,860.14
7259,8,1174.56,146.82,19,0.0
7260,9,5168.98,574.33,23,607.93
7261,10,1845.93,184.59,18,617.92
7262,51,25356.67,497.19,106,971.89
7263,17,8722.62,513.1,41,238.34
7264,25,11788.07,471.52,61,1095.31
7265,16,4427.62,276.73,23,0.0
7266,27,6637.17,245.82,45,255.48
7267,19,9462.29,498.02,32,165.84
7268,10,1698.2,169.82,15,0.0
7269,11,2929.56,266.32,20,1252.58
7270,9,1294.91,143.88,19,65.55
7271,8,1076.36,134.54,16,70.7
7272,8,958.95,119.87,15,409.24
7273,16,8791.54,549.47,33,21.48
7274,6,2089.85,348.31,8,4103.33
7275,8,1856.74,232.09,14,2429.11
7276,23,17303.54,752.33,46,231.7
7277,9,5055.55,561.73,26,4117.98
7278,28,7958.97,284.25,58,0.0
7279,8,7497.7,937.21,13,218.87
7280,50,23789.64,475.79,107,1943.66
7281,16,1497.27,93.58,32,0.0
7282,29,8594.98,296.38,61,3034.68
7283,12,7009.51,584.13,34,0.0
7284,16,5785.8,361.61,30,5917.2
7285,9,2303.99,256.0,17,206.12
7286,6,1155.95,192.66,9,44.75
7287,13,2861.76,220.14,22,2401.91
7288,3,641.85,213.95,5,2744.24
7289,9,2321.92,257.99,14,32.0
7290,35,21639.88,618.28,72,1817.34
7291,12,7557.55,629.8,21,0.0
7292,15,6935.68,462.38,38,2460.56
7293,9,5091.12,565.68,25,0.0
7294,6,3037.45,506.24,9,48.26
7295,6,2786.59,464.43,12,310.31
7296,11,1911.57,173.78,19,1008.47
7297,32,13572.76,424.15,74,20.38
7298,32,6746.17,210.82,60,286.01
7299,17,6248.35,367.55,28,83.19
7300,12,5790.1,482.51,22,16.24
7301,18,3919.85,217.77,50,333.13
7302,10,4019.23,401.92,27,1058.73
7303,3,912.48,304.16,10,99.23
7304,7,1163.5,166.21,11,4075.52
7305,13,4487.57,345.2,30,744.38
7306,8,6671.22,833.9,20,43.26
7307,6,3408.5,568.08,15,86.5
7308,54,17489.93,323.89,108,280.55
7309,28,17787.97,635.28,70,856.59
7310,15,2100.85,140.06,31,1176.04
7311,25,13034.19,521.37,48,2073.19
7312,28,6410.71,228.95,58,78.47
7313,14,5354.76,382.48,28,337.43
7314,13,2374.31,182.64,28,196.59
7315,10,2053.29,205.33,18,0.0
7316,8,3620.08,452.51,19,4478.55
7317,27,7989.85,295.92,54,0.0
7318,10,2474.47,247.45,24,638.75
7319,9,1207.84,134.2,17,212.4
7320,19,12357.77,650.41,48,1514.5
7321,32,12986.63,405.83,68,2845.39
7322,6,2408.11,401.35,13,101.26
7323,15,4482.47,298.83,40,50.18
7324,11,2836.99,257.91,18,4453.79
7325,19,12805.36,673.97,46,96.1
7326,43,22129.99,514.65,98,511.35
7327,26,8690.6,334.25,75,774.85
7328,26,8964.27,344.78,65,303.92
7329,11,8703.04,791.19,26,2394.16
7330,8,1680.35,210.04,22,1849.26
7331,20,9978.4,498.92,44,0.0
7332,9,1328.27,147.59,22,117.18
7333,18,8898.14,494.34,38,1144.44
7334,13,3198.03,246.0,36,248.68
7335,6,3623.65,603.94,14,0.0
7336,10,1378.63,137.86,20,2330.15
7337,8,1855.97,232.0,12,1148.67
7338,5,2292.04,458.41,7,0.0
7339,9,1606.74,178.53,12,70.36
7340,6,4508.0,751.33,9,0.0
7341,10,3857.03,385.7,22,1180.68
7342,34,12953.55,380.99,87,193.39
7343,6,1320.18,220.03,13,61.87
7344,25,9832.34,393.29,55,4.44
7345,6,3309.41,551.57,10,203.96
7346,28,8573.47,306.2,75,1669.11
7347,19,5555.51,292.4,48,1205.21
7348,30,14230.7,474.36,72,2838.88
7349,26,8258.4,317.63,52,1678.53
7350,23,4025.41,175.02,43,1109.11
7351,9,1091.92,121.32,18,777.64
7352,10,4132.84,413.28,17,410.63
7353,8,3530.56,441.32,11,218.24
7354,21,10253.83,488.28,49,1699.46
7355,20,7733.08,386.65,41,999.54
7356,14,2677.48,191.25,21,0.0
7357,30,20702.03,690.07,66,4865.31
7358,10,4429.7,442.97,14,0.0
7359,16,4632.92,289.56,33,5695.91
7360,16,13316.11,832.26,39,1856.45
7361,5,768.01,153.6,19,484.86
7362,27,13184.8,488.33,46,5199.58
7363,8,3715.54,464.44,17,3645.48
7364,16,4502.65,281.42,41,766.5
7365,21,7185.89,342.19,47,666.3
7366,14,5040.32,360.02,31,0.0
7367,10,2557.19,255.72,23,1330.64
7368,11,9957.17,905.2,27,276.7
7369,19,8746.75,460.36,42,138.81
7370,25,19000.77,760.03,76,380.22
7371,12,7762.36,646.86,29,47.68
7372,7,2980.69,425.81,11,105.96
7373,10,6876.31,687.63,32,0.0
7374,8,3165.77,395.72,14,466.82
7375,8,1818.12,227.26,11,39.38
7376,13,2206.36,169.72,22,6113.67
7377,10,8773.15,877.32,29,0.0
7378,37,18560.07,501.62,92,381.4
7379,12,1500.42,125.04,17,0.0
7380,19,10182.51,535.92,33,130.93
7381,4,1740.19,435.05,8,13.8
7382,9,1854.26,206.03,18,83.32
7383,9,1940.21,215.58,15,2094.06
7384,12,8026.18,668.85,31,113.73
7385,57,32021.69,561.78,145,4575.75
7386,15,9140.42,609.36,37,0.0
7387,9,2057.77,228.64,23,1869.69
7388,16,3442.16,215.14,36,90.83
7389,4,6718.21,1679.55,9,63.75
7390,20,7133.29,356.66,41,1777.65
7391,13,4053.3,311.79,29,326.78
7392,26,8419.83,323.84,62,710.05
7393,15,8096.9,539.79,34,254.41
7394,14,6039.64,431.4,26,0.0
7395,10,3955.77,395.58,17,2568.62
7396,7,919.56,131.37,15,481.47
7397,15,4111.0,274.07,28,0.0
7398,25,14099.62,563.98,55,106.35
7399,13,1475.25,113.48,26,1430.35
7400,8,2206.01,275.75,16,673.39
7401,12,6621.61,551.8,20,44.16
7402,17,3400.9,200.05,31,121.81
7403,15,9667.64,644.51,29,0.0
7404,11,4225.87,384.17,23,1451.77
7405,8,2741.21,342.65,34,48.27
7406,18,11199.39,622.19,34,75.39
7407,16,4944.36,309.02,35,446.18
7408,13,2998.07,230.62,30,92.9
7409,12,7040.15,586.68,23,521.43
7410,12,6006.73,500.56,30,310.52
7411,11,2879.51,261.77,19,148.68
7412,28,14814.14,529.08,69,1864.38
7413,36,17752.65,493.13,103,4375.09
7414,26,17659.09,679.2,63,4890.86
7415,13,927.51,71.35,19,44.82
7416,14,4050.65,289.33,31,125.19
7417,32,16429.42,513.42,71,2694.93
7418,7,3451.93,493.13,15,0.0
7419,10,7852.03,785.2,18,0.0
7420,7,5645.82,806.55,24,299.2
7421,9,861.69,95.74,13,283.45
7422,10,2918.94,291.89,23,175.05
7423,15,11359.86,757.32,52,70.55
7424,12,4117.6,343.13,26,99.71
7425,17,7502.4,441.32,47,119.1
7426,28,9603.78,342.99,48,675.29
7427,15,3665.8,244.39,27,128.43
7428,31,8154.02,263.03,61,2921.94
7429,19,15890.65,836.35,38,6925.34
7430,20,10455.74,522.79,45,107.53
7431,9,2085.31,231.7,25,893.67
7432,42,25845.93,615.38,86,716.19
7433,19,10556.12,555.59,39,241.67
7434,16,4922.65,307.67,34,87.07
7435,6,6610.21,1101.7,20,299.67
7436,12,9121.94,760.16,31,93.13
7437,7,1176.99,168.14,14,77.44
7438,5,4955.13,991.03,12,16.5
7439,6,2610.58,435.1,12,200.55
7440,10,1280.07,128.01,22,92.9
7441,10,3267.74,326.77,29,0.0
7442,34,17203.28,505.98,64,13.24
7443,17,4069.83,239.4,44,394.79
7444,32,21128.62,660.27,77,1229.7
7445,10,5385.84,538.58,24,191.08
7446,8,3713.52,464.19,12,35.3
7447,5,3785.96,757.19,11,1082.91
7448,11,5137.68,467.06,23,2851.38
7449,18,7459.63,414.42,38,86.12
7450,17,9859.27,579.96,33,4076.58
7451,8,3131.76,391.47,15,213.06
7452,10,4233.32,423.33,19,32.52
7453,11,829.78,75.43,19,274.09
7454,3,203.17,67.72,18,0.0
7455,10,14316.04,1431.6,31,218.26
7456,25,7298.37,291.93,44,645.87
7457,6,2322.51,387.08,20,190.21
7458,6,1098.5,183.08,12,14.61
7459,3,311.24,103.75,3,1913.24
7460,37,22091.46,597.07,93,182.98
7461,24,8247.06,343.63,45,783.5
7462,20,7010.56,350.53,44,1349.53
7463,11,12694.88,1154.08,17,996.87
7464,27,15667.12,580.26,57,1257.24
7465,8,2365.87,295.73,19,0.0
7466,13,10905.64,838.9,25,932.74
7467,23,12631.36,549.19,52,1859.54
7468,7,5780.81,825.83,24,0.0
7469,11,14278.79,1298.07,34,60.91
7470,7,2741.86,391.69,16,3256.86
7471,8,8812.33,1101.54,16,244.08
7472,9,3323.9,369.32,17,0.0
7473,9,1600.7,177.86,17,1302.62
7474,15,7141.3,476.09,26,0.0
7475,11,5091.67,462.88,35,6828.72
7476,10,3501.19,350.12,21,0.0
7477,13,3936.6,302.82,20,11640.52
7478,5,1256.91,251.38,7,1103.27
7479,7,1577.82,225.4,10,0.0
7480,9,5430.23,603.36,18,1092.05
7481,25,5345.52,213.82,56,2694.88
7482,13,2879.83,221.53,28,55.23
7483,17,4653.63,273.74,33,15.32
7484,28,16585.58,592.34,68,196.6
7485,10,1368.26,136.83,14,2453.63
7486,11,5630.71,511.88,16,0.0
7487,12,3525.11,293.76,28,599.8
7488,18,16467.85,914.88,40,97.26
7489,15,4891.67,326.11,31,119.09
7490,15,3701.34,246.76,32,64.36
7491,17,2773.54,163.15,31,176.58
7492,9,5466.81,607.42,19,1059.58
7493,22,7696.29,349.83,37,1818.3
7494,10,3858.18,385.82,22,369.59
7495,49,23145.24,472.35,103,0.0
7496,21,7600.51,361.93,45,177.78
7497,7,2492.62,356.09,11,77.85
7498,23,8552.74,371.86,65,1931.68
7499,17,7689.03,452.3,36,226.47
7500,6,3791.63,631.94,11,0.0
7501,8,2364.06,295.51,18,747.93
7502,12,4777.32,398.11,28,56.18
7503,5,567.7,113.54,10,32.93
7504,7,3914.93,559.28,11,51.48
7505,8,1005.76,125.72,13,271.68
7506,16,4017.73,251.11,35,1082.9
7507,7,2720.67,388.67,24,973.91
7508,23,9822.08,427.05,55,252.43
7509,18,5469.28,303.85,28,5.32
7510,15,6232.39,415.49,30,3946.71
7511,8,4216.21,527.03,14,338.04
7512,44,28013.81,636.68,102,1814.23
7513,15,14686.42,979.09,30,23.72
7514,16,5787.76,361.73,37,2851.69
7515,8,2271.89,283.99,17,0.0
7516,14,5341.58,381.54,35,49.6
7517,12,4302.42,358.54,39,276.8
7518,6,1292.68,215.45,13,70.08
7519,4,2099.57,524.89,10,2092.97
7520,9,3757.09,417.45,19,126.68
7521,6,3170.91,528.48,13,0.0
7522,48,22308.5,464.76,107,3255.52
7523,13,6870.2,528.48,32,240.69
7524,13,1421.08,109.31,17,239.16
7525,15,10793.4,719.56,31,221.18
7526,17,6406.29,376.84,32,667.26
7527,25,8862.53,354.5,48,121.76
7528,15,4836.95,322.46,31,2690.64
7529,7,1454.11,207.73,17,34.87
7530,8,911.45,113.93,13,0.0
7531,9,3716.72,412.97,19,11.4
7532,15,2471.83,164.79,34,336.93
7533,16,7469.28,466.83,37,3224.43
7534,8,3347.38,418.42,19,6887.5
7535,17,6537.7,384.57,46,3236.27
7536,11,2590.75,235.52,23,247.68
7537,18,9105.23,505.85,43,0.0
7538,11,2117.26,192.48,26,1188.42
7539,12,4721.66,393.47,24,161.88
7540,52,28879.14,555.37,121,723.65
7541,10,4584.45,458.45,21,510.28
7542,17,7293.18,429.01,33,160.64
7543,8,4065.41,508.18,25,6139.93
7544,9,3173.26,352.58,27,427.29
7545,10,1486.61,148.66,17,510.6
7546,12,3859.3,321.61,29,328.65
7547,7,5863.79,837.68,18,4.75
7548,14,6711.11,479.36,27,33.57
7549,26,8684.98,334.04,53,2684.13
7550,24,5633.4,234.72,51,1291.32
7551,17,5683.82,334.34,38,2677.33
7552,9,1175.19,130.58,22,426.15
7553,8,1139.5,142.44,14,404.32
7554,20,1997.36,99.87,35,971.51
7555,13,8261.68,635.51,26,0.0
7556,16,5432.28,339.52,24,591.44
7557,22,7810.84,355.04,50,0.0
7558,22,10540.57,479.12,57,162.3
7559,9,8398.82,933.2,24,0.0
7560,40,20447.7,511.19,86,4061.05
7561,8,3999.07,499.88,23,7863.58
7562,5,4185.78,837.16,9,145.09
7563,11,6400.53,581.87,25,214.92
7564,12,4525.34,377.11,23,797.59
7565,17,9513.15,559.6,33,1692.59
7566,9,3083.6,342.62,19,483.07
7567,8,1561.68,195.21,14,68.27
7568,8,8270.8,1033.85,15,6804.68
7569,44,14278.18,324.5,80,743.87
7570,12,3596.07,299.67,24,391.02
7571,12,3104.05,258.67,19,1211.13
7572,10,2547.71,254.77,13,0.0
7573,12,3912.2,326.02,16,86.4
7574,11,2997.68,272.52,15,2922.66
7575,24,13070.62,544.61,45,1110.33
7576,18,5138.19,285.46,36,2377.49
7577,9,7953.87,883.76,15,208.9
7578,38,20995.6,552.52,92,278.41
7579,15,6247.04,416.47,31,128.54
7580,32,8368.16,261.5,55,1095.94
7581,5,1162.23,232.45,10,0.0
7582,25,7278.05,291.12,55,2101.34
7583,23,7125.22,309.79,48,702.91
7584,26,7844.45,301.71,53,349.2
7585,9,5022.94,558.1,19,0.0
7586,7,3586.28,512.33,10,0.0
7587,10,2391.56,239.16,14,4360.95
7588,11,2536.0,230.55,29,1124.3
7589,9,2284.21,253.8,14,626.16
7590,11,5844.22,531.29,27,255.34
7591,17,6874.76,404.4,39,55.29
7592,6,3028.74,504.79,8,473.2
7593,10,2159.17,215.92,29,0.0
7594,20,10023.02,501.15,42,168.6
7595,9,1860.04,206.67,14,169.78
7596,8,1964.0,245.5,18,0.0
7597,13,7563.38,581.8,37,76.03
7598,28,11707.89,418.14,55,344.17
7599,11,15936.83,1448.8,31,3096.32
7600,10,2553.62,255.36,26,5708.29
7601,14,5515.91,393.99,24,285.17
7602,16,5337.44,333.59,40,1267.6
7603,8,650.73,81.34,14,0.0
7604,25,5986.59,239.46,52,1919.88
7605,10,4278.81,427.88,19,47.07
7606,17,4889.66,287.63,39,823.92
7607,16,7860.92,491.31,35,4802.19
7608,24,11819.06,492.46,39,4191.29
7609,9,1981.04,220.12,14,215.01
7610,10,4244.4,424.44,21,510.6
7611,19,5480.83,288.46,39,1094.44
7612,10,2378.77,237.88,15,92.25
7613,14,5757.21,411.23,31,25.39
7614,32,14048.3,439.01,62,69.3
7615,21,12634.07,601.62,56,0.0
7616,12,20025.19,1668.77,37,258.83
7617,4,3445.29,861.32,10,579.69
7618,5,1593.54,318.71,8,0.0
7619,17,4889.16,287.6,25,0.0
7620,20,7859.86,392.99,40,0.0
7621,7,2098.62,299.8,13,882.03
7622,6,4295.8,715.97,16,0.0
7623,8,2192.79,274.1,10,0.0
7624,12,2248.66,187.39,18,0.0
7625,7,2515.48,359.35,14,61.23
7626,10,6368.96,636.9,28,23.7
7627,5,1586.67,317.33,10,239.89
7628,6,2174.02,362.34,13,0.0
7629,14,2255.96,161.14,27,0.0
7630,12,6051.3,504.28,33,181.1
7631,14,14286.76,1020.48,36,233.43
7632,33,22121.44,670.35,65,2195.68
7633,4,2163.27,540.82,7,201.25
7634,12,5930.6,494.22,26,20.05
7635,4,1088.02,272.0,11,405.92
7636,9,3982.64,442.52,26,0.0
7637,11,3396.2,308.75,25,1161.84
7638,6,2574.63,429.1,10,14.14
7639,7,1461.38,208.77,17,0.0
7640,22,7788.18,354.01,45,2558.96
7641,17,4943.2,290.78,34,3786.27
7642,5,6887.44,1377.49,10,882.68
7643,12,3283.88,273.66,28,0.0
7644,38,16746.1,440.69,88,1512.5
7645,7,2969.2,424.17,11,0.0
7646,39,14066.55,360.68,78,9415.76
7647,20,5915.09,295.75,37,0.0
7648,7,5506.55,786.65,9,551.84
7649,15,5828.12,388.54,32,3680.1
7650,5,1496.45,299.29,8,197.82
7651,20,10030.23,501.51,39,2196.91
7652,8,3348.31,418.54,25,883.74
7653,20,13719.21,685.96,41,97.45
7654,10,4443.09,444.31,24,0.0
7655,24,12646.63,526.94,65,5493.3
7656,13,4674.01,359.54,33,12600.25
7657,5,752.56,150.51,5,0.0
7658,8,1644.92,205.62,21,102.21
7659,6,8733.25,1455.54,12,3181.93
7660,25,18311.06,732.44,74,136.64
7661,22,5462.96,248.32,45,1085.89
7662,4,1924.87,481.22,11,6299.8
7663,32,14031.08,438.47,66,2890.4
7664,5,3267.76,653.55,10,110.67
7665,8,4404.2,550.52,12,1124.62
7666,26,6607.49,254.13,58,607.8
7667,7,1611.32,230.19,11,927.33
7668,35,10425.31,297.87,72,851.66
7669,11,4883.13,443.92,21,110.02
7670,14,3470.9,247.92,29,912.89
7671,11,3251.47,295.59,16,0.0
7672,9,1090.09,121.12,24,127.35
7673,11,4081.47,371.04,16,921.82
7674,14,6111.26,436.52,21,573.56
7675,14,4622.25,330.16,23,0.0
7676,17,4998.38,294.02,38,0.0
7677,11,5289.73,480.88,20,167.14
7678,10,2792.6,279.26,23,153.54
7679,16,3698.99,231.19,37,684.76
7680,24,10238.81,426.62,57,1407.27
7681,13,3601.97,277.07,40,2274.07
7682,5,2774.64,554.93,9,454.87
7683,9,5879.59,653.29,23,1914.49
7684,5,4721.2,944.24,10,0.0
7685,14,5436.61,388.33,26,0.0
7686,30,7357.69,245.26,68,73.74
7687,8,1034.11,129.26,18,0.0
7688,33,8219.19,249.07,80,204.88
7689,3,1259.91,419.97,8,1793.71
7690,17,7953.83,467.87,29,836.51
7691,18,7306.19,405.9,42,692.29
7692,13,5071.4,390.11,27,722.83
7693,13,3574.38,274.95,22,32.18
7694,16,11079.7,692.48,44,92.02
7695,19,13350.67,702.67,61,337.26
7696,6,5618.12,936.35,9,156.54
7697,6,3231.32,538.55,13,0.0
7698,8,1112.16,139.02,11,32.84
7699,3,862.81,287.6,4,1378.12
7700,32,7378.27,230.57,66,467.77
7701,7,4655.53,665.08,14,208.28
7702,6,1468.2,244.7,7,36.11
7703,2,431.53,215.76,2,0.0
7704,12,3417.63,284.8,21,526.93
7705,13,11259.86,866.14,33,681.7
7706,32,11262.43,351.95,79,344.01
7707,18,5667.62,314.87,31,0.0
7708,8,5111.55,638.94,17,4619.74
7709,10,9000.57,900.06,26,0.0
7710,14,8738.41,624.17,37,496.67
7711,16,3918.82,244.93,30,446.78
7712,52,28543.77,548.92,125,4099.3
7713,9,6172.45,685.83,19,34.48
7714,8,4902.21,612.78,11,0.0
7715,9,1506.52,167.39,17,744.76
7716,20,16414.71,820.74,48,1474.07
7717,12,3543.52,295.29,22,32.04
7718,7,2195.34,313.62,13,191.44
7719,7,3718.63,531.23,13,0.0
7720,9,4537.15,504.13,19,540.4
7721,6,6495.31,1082.55,13,11.81
7722,20,15839.09,791.95,43,1555.03
7723,7,1426.34,203.76,20,1453.23
7724,10,2488.3,248.83,15,0.0
7725,49,11661.77,238.0,93,3279.59
7726,8,2798.44,349.8,15,157.52
7727,12,6862.31,571.86,35,423.51
7728,17,5550.05,326.47,51,5133.8
7729,8,981.08,122.64,9,1873.33
7730,14,5251.73,375.12,16,733.81
7731,6,5202.71,867.12,13,2784.1
7732,27,12119.89,448.88,38,2715.16
7733,6,1070.48,178.41,11,1376.84
7734,8,2526.01,315.75,14,121.84
7735,58,28648.07,493.93,140,2170.27
7736,20,7500.21,375.01,40,166.02
7737,10,3512.8,351.28,23,2473.01
7738,12,9436.42,786.37,27,0.0
7739,4,5070.0,1267.5,8,0.0
7740,7,2465.92,352.27,12,0.0
7741,9,5278.83,586.54,16,0.0
7742,13,4584.16,352.63,30,3418.55
7743,32,8667.35,270.85,57,260.36
7744,16,6415.55,400.97,37,83.51
7745,18,3287.22,182.62,30,198.42
7746,13,2655.7,204.28,18,432.19
7747,10,1195.58,119.56,13,988.22
7748,20,5031.32,251.57,33,1237.4
7749,10,2289.3,228.93,23,1655.88
7750,5,8670.43,1734.09,16,0.0
7751,31,9447.88,304.77,52,4.38
7752,14,4912.62,350.9,37,1419.89
7753,7,2529.92,361.42,17,329.48
7754,6,1544.32,257.39,10,67.78
7755,8,3532.14,441.52,15,46.33
7756,19,8327.78,438.3,54,0.0
7757,3,318.39,106.13,4,141.08
7758,19,11075.06,582.9,39,1920.08
7759,9,3069.91,341.1,18,0.0
7760,14,5780.33,412.88,28,471.92
7761,16,4974.17,310.89,38,182.31
7762,31,12484.46,402.72,75,729.46
7763,35,10440.63,298.3,75,1463.33
7764,8,1478.23,184.78,16,313.76
7765,9,2801.99,311.33,18,797.71
7766,17,11247.21,661.6,35,1477.22
7767,19,9444.85,497.1,48,233.57
7768,43,24837.23,577.61,97,3735.9
7769,14,8648.84,617.77,39,151.77
7770,21,3499.86,166.66,42,80.9
7771,6,1038.74,173.12,11,329.36
7772,6,1307.18,217.86,8,33.26
7773,7,5765.93,823.7,17,107.92
7774,5,2173.86,434.77,12,9.55
7775,9,8380.07,931.12,18,50.08
7776,19,7656.21,402.96,34,32.83
7777,19,6552.05,344.84,29,326.39
7778,14,9718.68,694.19,42,725.91
7779,8,1828.85,228.61,20,125.26
7780,18,2471.93,137.33,31,670.76
7781,10,4311.09,431.11,19,0.0
7782,7,6419.86,917.12,25,0.0
7783,49,20142.89,411.08,95,4811.27
7784,8,1339.05,167.38,13,450.06
7785,9,4183.36,464.82,20,0.0
7786,26,6387.72,245.68,48,0.0
7787,10,3030.3,303.03,14,0.0
7788,9,1432.86,159.21,23,381.76
7789,20,5966.64,298.33,37,1562.28
7790,21,18610.57,886.22,51,745.34
7791,7,2029.67,289.95,9,933.36
7792,26,19896.7,765.26,76,740.14
7793,16,3860.4,241.28,33,0.0
7794,2,584.16,292.08,2,0.0
7795,15,8587.33,572.49,36,268.45
7796,14,7365.77,526.13,27,0.0
7797,44,14290.89,324.79,86,1888.8
7798,17,3746.32,220.37,59,485.88
7799,13,17943.96,1380.3,30,840.76
7800,11,2169.74,197.25,19,255.94
7801,13,7954.71,611.9,27,461.19
7802,7,6185.03,883.58,15,1305.63
7803,12,3423.39,285.28,21,56.45
7804,17,12123.69,713.16,45,2065.97
7805,10,1852.17,185.22,13,0.0
7806,8,2156.35,269.54,13,1352.82
7807,32,9141.56,285.67,84,274.58
7808,24,4859.01,202.46,45,1010.92
7809,11,3413.1,310.28,27,811.75
7810,9,1971.88,219.1,17,164.6
7811,19,8223.12,432.8,46,1639.99
7812,17,2552.29,150.13,36,3104.3
7813,18,5826.14,323.67,45,20.7
7814,23,16536.67,718.99,47,93.12
7815,23,9664.96,420.22,58,1552.45
7816,7,1101.08,157.3,15,0.0
7817,15,3345.29,223.02,26,0.0
7818,8,2307.1,288.39,16,16.14
7819,16,6320.82,395.05,30,282.57
7820,18,8069.57,448.31,48,49.89
7821,9,2099.15,233.24,26,0.0
7822,16,6550.13,409.38,33,196.93
7823,7,490.38,70.05,13,0.0
7824,48,15643.33,325.9,99,5064.82
7825,5,1170.21,234.04,9,0.0
7826,20,8740.07,437.0,45,20.02
7827,11,2334.26,212.21,36,1966.32
7828,11,7414.39,674.04,20,840.02
7829,7,309.82,44.26,11,2167.85
7830,7,2318.27,331.18,11,612.86
7831,16,5989.97,374.37,33,613.37
7832,19,4537.36,238.81,47,340.66
7833,9,2251.83,250.2,18,33.66
7834,10,2198.24,219.82,16,2629.45
7835,30,10795.53,359.85,65,12906.12
7836,10,6172.22,617.22,16,0.0
7837,27,12823.57,474.95,71,697.32
7838,4,1369.43,342.36,4,2248.69
7839,3,3412.4,1137.47,7,0.0
7840,10,2651.39,265.14,15,260.22
7841,8,1463.42,182.93,19,0.0
7842,33,13916.5,421.71,70,360.75
7843,8,3399.43,424.93,15,6546.97
7844,18,8680.8,482.27,33,8344.86
7845,11,2727.14,247.92,17,1019.59
7846,15,10312.09,687.47,35,0.0
7847,15,14006.31,933.75,24,1487.48
7848,12,1269.5,105.79,15,391.42
7849,36,14260.86,396.14,64,2472.74
7850,17,5001.36,294.2,36,619.55
7851,3,929.72,309.91,8,760.43
7852,5,1791.6,358.32,11,0.0
7853,6,1207.62,201.27,7,92.93
7854,13,2014.18,154.94,29,0.0
7855,8,2390.06,298.76,13,0.0
7856,7,1318.59,188.37,21,462.01
7857,8,1194.33,149.29,11,1179.55
7858,37,18056.3,488.01,70,650.26
7859,24,12206.79,508.62,49,1943.28
7860,7,2148.62,306.95,18,0.0
7861,32,8468.9,264.65,65,437.97
7862,37,12790.36,345.69,80,1967.87
7863,37,11772.16,318.17,83,4042.86
7864,8,2048.54,256.07,28,1471.69
7865,8,6310.6,788.82,25,367.51
7866,9,2180.67,242.3,21,522.44
7867,21,6352.12,302.48,46,204.85
7868,14,5316.74,379.77,27,0.0
7869,21,12081.86,575.33,48,0.0
7870,15,6861.69,457.45,37,6591.87
7871,30,8365.62,278.85,58,320.28
7872,19,3131.62,164.82,37,3913.02
7873,29,4767.09,164.38,52,0.0
7874,27,5830.31,215.94,41,18.59
7875,9,4482.45,498.05,21,2600.65
7876,35,10771.37,307.75,73,2350.45
7877,5,2540.31,508.06,9,0.0
7878,10,5787.22,578.72,29,22.84
7879,52,23168.74,445.55,114,637.89
7880,8,3906.09,488.26,19,424.81
7881,6,2500.41,416.73,10,0.0
7882,58,21168.44,364.97,122,250.71
7883,9,4180.96,464.55,21,195.77
7884,10,7411.33,741.13,22,0.0
7885,11,3127.41,284.31,31,25.13
7886,6,2487.6,414.6,16,0.0
7887,12,2554.0,212.83,24,0.0
7888,12,3726.64,310.55,22,539.52
7889,25,11168.69,446.75,44,1055.84
7890,14,3051.48,217.96,27,0.0
7891,16,2421.23,151.33,26,683.71
7892,10,2423.05,242.3,19,1342.39
7893,12,6202.38,516.86,26,0.0
7894,19,9330.21,491.06,46,146.68
7895,7,2308.92,329.85,22,166.8
7896,14,8110.49,579.32,25,0.0
7897,11,2448.62,222.6,19,0.0
7898,5,186.62,37.32,9,3787.76
7899,9,2536.74,281.86,21,124.03
7900,7,1413.91,201.99,10,33.88
7901,14,10491.91,749.42,37,9.88
7902,7,2379.73,339.96,15,0.0
7903,8,2545.64,318.21,25,123.48
7904,19,6078.97,319.95,41,131.1
7905,13,14170.86,1090.07,41,60.33
7906,19,6454.04,339.69,43,774.76
7907,16,3548.46,221.78,34,1872.58
7908,7,5811.23,830.18,12,727.84
7909,10,4194.18,419.42,25,75.4
7910,14,8944.15,638.87,34,0.0
7911,15,3806.85,253.79,32,128.3
7912,8,1679.67,209.96,16,81.42
7913,8,3359.89,419.99,11,25.74
7914,40,10115.46,252.89,101,663.31
7915,17,5677.12,333.95,34,5831.33
7916,8,1172.35,146.54,21,412.73
7917,26,11550.82,444.26,49,5969.93
7918,5,770.92,154.18,11,664.48
7919,9,2773.72,308.19,14,107.91
7920,8,1332.11,166.51,14,0.0
7921,33,10064.74,304.99,74,19.76
7922,9,5416.28,601.81,14,302.26
7923,19,11384.81,599.2,37,461.32
7924,18,5063.42,281.3,31,1446.7
7925,13,4540.05,349.23,25,369.55
7926,17,12350.86,726.52,39,61.34
7927,11,1321.36,120.12,22,52.14
7928,15,16180.22,1078.68,37,741.04
7929,10,2028.02,202.8,20,2283.23
7930,8,2521.9,315.24,21,726.57
7931,8,3104.23,388.03,27,175.23
7932,16,4752.85,297.05,31,1029.85
7933,19,4711.93,248.0,29,257.28
7934,9,2748.26,305.36,16,0.0
7935,3,3015.2,1005.07,4,339.65
7936,10,8709.49,870.95,28,1676.6
7937,11,4843.95,440.36,21,0.0
7938,7,2484.92,354.99,19,2543.13
7939,19,5468.85,287.83,45,4221.9
7940,9,1552.9,172.54,22,109.96
7941,4,4441.49,1110.37,11,114.03
7942,5,7148.62,1429.72,14,93.12
7943,10,1580.6,158.06,16,314.61
7944,16,8810.32,550.64,28,1497.98
7945,19,5713.7,300.72,42,417.71
7946,10,4072.5,407.25,23,1011.32
7947,11,6940.15,630.92,26,0.0
7948,20,7504.63,375.23,37,0.0
7949,18,3307.3,183.74,39,0.0
7950,25,3516.59,140.66,45,1307.6
7951,32,16727.43,522.73,73,0.0
7952,20,4113.24,205.66,37,2153.09
7953,23,3887.11,169.0,36,20.83
7954,16,1310.85,81.93,28,388.14
7955,11,2680.22,243.66,24,509.25
7956,25,7165.04,286.6,46,1238.99
7957,22,8890.59,404.12,53,170.15
7958,11,11427.65,1038.88,22,1320.32
7959,7,1842.12,263.16,10,0.0
7960,33,7967.5,241.44,71,1540.2
7961,6,2104.6,350.77,11,177.24
7962,12,2566.09,213.84,31,0.0
7963,4,867.64,216.91,8,207.54
7964,11,7050.26,640.93,15,0.0
7966,12,6549.24,545.77,32,0.0
7967,13,6576.49,505.88,27,140.75
7968,6,4523.52,753.92,12,88.0
7969,15,3258.57,217.24,23,499.67
7970,9,1167.4,129.71,14,31.69
7971,12,7042.77,586.9,28,9.98
7972,18,9023.73,501.32,44,91.27
7973,15,7365.22,491.01,29,148.89
7974,5,4140.96,828.19,15,140.45
7975,12,5106.28,425.52,21,1292.26
7976,9,2049.03,227.67,20,196.94
7977,14,7738.11,552.72,31,13.34
7978,11,2348.59,213.51,33,0.0
7979,12,1657.71,138.14,20,66.68
7980,11,8185.97,744.18,21,1915.43
7981,28,17091.52,610.41,67,0.0
7982,18,5781.88,321.22,40,285.74
7983,15,6608.92,440.59,36,45.51
7984,20,6436.72,321.84,47,2063.74
7985,33,13387.42,405.68,74,1204.49
7986,30,11227.41,374.25,58,4647.61
7987,7,4881.25,697.32,13,0.0
7988,8,1066.41,133.3,10,1729.52
7989,10,1849.73,184.97,17,577.51
7990,11,4561.72,414.7,18,0.0
7991,15,10653.25,710.22,30,76.61
7992,5,614.62,122.92,11,1755.91
7993,15,5932.67,395.51,27,510.38
7994,11,5897.66,536.15,26,0.0
7995,34,26615.15,782.8,69,34.08
7996,6,2131.11,355.18,15,0.0
7997,3,237.67,79.22,8,1979.32
7998,39,10181.42,261.06,74,100.24
7999,6,1896.52,316.09,16,169.68
8000,20,4685.57,234.28,44,1018.33
8001,48,32142.15,669.63,112,1334.25
8002,10,8942.37,894.24,18,54.01
8003,7,3008.25,429.75,12,0.0
8004,4,259.81,64.95,9,1784.05
8005,7,6663.2,951.89,13,108.02
8006,28,12657.5,452.05,64,1441.34
8007,25,10372.88,414.92,57,268.52
8008,8,4752.5,594.06,23,0.0
8009,10,6945.26,694.53,30,2205.3
8010,23,4403.11,191.44,43,844.41
8011,14,8069.83,576.42,35,21.9
8012,9,5263.96,584.88,19,434.09
8013,26,7217.39,277.59,52,651.41
8014,11,1169.51,106.32,29,187.91
8015,11,4960.41,450.95,15,530.8
8016,7,2659.58,379.94,15,338.89
8017,9,3182.9,353.66,14,1325.39
8018,20,7643.31,382.17,43,229.62
8019,20,9295.99,464.8,54,3531.36
8020,8,3120.96,390.12,16,16.03
8021,15,7161.54,477.44,35,475.36
8022,12,3965.33,330.44,20,81.98
8023,9,1670.24,185.58,17,0.0
8024,27,9113.53,337.54,64,177.85
8025,12,6877.63,573.14,23,54.93
8026,11,2518.89,228.99,21,3675.24
8027,13,10245.39,788.11,33,3988.38
8028,9,525.76,58.42,17,2397.14
8029,12,1950.58,162.55,25,755.14
8030,8,2698.77,337.35,14,69.94
8031,28,9692.15,346.15,62,7710.47
8032,35,21054.51,601.56,77,1045.45
8033,6,1411.14,235.19,15,0.0
8034,4,3341.01,835.25,13,0.0
8035,11,5137.42,467.04,27,1863.8
8036,14,3357.21,239.8,36,36.27
8037,54,21125.21,391.21,106,1584.88
8038,22,4524.96,205.68,49,0.0
8039,12,6879.61,573.3,22,0.0
8040,9,1944.0,216.0,18,358.15
8041,5,654.04,130.81,6,424.0
8042,4,531.14,132.78,9,89.64
8043,11,9357.18,850.65,22,241.08
8044,26,14312.35,550.47,56,1088.78
8045,10,5763.06,576.31,18,2039.9
8046,29,8875.43,306.05,68,212.61
8047,5,1712.77,342.55,6,624.91
8048,8,965.78,120.72,14,0.0
8049,34,13785.68,405.46,72,1696.92
8050,12,3805.51,317.13,27,63.13
8051,9,4447.55,494.17,22,1823.89
8052,48,22979.74,478.74,97,1270.45
8053,13,3804.62,292.66,25,3586.49
8054,23,14987.94,651.65,41,792.12
8055,12,9980.67,831.72,27,0.0
8056,22,10537.95,479.0,54,578.88
8057,9,4046.9,449.66,26,0.0
8058,7,2787.61,398.23,16,1745.12
8059,4,669.84,167.46,6,402.19
8060,30,23816.33,793.88,68,1185.91
8061,12,5210.91,434.24,29,0.0
8062,18,6700.68,372.26,47,1297.8
8063,21,4768.99,227.09,46,860.04
8064,19,4053.66,213.35,46,83.36
8065,8,2075.78,259.47,9,567.86
8066,11,2655.18,241.38,27,775.79
8067,11,5196.39,472.4,17,1479.3
8068,11,3482.58,316.6,25,0.0
8069,8,1248.8,156.1,21,0.0
8070,12,3055.25,254.6,24,1269.22
8071,15,4850.93,323.4,30,6591.58
8072,20,9831.79,491.59,44,1444.18
8073,8,3146.27,393.28,12,1380.52
8074,9,2270.04,252.23,16,1365.0
8075,6,2043.45,340.58,9,524.06
8076,35,6373.72,182.11,82,626.2
8077,36,13274.02,368.72,65,329.36
8078,45,19441.61,432.04,87,1795.85
8079,7,1382.11,197.44,13,2710.65
8080,7,689.69,98.53,10,1241.99
8081,32,14717.88,459.93,66,0.0
8082,5,554.76,110.95,8,477.01
8083,6,1059.31,176.55,13,1524.76
8084,8,6679.99,835.0,19,2369.68
8085,9,4498.21,499.8,15,1230.39
8086,8,2463.87,307.98,13,36.46
8087,22,18341.3,833.7,46,56.85
8088,15,5234.13,348.94,25,0.0
8089,22,3817.52,173.52,44,1413.92
8090,10,1039.15,103.92,19,0.0
8091,12,723.53,60.29,18,1377.5
8093,7,6287.81,898.26,15,31.74
8094,5,1182.79,236.56,10,0.0
8095,9,2568.2,285.36,22,0.0
8096,21,10350.88,492.9,44,4566.45
8097,29,18572.58,640.43,62,1691.46
8098,9,3970.98,441.22,17,344.2
8099,15,5602.03,373.47,27,1306.62
8100,11,5960.98,541.91,22,893.84
8101,12,8417.27,701.44,27,265.03
8102,18,7500.5,416.69,56,0.0
8103,15,3379.87,225.32,26,1237.94
8104,20,14526.6,726.33,61,2022.27
8105,8,7042.05,880.26,18,139.14
8106,14,4006.36,286.17,20,428.84
8107,3,435.82,145.27,4,1406.39
8108,9,9482.43,1053.6,27,1510.7
8109,5,579.19,115.84,6,290.14
8110,9,4104.4,456.04,17,9317.99
8111,13,3297.95,253.69,20,0.0
8112,9,1781.84,197.98,15,924.53
8113,18,6316.95,350.94,33,20.58
8114,6,8824.57,1470.76,22,793.26
8115,10,3558.7,355.87,13,949.36
8116,32,13895.58,434.24,65,1696.94
8117,16,7892.34,493.27,44,3710.31
8118,13,1194.49,91.88,28,774.6
8119,4,2800.06,700.02,5,2330.64
8120,11,2358.64,214.42,19,83.32
8121,36,7835.4,217.65,81,5755.81
8122,5,2415.21,483.04,9,825.87
8123,5,2567.14,513.43,16,3085.89
8124,15,6058.5,403.9,31,0.0
8125,20,3900.95,195.05,40,213.34
8126,14,3815.5,272.54,35,151.95
8127,3,551.22,183.74,7,1780.39
8128,4,1543.05,385.76,6,0.0
8129,11,3011.7,273.79,17,0.0
8130,8,4326.24,540.78,29,2430.63
8131,42,16135.14,384.17,84,0.0
8132,20,5314.26,265.71,50,44.82
8133,17,10764.65,633.21,61,67.17
8134,18,5299.67,294.43,41,0.0
8135,6,833.22,138.87,17,70.51
8136,3,847.18,282.39,4,2475.88
8137,14,2363.71,168.84,34,964.18
8138,13,9132.8,702.52,24,7455.2
8139,11,4789.07,435.37,24,0.0
8140,9,4419.59,491.07,25,0.0
8141,19,5816.19,306.12,31,688.31
8142,10,3314.85,331.48,18,168.33
8143,4,1611.84,402.96,7,0.0
8144,7,1290.47,184.35,13,0.0
8145,31,9153.55,295.28,54,671.91
8146,5,7297.72,1459.54,25,0.0
8147,9,2155.95,239.55,17,908.68
8148,17,7814.04,459.65,31,22.1
8149,17,5212.72,306.63,32,0.0
8150,9,1573.17,174.8,21,1283.57
8151,10,3657.29,365.73,16,54.2
8152,26,20922.48,804.71,84,262.26
8153,8,2616.83,327.1,18,4131.11
8154,27,13120.38,485.94,52,1110.95
8155,9,3803.59,422.62,15,489.71
8156,22,4558.58,207.21,48,3310.67
8157,9,2964.57,329.4,15,869.24
8158,10,3538.92,353.89,13,107.86
8159,13,11260.92,866.22,25,0.0
8160,9,2525.27,280.59,30,675.93
8161,7,4195.26,599.32,20,162.6
8162,10,12010.46,1201.05,33,2095.17
8163,6,1752.69,292.12,9,0.0
8164,15,4576.7,305.11,31,0.0
8165,7,4456.54,636.65,9,0.0
8166,14,2442.2,174.44,28,4.9
8167,11,4463.09,405.74,26,162.43
8168,12,2235.09,186.26,15,1217.15
8169,9,3286.4,365.16,11,26.14
8170,21,6511.09,310.05,50,1247.43
8171,12,4488.09,374.01,37,0.0
8172,10,4599.12,459.91,30,905.29
8173,13,1954.79,150.37,32,380.79
8174,4,835.73,208.93,8,15.08
8175,15,9252.42,616.83,36,0.0
8176,24,10527.05,438.63,54,687.31
8177,13,6339.04,487.62,24,0.0
8178,10,1447.25,144.72,13,0.0
8179,29,14866.75,512.65,62,2972.69
8180,19,11625.53,611.87,47,1763.81
8181,18,7882.14,437.9,34,2106.82
8182,9,4269.05,474.34,27,190.43
8183,7,2349.26,335.61,19,17.33
8184,29,16819.79,579.99,75,0.0
8185,24,13322.23,555.09,53,538.45
8186,4,1030.83,257.71,7,72.23
8187,12,8110.34,675.86,21,0.0
8188,17,2884.14,169.66,41,350.12
8189,15,2201.67,146.78,38,315.35
8190,40,34427.44,860.69,91,3088.15
8191,12,6240.89,520.07,23,64.16
8192,10,2726.68,272.67,15,0.0
8193,10,9575.3,957.53,23,0.0
8194,9,5244.26,582.7,29,499.36
8195,10,1906.21,190.62,19,477.04
8196,10,4144.04,414.4,20,3011.69
8197,15,7081.9,472.13,37,0.0
8198,10,3618.0,361.8,20,192.24
8199,27,6875.37,254.64,59,2008.95
8200,14,5358.75,382.77,25,392.02
8201,15,4156.41,277.09,48,32.18
8202,17,6181.74,363.63,33,2318.14
8203,14,3995.76,285.41,30,128.55
8204,11,9780.21,889.11,28,2777.38
8205,25,7594.61,303.78,40,629.09
8206,14,12112.09,865.15,33,2723.79
8207,12,4231.89,352.66,23,0.0
8208,29,13666.07,471.24,51,324.49
8209,28,8435.32,301.26,59,0.0
8210,18,11011.19,611.73,40,1131.96
8211,6,934.95,155.83,13,200.38
8212,17,7582.65,446.04,47,1870.58
8213,8,2735.42,341.93,20,0.0
8214,9,3956.77,439.64,17,0.0
8215,13,9772.76,751.75,38,77.88
8216,33,8847.88,268.12,73,221.64
8217,5,830.49,166.1,25,510.6
8218,24,12118.46,504.94,61,159.37
8219,46,18425.24,400.55,108,590.23
8220,11,3008.75,273.52,23,17.94
8221,11,4158.51,378.05,29,81.42
8222,32,13494.91,421.72,61,10312.12
8223,7,2510.71,358.67,19,1649.9
8224,21,20497.69,976.08,39,1248.62
8225,12,6929.32,577.44,21,77.34
8226,6,2271.39,378.56,11,21.47
8227,6,2321.97,387.0,13,529.52
8228,13,5855.05,450.39,45,0.0
8229,26,11937.17,459.12,51,1441.67
8230,1,82.9,82.9,2,622.47
8231,8,699.6,87.45,13,108.18
8232,5,3033.54,606.71,11,176.21
8233,35,13164.14,376.12,62,3396.37
8234,9,1401.19,155.69,21,296.72
8235,18,3413.6,189.64,44,471.64
8236,8,2721.28,340.16,15,0.0
8237,28,7087.85,253.14,53,291.62
8238,12,5464.3,455.36,20,1677.92
8239,17,5060.92,297.7,35,551.39
8240,18,14781.15,821.18,55,1893.92
8241,37,23443.96,633.62,84,619.2
8242,5,1398.73,279.75,13,3998.07
8243,5,4641.21,928.24,13,2788.51
8244,12,7075.26,589.6,31,849.36
8245,7,3639.23,519.89,10,0.0
8246,18,2197.95,122.11,27,304.55
8247,13,4588.88,352.99,35,1371.98
8248,32,12358.79,386.21,59,57.15
8249,9,4834.46,537.16,20,126.69
8250,21,6624.9,315.47,38,402.63
8251,8,4860.08,607.51,15,1015.47
8252,41,14744.16,359.61,79,67.38
8253,14,5968.99,426.36,34,433.87
8254,21,5564.7,264.99,43,50.73
8255,7,8563.9,1223.41,16,0.0
8256,12,4352.18,362.68,25,723.49
8257,9,1123.03,124.78,14,1107.07
8258,17,5515.82,324.46,42,2772.28
8259,29,9761.11,336.59,53,1606.21
8260,9,1079.65,119.96,21,425.4
8261,31,18067.13,582.81,80,2295.09
8262,17,7036.8,413.93,30,78.5
8263,4,376.12,94.03,7,1465.86
8264,8,1327.33,165.92,17,17.29
8265,10,2568.44,256.84,15,0.0
8266,13,6212.51,477.89,32,462.17
8267,6,1924.08,320.68,13,582.96
8268,7,679.89,97.13,31,0.0
8269,8,7052.26,881.53,24,610.36
8270,39,19279.16,494.34,97,694.85
8271,5,919.75,183.95,7,92.97
8272,25,10966.13,438.65,55,1570.54
8273,24,7947.89,331.16,70,371.86
8274,11,1791.43,162.86,16,0.0
8275,15,5020.29,334.69,39,0.0
8276,5,1555.62,311.12,14,1302.4
8277,32,12952.87,404.78,68,981.46
8278,15,8413.19,560.88,31,207.65
8279,26,16431.6,631.98,72,327.96
8280,4,594.37,148.59,8,2271.54
8281,21,12391.8,590.09,48,1234.94
8282,6,595.33,99.22,8,9510.41
8283,17,10863.73,639.04,30,430.41
8284,12,3355.62,279.64,23,5257.36
8285,5,1552.88,310.58,12,554.36
8286,5,3132.65,626.53,9,388.49
8287,7,2561.36,365.91,20,0.0
8288,9,4267.36,474.15,18,57.97
8289,9,4607.08,511.9,18,1953.98
8290,11,3626.9,329.72,20,1693.7
8291,10,1782.86,178.29,18,391.87
8292,17,7581.07,445.95,37,535.09
8293,13,3736.11,287.39,45,271.87
8294,9,8325.22,925.02,29,469.17
8295,9,4084.3,453.81,17,438.21
8296,17,8557.53,503.38,41,473.67
8297,11,5753.18,523.02,28,0.0
8298,9,658.42,73.16,18,3993.23
8299,4,3501.01,875.25,11,2463.02
8300,40,19346.51,483.66,89,4100.85
8301,7,2362.56,337.51,14,174.4
8302,27,7283.68,269.77,79,3045.05
8303,12,10267.09,855.59,34,0.0
8304,9,2540.28,282.25,18,3438.46
8305,8,2255.47,281.93,20,707.92
8306,24,9344.56,389.36,48,1763.33
8307,14,7646.52,546.18,22,182.22
8308,18,6095.37,338.63,40,171.56
8309,37,14650.45,395.96,92,270.9
8310,6,2144.8,357.47,7,795.72
8311,9,2238.42,248.71,26,987.88
8312,22,7445.91,338.45,46,0.0
8313,4,2509.47,627.37,9,20.8
8314,22,15840.05,720.0,46,1005.86
8315,32,13215.25,412.98,65,68.69
8316,9,3192.45,354.72,17,141.66
8317,6,9128.22,1521.37,12,304.0
8318,9,2248.22,249.8,18,2052.39
8319,10,4678.08,467.81,22,0.0
8320,7,1795.06,256.44,15,1143.81
8321,12,7544.35,628.7,33,566.03
8322,9,7157.77,795.31,18,95.3
8323,9,4613.1,512.57,21,1383.42
8324,23,7823.7,340.16,59,1442.48
8325,3,4196.22,1398.74,6,2216.99
8326,11,7357.4,668.85,25,9.34
8327,53,14096.33,265.97,109,1689.86
8328,6,1836.6,306.1,19,3871.7
8329,6,742.99,123.83,10,138.89
8330,35,24026.61,686.47,88,2382.04
8331,7,938.21,134.03,14,253.9
8332,32,22069.99,689.69,73,388.96
8333,15,11471.85,764.79,27,31.65
8334,10,1802.97,180.3,16,0.0
8335,6,931.1,155.18,11,205.05
8336,4,2360.74,590.18,10,898.07
8337,26,3807.85,146.46,51,1427.5
8338,8,1338.78,167.35,22,120.6
8339,15,7301.06,486.74,27,55.41
8340,20,14031.68,701.58,50,2945.43
8341,16,8153.99,509.62,38,95.25
8342,9,1897.08,210.79,13,47.21
8343,12,11623.06,968.59,29,561.66
8344,20,8648.51,432.43,44,477.78
8345,11,2122.14,192.92,26,1462.18
8346,29,11602.01,400.07,61,1858.41
8347,13,5430.48,417.73,23,0.0
8348,46,13813.0,300.28,118,692.98
8349,6,5346.86,891.14,23,0.0
8350,7,765.3,109.33,15,429.52
8351,20,14957.4,747.87,44,406.16
8352,9,7308.81,812.09,26,78.85
8353,8,6074.68,759.34,14,0.0
8354,11,2159.33,196.3,20,0.0
8355,36,7349.05,204.14,82,325.05
8356,5,2672.14,534.43,10,0.0
8357,17,3093.73,181.98,40,2057.74
8358,16,5711.14,356.95,30,1212.6
8359,11,7157.76,650.71,22,2770.59
8360,10,1348.95,134.9,16,1726.54
8361,10,3029.55,302.96,18,205.23
8362,44,19336.74,439.47,99,1412.0
8363,10,876.08,87.61,19,3685.39
8364,32,6478.02,202.44,75,1058.33
8365,16,4313.14,269.57,44,446.39
8366,26,8961.43,344.67,66,370.01
8367,40,13731.1,343.28,87,905.31
8368,13,3066.37,235.87,33,524.63
8369,34,10882.77,320.08,69,555.65
8370,8,1749.22,218.65,12,436.95
8371,11,1850.17,168.2,16,0.0
8372,15,2245.5,149.7,28,0.0
8373,6,616.66,102.78,10,1238.57
8374,15,5903.8,393.59,39,61.33
8375,5,953.14,190.63,9,880.39
8376,11,3085.66,280.51,16,191.32
8377,29,13270.11,457.59,66,60.62
8378,6,1117.38,186.23,11,0.0
8379,11,1632.98,148.45,19,217.57
8380,12,4753.26,396.1,29,554.72
8381,17,6971.63,410.1,39,736.63
8382,21,7165.55,341.22,42,159.14
8383,7,722.42,103.2,7,0.0
8384,5,1151.16,230.23,12,377.22
8385,36,14267.01,396.31,72,529.04
8386,11,5158.7,468.97,22,2282.47
8387,13,1725.6,132.74,18,1830.17
8388,7,7359.83,1051.4,25,103.44
8389,11,8857.1,805.19,28,0.0
8390,17,7259.71,427.04,44,1098.54
8391,10,7525.87,752.59,25,0.0
8392,4,1441.68,360.42,5,47.27
8393,11,3981.29,361.94,29,0.0
8394,9,1293.46,143.72,14,0.0
8395,7,3283.08,469.01,19,48.67
8396,8,2021.44,252.68,15,65.38
8397,4,594.7,148.68,15,5640.31
8398,21,14116.92,672.23,47,163.2
8399,8,1156.58,144.57,15,0.0
8400,5,683.88,136.78,7,2105.89
8401,7,1549.39,221.34,11,397.11
8402,22,4674.69,212.49,55,1297.68
8403,10,3013.72,301.37,24,3068.94
8404,17,4288.3,252.25,36,2530.7
8405,7,2820.85,402.98,36,119.36
8406,9,9368.1,1040.9,23,48.1
8407,25,13979.17,559.17,45,683.34
8408,11,5364.87,487.72,25,476.52
8409,12,2724.99,227.08,33,735.41
8410,20,10312.76,515.64,48,4046.82
8411,25,11455.37,458.21,49,5961.6
8412,11,4115.56,374.14,19,0.0
8413,14,2994.52,213.89,23,820.23
8414,9,1487.56,165.28,18,7539.07
8415,18,9103.93,505.77,32,74.97
8416,10,10398.65,1039.86,24,0.0
8417,11,4943.1,449.37,25,20.13
8418,8,3774.59,471.82,23,0.0
8419,7,5861.24,837.32,14,0.0
8420,16,4325.39,270.34,39,97.4
8421,4,1788.27,447.07,8,312.6
8422,10,3508.88,350.89,19,0.0
8423,15,4637.47,309.16,32,135.66
8424,9,1263.17,140.35,25,3851.31
8425,46,10425.68,226.65,92,1056.55
8426,8,6031.78,753.97,24,245.52
8427,8,2943.67,367.96,17,129.05
8428,9,4551.02,505.67,14,178.18
8429,8,3934.24,491.78,18,1020.85
8430,15,8042.07,536.14,44,100.8
8431,17,4206.06,247.42,33,5.2
8432,8,3834.58,479.32,10,4076.85
8433,25,8976.72,359.07,69,12123.12
8434,14,4957.13,354.08,35,0.0
8435,21,12402.62,590.6,46,6.11
8436,8,1271.38,158.92,19,0.0
8437,5,932.52,186.5,11,68.32
8438,7,1027.3,146.76,18,0.0
8439,9,2122.6,235.84,19,168.32
8440,17,5276.27,310.37,36,2834.82
8441,7,3478.28,496.9,16,105.3
8442,10,2981.78,298.18,21,850.55
8443,50,24854.09,497.08,115,285.72
8444,8,5813.62,726.7,14,216.76
8445,6,1550.3,258.38,9,228.64
8446,14,3942.52,281.61,26,0.0
8447,9,2655.21,295.02,21,26.82
8448,6,3843.46,640.58,10,3822.32
8449,15,4570.53,304.7,33,404.25
8450,19,6266.72,329.83,31,504.92
8451,20,10004.12,500.21,43,250.17
8452,4,2316.52,579.13,9,2012.16
8453,10,3080.73,308.07,27,0.0
8454,22,14664.03,666.55,46,344.34
8455,15,8012.04,534.14,28,0.0
8456,16,2485.38,155.34,35,1875.3
8457,7,2565.21,366.46,14,117.5
8458,12,4773.47,397.79,22,1772.26
8459,5,1014.12,202.82,12,36.11
8460,26,12527.1,481.81,50,916.49
8461,6,5870.87,978.48,14,22.41
8462,53,22682.15,427.97,124,2084.43
8463,6,1419.59,236.6,16,165.56
8464,15,8275.24,551.68,35,0.0
8465,15,4115.43,274.36,27,65.55
8466,21,19839.34,944.73,44,290.14
8467,16,4248.86,265.55,26,100.35
8468,30,6502.68,216.76,50,447.68
8469,16,1749.38,109.34,25,154.79
8470,19,3903.07,205.42,45,0.0
8471,7,5802.5,828.93,12,167.39
8472,8,1485.26,185.66,16,0.0
8473,43,29003.57,674.5,110,6071.2
8474,29,6728.22,232.01,58,1805.99
8475,6,915.66,152.61,11,3471.51
8476,4,603.31,150.83,11,173.1
8477,13,4073.61,313.35,22,100.54
8478,8,1877.05,234.63,22,270.36
8479,8,1474.25,184.28,17,0.0
8480,25,7545.33,301.81,56,370.95
8481,5,2769.87,553.97,15,148.29
8482,32,7881.42,246.29,59,3196.74
8483,40,15891.5,397.29,87,2837.66
8484,4,483.4,120.85,4,0.0
8485,8,693.77,86.72,14,0.0
8486,6,2709.31,451.55,13,961.53
8487,8,4473.46,559.18,19,96.86
8488,18,2847.2,158.18,29,0.0
8489,21,10236.46,487.45,36,0.0
8490,8,1811.32,226.42,14,887.5
8491,18,6864.89,381.38,40,6307.99
8492,6,918.01,153.0,12,0.0
8493,6,1447.66,241.28,16,7.19
8494,39,11288.38,289.45,86,653.2
8495,14,7205.66,514.69,24,0.0
8496,19,6828.82,359.41,31,0.0
8497,7,1492.04,213.15,9,326.4
8498,7,2428.42,346.92,16,435.62
8499,6,1402.78,233.8,9,0.0
8500,21,17532.41,834.88,36,591.96
8501,9,3783.78,420.42,31,330.65
8502,19,9545.33,502.39,45,106.93
8503,8,4661.74,582.72,23,1155.94
8504,9,4861.28,540.14,16,224.93
8505,33,6888.36,208.74,78,836.79
8506,21,8984.62,427.84,54,1032.21
8507,23,10114.1,439.74,37,1601.58
8508,9,6348.94,705.44,32,1420.1
8509,13,4430.2,340.78,26,0.0
8510,24,18276.59,761.52,53,171.21
8511,22,13559.92,616.36,57,8246.58
8512,16,7387.41,461.71,38,0.0
8513,5,4582.86,916.57,17,5157.12
8514,13,9296.37,715.11,31,0.0
8515,8,6329.6,791.2,23,185.97
8516,9,3972.09,441.34,21,5005.78
8517,4,1856.75,464.19,10,0.0
8518,7,3157.25,451.04,19,1021.41
8519,11,2063.46,187.59,19,139.09
8520,25,5268.36,210.73,46,0.0
8521,17,8986.1,528.59,38,290.64
8522,12,4061.55,338.46,32,1908.5
8523,14,2593.58,185.26,33,0.0
8524,11,3461.67,314.7,23,424.8
8525,41,12492.81,304.7,89,537.72
8526,4,3019.7,754.92,11,110.8
8527,26,8159.17,313.81,48,0.0
8528,8,3495.57,436.95,20,296.58
8529,11,10175.17,925.02,26,39.61
8530,10,2593.72,259.37,20,282.1
8531,19,7024.25,369.7,41,6477.82
8532,18,5596.56,310.92,29,1675.83
8533,8,3384.17,423.02,19,103.46
8534,13,3667.32,282.1,24,349.79
8535,22,6942.01,315.55,48,2078.89
8536,13,5709.21,439.17,25,53.38
8537,7,5654.34,807.76,24,0.0
8538,13,3098.2,238.32,27,2382.86
8539,32,10744.76,335.77,59,1002.31
8540,15,7048.25,469.88,54,3693.43
8541,31,12405.96,400.19,70,4522.78
8542,7,377.64,53.95,10,1737.63
8543,17,8532.73,501.93,34,7531.7
8544,32,10640.48,332.52,62,483.61
8545,19,5102.22,268.54,32,5224.02
8546,16,12507.45,781.72,41,282.96
8547,11,2578.69,234.43,20,0.0
8548,18,6731.84,373.99,31,1937.65
8549,14,7128.41,509.17,32,128.36
8550,6,761.68,126.95,14,0.0
8551,6,2453.12,408.85,9,83.64
8552,25,3857.65,154.31,51,1250.49
8553,3,1350.75,450.25,4,6246.26
8554,8,8815.48,1101.94,22,0.0
8555,14,5862.47,418.75,33,0.0
8556,51,19508.15,382.51,105,730.42
8557,15,6384.54,425.64,37,414.44
8558,7,2886.43,412.35,18,117.29
8559,14,3726.95,266.21,23,0.0
8560,13,2414.6,185.74,28,0.0
8561,9,4230.83,470.09,30,905.42
8562,38,11026.23,290.16,68,58.98
8563,17,5035.53,296.21,38,0.0
8564,10,3986.72,398.67,20,597.25
8565,19,6222.38,327.49,38,545.45
8566,11,8549.18,777.2,32,49.58
8567,7,2044.93,292.13,14,716.24
8568,10,3323.94,332.39,14,420.49
8569,8,5616.68,702.08,16,3095.16
8570,8,2676.56,334.57,14,97.11
8571,54,22345.13,413.8,123,217.71
8572,26,6882.54,264.71,54,2236.84
8573,13,5219.35,401.49,25,0.0
8574,10,2718.1,271.81,19,1191.04
8575,14,8932.79,638.06,28,11.43
8576,34,14735.93,433.41,108,901.85
8577,11,7108.81,646.26,24,0.0
8578,6,6451.25,1075.21,11,107.93
8579,9,2284.25,253.81,22,2106.1
8580,5,595.12,119.02,9,449.96
8581,10,2635.94,263.59,24,1132.07
8582,10,1453.33,145.33,18,0.0
8583,12,5710.68,475.89,26,89.89
8584,10,7751.69,775.17,34,41.12
8585,12,2614.15,217.85,26,0.0
8586,14,7693.8,549.56,28,1770.64
8587,13,11561.17,889.32,35,1070.29
8588,16,8282.74,517.67,36,269.44
8589,8,1090.84,136.35,19,311.55
8590,7,1979.96,282.85,12,1114.87
8591,16,3826.76,239.17,30,9673.06
8592,8,1724.23,215.53,21,1787.84
8593,17,5696.51,335.09,37,72.72
8594,9,3858.14,428.68,19,3.3
8595,27,10407.41,385.46,58,578.41
8596,11,2032.33,184.76,17,0.0
8597,12,2610.76,217.56,21,915.7
8598,12,3688.88,307.41,23,1080.23
8599,18,11367.16,631.51,52,624.43
8600,10,2343.62,234.36,19,402.9
8601,26,13576.31,522.17,49,183.58
8602,19,4422.23,232.75,37,2147.24
8603,18,14431.08,801.73,44,0.0
8604,9,6217.73,690.86,27,0.0
8605,17,2540.71,149.45,38,0.0
8606,14,9922.36,708.74,39,37.15
8607,11,1427.65,129.79,11,0.0
8608,17,3803.37,223.73,30,0.0
8609,19,2107.29,110.91,32,0.0
8610,15,6699.59,446.64,29,116.62
8611,30,14153.39,471.78,56,2442.14
8612,6,2564.39,427.4,16,178.22
8613,28,12812.36,457.58,74,4325.62
8614,29,13501.36,465.56,80,526.74
8615,37,21998.78,594.56,89,3517.29
8616,15,6293.59,419.57,37,297.47
8617,11,4768.53,433.5,19,118.36
8618,28,15140.75,540.74,63,862.37
8619,15,8384.5,558.97,34,139.09
8620,14,6598.32,471.31,39,57.08
8621,5,1210.04,242.01,9,41.31
8622,10,9412.44,941.24,22,0.0
8623,8,5880.69,735.09,18,0.0
8624,14,4880.92,348.64,34,63.76
8625,11,2103.23,191.2,22,70.9
8626,26,13577.03,522.19,53,8.52
8627,12,18566.92,1547.24,46,1699.9
8628,5,774.83,154.97,5,0.0
8629,11,4108.51,373.5,26,3977.8
8630,6,1386.83,231.14,13,1806.15
8631,9,2549.58,283.29,12,5.54
8632,17,2429.87,142.93,27,458.58
8633,51,19640.1,385.1,88,8333.88
8634,9,3689.67,409.96,17,209.75
8635,10,5208.59,520.86,18,34.96
8636,11,2737.32,248.85,30,21.61
8637,7,1410.84,201.55,10,5112.72
8638,23,15922.12,692.27,56,349.3
8639,17,7273.53,427.85,33,197.35
8640,32,14110.12,440.94,75,396.06
8641,8,1988.28,248.54,14,0.0
8642,37,17990.9,486.24,62,1124.6
8643,38,12421.21,326.87,80,2762.48
8644,8,2205.28,275.66,20,1239.91
8645,11,3794.88,344.99,27,820.81
8646,11,2690.37,244.58,28,194.7
8647,9,3505.24,389.47,21,0.0
8648,60,17596.85,293.28,125,3006.66
8649,6,2241.91,373.65,16,0.0
8650,5,1542.89,308.58,12,1692.91
8651,10,2349.9,234.99,15,1336.45
8652,14,7180.06,512.86,35,253.13
8653,25,8859.77,354.39,55,268.76
8654,20,6577.56,328.88,51,205.56
8655,20,9131.82,456.59,41,2893.82
8656,10,2135.6,213.56,19,374.97
8657,21,4092.23,194.87,35,35.46
8658,13,3998.53,307.58,32,0.0
8659,9,3182.26,353.58,14,0.0
8660,22,8123.04,369.23,42,1065.12
8661,42,18348.44,436.87,82,1030.85
8662,23,6203.71,269.73,52,0.0
8663,15,11304.5,753.63,31,171.16
8664,9,1953.24,217.03,19,5400.06
8665,10,2053.29,205.33,27,0.0
8666,10,1625.83,162.58,22,569.02
8667,17,3114.32,183.2,27,0.0
8668,21,11071.28,527.2,39,1034.05
8669,7,9090.08,1298.58,14,43.49
8670,5,923.32,184.66,6,13385.7
8671,9,2030.21,225.58,16,474.97
8672,8,2075.16,259.4,14,2781.21
8673,10,3554.86,355.49,22,1666.42
8674,57,19296.35,338.53,130,562.68
8675,13,10977.85,844.45,43,0.0
8676,19,6117.49,321.97,35,1406.88
8677,9,4136.39,459.6,17,1215.26
8678,14,6590.24,470.73,37,0.0
8679,5,756.76,151.35,10,388.5
8680,10,5943.31,594.33,17,0.0
8681,30,13132.95,437.76,79,407.55
8682,13,6890.9,530.07,28,0.0
8683,11,9472.34,861.12,26,98.28
8684,3,426.1,142.03,10,2908.89
8685,18,2928.89,162.72,33,1058.85
8686,13,3485.46,268.11,37,65.93
8687,46,13998.47,304.31,97,2901.38
8688,9,1843.59,204.84,16,0.0
8689,22,7730.01,351.36,47,1295.98
8690,18,10690.46,593.91,38,62.39
8691,6,4068.55,678.09,9,1813.88
8692,26,11996.98,461.42,66,82.23
8693,19,7541.62,396.93,46,224.84
8694,11,3412.86,310.26,24,1623.01
8695,20,5860.46,293.02,36,480.84
8696,9,3828.1,425.34,20,216.92
8697,16,6918.49,432.41,32,0.0
8698,15,4043.11,269.54,37,277.32
8699,12,5725.41,477.12,23,2437.46
8700,7,862.62,123.23,14,991.95
8701,5,1542.81,308.56,11,35.54
8702,7,3276.79,468.11,12,138.3
8703,16,7264.6,454.04,39,0.0
8704,15,3407.48,227.17,35,0.0
8705,7,3488.79,498.4,18,117.84
8706,18,13932.64,774.04,57,18.1
8707,9,3114.55,346.06,20,58.41
8708,6,1218.69,203.12,10,14.7
8709,15,8086.67,539.11,46,2431.24
8710,17,6395.04,376.18,33,483.64
8711,16,8069.59,504.35,38,170.38
8712,6,1532.99,255.5,8,45.9
8713,20,2624.18,131.21,40,426.15
8714,29,8024.03,276.69,64,2220.55
8715,13,4573.11,351.78,23,1528.16
8716,8,3060.44,382.56,19,436.69
8717,10,1976.35,197.64,17,32.06
8718,24,9926.22,413.59,60,2519.18
8719,15,6516.18,434.41,35,228.99
8720,10,4520.46,452.05,33,37.97
8721,6,1654.62,275.77,18,0.0
8722,37,14134.62,382.02,71,3109.3
8723,11,5888.22,535.29,29,141.26
8724,3,3631.79,1210.6,7,132.02
8725,60,43906.21,731.77,159,678.05
8726,13,8673.46,667.19,34,435.13
8727,21,9344.26,444.96,37,488.71
8728,10,6111.82,611.18,21,2540.18
8729,13,16285.75,1252.75,45,143.86
8730,2,98.94,49.47,6,3588.41
8731,8,3893.63,486.7,14,399.32
8732,11,4647.97,422.54,18,0.0
8733,16,6794.47,424.65,27,1968.29
8734,7,1082.99,154.71,15,64.7
8735,13,1565.49,120.42,30,1203.35
8736,18,8175.1,454.17,47,41.36
8737,28,23600.74,842.88,83,533.4
8738,14,5079.61,362.83,31,0.0
8739,9,6975.3,775.03,16,0.0
8740,7,588.34,84.05,9,0.0
8741,16,4954.94,309.68,29,1983.84
8742,31,11189.83,360.96,45,4275.35
8743,6,2255.35,375.89,14,0.0
8744,7,2673.3,381.9,19,24.35
8745,11,6365.0,578.64,18,120.3
8746,20,15661.18,783.06,54,1322.34
8747,11,6649.11,604.46,30,0.0
8748,3,507.31,169.1,4,0.0
8749,7,3540.53,505.79,28,0.0
8750,9,3110.36,345.6,23,674.78
8751,40,15273.03,381.83,85,6471.65
8752,11,3291.97,299.27,22,467.61
8753,28,9488.08,338.86,54,391.54
8754,5,287.19,57.44,7,395.71
8755,13,4832.8,371.75,21,186.99
8756,26,8628.5,331.87,55,189.7
8757,16,4481.33,280.08,21,41.7
8758,10,5096.51,509.65,20,451.17
8759,11,4490.2,408.2,26,111.74
8760,24,12905.43,537.73,47,1144.28
8761,16,2131.15,133.2,31,1002.93
8762,9,2231.23,247.91,20,401.1
8763,21,8290.61,394.79,43,3460.72
8764,7,7787.24,1112.46,11,76.78
8765,9,5575.67,619.52,25,48.98
8766,30,11177.94,372.6,62,1953.5
8767,11,2830.37,257.31,24,1815.75
8768,8,5680.85,710.11,17,171.32
8769,6,2879.45,479.91,13,31.64
8770,35,18067.43,516.21,95,2218.69
8771,13,6649.35,511.49,24,47.24
8772,9,3330.4,370.04,19,620.21
8773,8,1729.71,216.21,13,1043.76
8774,4,3601.49,900.37,11,201.04
8775,9,673.92,74.88,19,5407.8
8776,15,19504.35,1300.29,45,56.29
8777,6,1521.85,253.64,10,54.52
8778,17,12552.29,738.37,57,47.87
8779,10,1837.77,183.78,19,0.0
8780,9,3039.82,337.76,15,645.15
8781,25,7491.64,299.67,51,1492.92
8782,4,1607.67,401.92,9,0.0
8783,6,8299.93,1383.32,25,0.0
8784,20,11128.11,556.41,49,1609.79
8785,21,7391.07,351.96,48,796.99
8786,9,4699.65,522.18,23,5158.87
8787,5,1323.46,264.69,13,741.88
8788,42,19014.06,452.72,83,3627.91
8789,13,5699.61,438.43,35,672.51
8790,2,332.48,166.24,2,67.94
8791,29,14012.3,483.18,67,1460.33
8792,9,805.5,89.5,13,154.11
8793,18,3585.57,199.2,35,401.41
8794,7,789.7,112.81,16,0.0
8795,14,4115.78,293.98,21,0.0
8796,8,2645.59,330.7,17,2773.41
8797,7,3338.8,476.97,25,0.0
8798,11,3301.88,300.17,20,164.12
8799,8,4931.09,616.39,18,2389.5
8800,10,7665.13,766.51,20,0.0
8801,25,10426.21,417.05,70,1588.15
8802,10,10017.87,1001.79,26,52.6
8803,14,7726.15,551.87,36,634.23
8804,5,2910.23,582.05,10,50.13
8805,6,1389.03,231.5,15,0.0
8806,9,2358.94,262.1,15,4246.45
8807,15,5449.81,363.32,32,72.91
8808,11,1623.69,147.61,20,774.71
8809,12,4947.74,412.31,26,137.58
8810,27,19331.91,716.0,67,7968.6
8811,6,5111.77,851.96,19,148.04
8812,17,7763.77,456.69,28,2466.57
8813,10,607.72,60.77,15,141.47
8814,10,2400.07,240.01,27,2758.85
8815,13,5334.95,410.38,21,0.0
8816,7,3444.75,492.11,19,0.0
8817,17,9015.89,530.35,31,2255.33
8818,9,5569.39,618.82,15,0.0
8819,5,1376.06,275.21,15,125.13
8820,11,3588.01,326.18,28,796.37
8821,16,18697.21,1168.58,45,65.08
8822,8,1742.52,217.82,20,0.0
8823,2,32.62,16.31,2,12.45
8824,8,6914.95,864.37,16,978.65
8825,25,14059.1,562.36,62,790.62
8826,14,5675.6,405.4,17,700.94
8827,23,8489.98,369.13,54,0.0
8828,12,10410.33,867.53,25,0.0
8829,10,2679.77,267.98,25,574.91
8830,5,1487.28,297.46,7,663.11
8831,13,3563.08,274.08,24,1921.84
8832,7,2161.92,308.85,17,390.45
8833,9,2339.82,259.98,18,1438.82
8834,3,1692.06,564.02,6,124.88
8835,11,1352.41,122.95,18,44.2
8836,7,3538.23,505.46,16,0.0
8837,11,5954.43,541.31,24,200.25
8838,12,9200.09,766.67,32,0.0
8839,12,2286.14,190.51,20,1777.23
8840,3,466.03,155.34,11,5266.93
8841,17,9511.54,559.5,44,409.08
8842,11,2505.58,227.78,23,192.75
8843,14,1978.6,141.33,33,0.0
8844,32,8844.88,276.4,71,630.97
8845,10,1399.59,139.96,16,0.0
8846,27,23038.03,853.26,87,1087.67
8847,3,655.93,218.64,3,234.89
8848,6,2406.09,401.02,16,142.44
8849,6,4450.99,741.83,15,155.64
8850,6,3931.93,655.32,11,14.12
8851,13,3085.95,237.38,29,0.0
8852,10,4638.08,463.81,25,0.0
8853,9,8453.64,939.29,21,31.02
8854,14,8568.39,612.03,34,25.34
8855,10,5216.19,521.62,29,116.18
8856,7,4230.86,604.41,14,50.37
8857,10,4834.18,483.42,19,354.78
8858,10,6774.74,677.47,19,665.67
8859,13,4802.21,369.4,23,1260.24
8860,52,22341.62,429.65,108,1096.16
8861,8,2324.44,290.56,22,0.0
8862,9,6492.1,721.34,28,20.48
8863,20,13270.55,663.53,52,4723.03
8864,20,3696.63,184.83,31,170.45
8865,44,20270.93,460.7,103,2591.27
8866,10,2975.46,297.55,38,3818.82
8867,14,4898.08,349.86,30,0.0
8868,16,4044.94,252.81,34,54.36
8869,3,2019.67,673.22,6,1090.62
8870,13,14054.02,1081.08,33,0.0
8871,9,2024.5,224.94,22,0.0
8872,14,3800.37,271.46,28,2809.53
8873,32,20459.31,639.35,68,1001.86
8874,8,9974.74,1246.84,16,0.0
8875,7,14722.0,2103.14,30,1748.2
8876,19,6302.5,331.71,45,0.0
8877,25,3586.37,143.45,42,829.54
8878,17,5449.35,320.55,35,3160.6
8879,17,9760.45,574.14,55,643.69
8880,47,17348.69,369.12,100,1461.36
8881,9,3255.34,361.7,17,131.34
8882,11,2981.38,271.03,20,0.0
8883,9,1799.05,199.89,22,0.0
8884,11,7020.1,638.19,23,373.56
8885,37,18271.89,493.83,93,603.81
8886,7,2777.61,396.8,14,225.79
8887,12,15816.41,1318.03,32,4590.12
8888,7,2562.8,366.11,16,0.0
8889,21,7173.08,341.58,49,123.83
8890,12,5627.77,468.98,23,0.0
8891,10,8288.67,828.87,22,1336.47
8892,12,3228.69,269.06,18,63.39
8893,6,1559.07,259.85,9,398.53
8894,9,2234.21,248.25,18,331.71
8895,15,12914.56,860.97,39,1534.54
8896,3,252.02,84.01,5,394.28
8897,50,25315.55,506.31,136,3096.24
8898,45,13206.45,293.48,75,327.48
8899,8,2526.68,315.84,13,157.05
8900,7,5622.42,803.2,12,372.07
8901,4,1212.04,303.01,7,1437.06
8902,4,634.95,158.74,8,192.58
8903,6,818.27,136.38,11,129.6
8904,23,15229.19,662.14,52,1636.48
8905,24,9887.1,411.96,53,1013.2
8906,6,2909.71,484.95,16,162.69
8907,27,12857.25,476.19,62,470.98
8908,36,19589.41,544.15,92,1024.41
8909,13,982.71,75.59,26,0.0
8910,25,11627.25,465.09,53,2880.4
8911,51,19903.74,390.27,123,276.18
8912,48,18160.82,378.35,87,965.07
8913,10,3392.86,339.29,25,142.02
8914,11,5698.81,518.07,26,0.0
8915,12,1182.88,98.57,20,93.06
8916,21,5252.14,250.1,32,9023.69
8917,4,1526.68,381.67,8,0.0
8918,8,3143.59,392.95,24,33.46
8919,10,2159.35,215.94,29,0.0
8920,8,2737.3,342.16,14,0.0
8921,12,9118.63,759.89,20,0.0
8922,28,6165.66,220.2,64,1132.08
8923,16,5788.18,361.76,41,0.0
8924,8,1662.34,207.79,19,1795.16
8925,13,1377.51,105.96,26,1301.28
8926,15,5607.95,373.86,39,1302.9
8927,13,3535.95,272.0,29,2108.99
8928,32,11954.11,373.57,67,0.0
8929,27,10691.21,395.97,64,413.44
8930,7,2067.29,295.33,15,0.0
8931,29,9183.36,316.67,66,32.82
8932,4,527.62,131.9,6,1444.01
8933,8,2325.28,290.66,16,2674.91
8934,26,7720.85,296.96,70,196.55
8935,8,3201.16,400.14,18,105.83
8936,11,3643.83,331.26,14,0.0
8937,20,8806.79,440.34,50,0.0
8938,3,1846.38,615.46,4,877.2
8939,17,10189.53,599.38,42,2359.44
8940,15,2739.01,182.6,30,52.2
8941,18,12835.64,713.09,30,0.0
8942,18,3933.33,218.52,35,787.98
8943,6,694.77,115.8,12,1162.05
8944,12,1721.05,143.42,21,1297.89
8945,15,3596.92,239.79,33,871.41
8946,14,8122.09,580.15,29,679.17
8947,8,1263.7,157.96,13,518.68
8948,15,7570.77,504.72,43,1359.95
8949,8,2499.05,312.38,16,1564.97
8950,13,2844.7,218.82,20,1911.28
8951,7,2179.45,311.35,20,1574.72
8952,7,1097.63,156.8,10,0.0
8953,12,1645.81,137.15,20,1476.75
8954,55,18150.59,330.01,125,1403.22
8955,8,1589.06,198.63,12,0.0
8956,10,1029.53,102.95,22,532.14
8957,4,890.07,222.52,5,731.78
8958,17,6181.33,363.61,40,0.0
8959,14,3305.42,236.1,31,1499.64
8960,8,6869.85,858.73,27,402.64
8961,4,868.0,217.0,10,0.0
8962,11,5762.99,523.91,18,0.0
8963,13,6747.67,519.05,26,1437.27
8964,16,11100.62,693.79,50,694.04
8965,9,4283.18,475.91,26,121.87
8966,15,17556.74,1170.45,49,581.8
8967,7,3051.43,435.92,20,2200.83
8968,15,9423.3,628.22,44,656.69
8969,14,3192.87,228.06,29,134.25
8970,12,6413.05,534.42,27,1060.7
8971,31,17020.2,549.04,65,1949.91
8972,10,2193.47,219.35,17,1696.26
8973,24,10449.92,435.41,56,46.76
8974,22,9956.27,452.56,70,2266.81
8975,16,3888.87,243.05,27,4682.36
8976,8,972.78,121.6,16,1635.93
8977,29,17076.16,588.83,75,852.96
8978,6,434.82,72.47,12,413.14
8979,9,2225.05,247.23,22,2319.94
8980,32,9235.67,288.61,57,602.44
8981,11,4292.13,390.19,25,0.0
8982,10,2576.33,257.63,20,0.0
8983,8,8339.69,1042.46,16,2977.33
8984,29,12212.42,421.12,56,2503.06
8985,12,6193.11,516.09,31,2873.19
8986,13,3157.35,242.87,31,3734.32
8987,23,4132.61,179.68,43,2820.94
8988,6,1318.85,219.81,8,49.95
8989,15,6497.19,433.15,36,93.96
8990,14,7836.42,559.74,34,4407.04
8991,13,4612.25,354.79,22,306.35
8992,18,9925.29,551.4,36,33.05
8993,32,14534.86,454.21,78,415.07
8994,18,3765.58,209.2,50,0.0
8995,27,14858.26,550.31,62,197.25
8996,7,1631.26,233.04,13,157.89
8997,6,11244.81,1874.14,16,453.16
8998,14,4103.15,293.08,30,205.39
8999,9,5897.06,655.23,23,405.67
9000,15,10750.01,716.67,28,547.56
9001,13,6760.94,520.07,38,4173.23
9002,2,76.58,38.29,3,505.12
9003,10,7051.42,705.14,37,36.88
9004,9,6074.2,674.91,22,3197.94
9005,10,1649.24,164.92,25,1980.07
9006,11,5485.65,498.7,21,148.29
9007,14,4813.66,343.83,32,285.49
9008,35,13288.34,379.67,72,63.98
9009,14,5077.15,362.65,32,3014.98
9010,28,9868.52,352.45,68,575.17
9011,49,20769.09,423.86,112,0.0
9012,3,370.78,123.59,6,925.51
9013,39,14951.02,383.36,71,408.53
9014,12,5270.45,439.2,25,6915.54
9015,17,10233.78,601.99,46,2568.99
9016,57,18133.73,318.14,115,3681.71
9017,41,18225.88,444.53,96,22.84
9018,7,5672.29,810.33,16,275.84
9019,7,1272.95,181.85,14,593.1
9020,6,3558.58,593.1,11,95.47
9021,35,12916.31,369.04,88,18.88
9022,11,2386.63,216.97,17,0.0
9023,7,897.69,128.24,8,1388.29
9024,10,2150.09,215.01,19,1287.83
9025,8,9011.77,1126.47,23,0.0
9026,11,12249.53,1113.59,44,0.0
9027,6,1199.11,199.85,10,22.08
9028,16,7570.77,473.17,42,0.0
9029,7,841.82,120.26,20,2237.22
9030,7,2386.66,340.95,11,1122.77
9031,3,1357.28,452.43,6,2271.06
9032,3,100.13,33.38,4,3396.72
9033,19,4742.84,249.62,39,904.41
9034,13,2808.78,216.06,32,0.0
9035,8,7114.65,889.33,25,1084.14
9036,10,5627.19,562.72,20,733.41
9037,13,4306.8,331.29,27,0.0
9038,38,14942.14,393.21,73,1300.09
9039,30,7391.38,246.38,63,2176.17
9040,3,5368.57,1789.52,9,445.32
9041,11,6896.41,626.95,23,1115.1
9042,5,1132.42,226.48,12,0.0
9043,13,6704.42,515.72,24,0.0
9044,5,8971.4,1794.28,22,354.41
9045,45,15452.52,343.39,97,1836.4
9046,9,2563.04,284.78,13,902.28
9047,45,15989.47,355.32,106,627.64
9048,12,11278.53,939.88,36,2105.47
9049,6,1468.92,244.82,11,31.76
9050,9,3865.67,429.52,23,0.0
9051,9,6731.06,747.9,12,772.57
9052,55,32420.73,589.47,110,1334.48
9053,4,1146.13,286.53,8,0.0
9054,4,457.01,114.25,9,1686.39
9055,31,11131.76,359.09,72,6150.38
9056,11,4749.06,431.73,23,0.0
9057,7,1240.01,177.14,8,2187.8
9058,4,651.75,162.94,8,461.08
9059,10,2419.11,241.91,13,27.98
9060,32,11892.37,371.64,65,778.29
9061,6,1496.69,249.45,11,1765.47
9062,15,8176.37,545.09,29,1860.5
9063,15,4665.46,311.03,18,567.96
9064,9,12213.16,1357.02,29,1335.35
9065,11,3082.19,280.2,17,1187.02
9066,23,5083.63,221.03,43,145.08
9067,19,11825.15,622.38,64,16.99
9068,20,13500.85,675.04,55,243.29
9069,4,1099.8,274.95,9,0.0
9070,14,5141.37,367.24,24,2083.92
9071,17,4946.89,290.99,44,0.0
9072,11,3144.57,285.87,15,112.54
9073,14,2736.83,195.49,34,1424.95
9074,14,3404.1,243.15,31,794.28
9075,12,11729.98,977.5,24,81.38
9076,11,2089.12,189.92,25,0.0
9077,18,8608.6,478.26,45,1246.55
9078,6,5095.23,849.2,19,0.0
9079,19,9038.64,475.72,47,0.0
9080,11,2457.84,223.44,35,23.77
9081,18,6131.29,340.63,33,9529.16
9082,35,11990.64,342.59,75,3976.11
9083,7,918.46,131.21,12,0.0
9084,12,4465.97,372.16,19,17.28
9085,5,700.61,140.12,8,473.66
9086,9,10084.36,1120.48,30,17.94
9087,5,2145.71,429.14,9,12.45
9088,15,9151.66,610.11,37,1077.38
9089,15,8439.95,562.66,33,0.0
9090,3,2455.01,818.34,8,108.05
9091,4,986.14,246.54,9,73.86
9092,39,16696.09,428.1,82,114.38
9093,16,5895.49,368.47,31,0.0
9094,12,3417.9,284.82,18,740.02
9095,10,3817.25,381.72,18,0.0
9096,17,3431.94,201.88,33,2257.42
9097,20,10927.03,546.35,37,613.22
9098,5,2489.96,497.99,12,0.0
9099,13,9066.25,697.4,23,0.0
9100,27,15346.63,568.39,57,2913.97
9101,12,3934.11,327.84,20,0.0
9102,13,2744.64,211.13,24,0.0
9103,7,1956.88,279.55,14,336.41
9104,7,723.38,103.34,13,21.52
9105,22,6258.99,284.5,45,157.64
9106,10,2584.99,258.5,43,0.0
9107,12,5870.42,489.2,28,691.54
9108,9,1169.98,130.0,22,247.64
9109,16,9245.01,577.81,37,0.0
9110,7,3276.38,468.05,22,63.31
9111,12,1979.75,164.98,33,329.49
9112,12,7214.76,601.23,21,0.0
9113,31,6148.23,198.33,79,1243.26
9114,9,2556.6,284.07,17,700.51
9115,18,8162.47,453.47,41,1359.54
9116,19,21197.88,1115.68,54,129.13
9117,10,1848.83,184.88,15,37.64
9118,16,10911.0,681.94,30,188.15
9119,14,3396.87,242.63,26,24.79
9120,20,14296.96,714.85,51,269.13
9121,5,462.45,92.49,7,333.66
9122,9,3203.04,355.89,24,201.04
9123,8,6291.42,786.43,17,0.0
9124,38,15393.48,405.09,61,3536.52
9125,21,9182.71,437.27,57,524.57
9126,3,2239.26,746.42,5,429.55
9127,9,2090.01,232.22,15,0.0
9128,10,5733.23,573.32,19,10.51
9129,6,1808.19,301.36,18,5553.87
9130,12,3463.18,288.6,31,1417.39
9131,35,18182.12,519.49,69,1380.22
9132,3,958.55,319.52,9,3420.32
9133,27,6330.88,234.48,56,4820.88
9134,6,1357.48,226.25,9,95.29
9135,34,16330.25,480.3,67,3772.96
9136,6,6355.13,1059.19,13,447.75
9137,9,873.52,97.06,12,274.22
9138,11,3840.5,349.14,22,792.42
9139,8,1719.43,214.93,16,434.95
9140,29,25986.99,896.1,77,1331.72
9141,25,14682.33,587.29,83,2411.27
9142,52,21050.72,404.82,117,798.2
9143,30,18097.11,603.24,64,5196.14
9144,9,1372.42,152.49,15,294.14
9145,6,1003.23,167.2,13,5.42
9146,26,16050.18,617.31,50,152.04
9147,7,2404.33,343.48,17,0.0
9148,17,6494.13,382.01,56,329.57
9149,17,8011.6,471.27,34,2338.8
9150,17,3499.52,205.85,36,350.37
9151,7,1398.97,199.85,12,132.56
9152,4,269.31,67.33,6,1482.85
9153,44,15528.55,352.92,92,1568.27
9154,18,3852.33,214.02,30,2107.46
9155,13,6288.05,483.7,35,0.0
9156,6,1449.48,241.58,18,18.53
9157,12,5493.22,457.77,22,2964.1
9158,10,2790.05,279.0,24,496.04
9159,18,6249.19,347.18,38,1115.68
9160,15,3483.89,232.26,26,5588.24
9161,11,9084.54,825.87,22,1423.12
9162,14,6689.14,477.8,27,0.0
9163,9,8113.12,901.46,27,0.0
9164,11,4179.71,379.97,22,107.03
9165,19,4848.69,255.19,25,1595.64
9166,5,1223.77,244.75,5,7486.16
9167,30,19181.98,639.4,74,4010.02
9168,12,3032.69,252.72,24,884.22
9169,4,1089.57,272.39,9,0.0
9170,6,2957.5,492.92,14,1528.51
9171,12,1129.57,94.13,15,1040.75
9172,10,3825.59,382.56,17,66.43
9173,14,3342.06,238.72,23,363.29
9174,12,2940.77,245.06,23,0.0
9175,15,3986.33,265.76,31,2657.69
9176,5,1323.67,264.73,10,0.0
9177,6,542.07,90.34,6,202.14
9178,11,8328.91,757.17,21,689.28
9179,52,32957.57,633.8,110,703.61
9180,18,3320.35,184.46,41,95.34
9181,53,12398.96,233.94,104,2381.86
9182,15,10051.23,670.08,38,775.62
9183,7,1776.32,253.76,22,1147.53
9184,29,13239.16,456.52,59,3384.76
9185,12,7323.61,610.3,31,0.0
9186,5,3055.23,611.05,13,1061.44
9187,23,9350.47,406.54,51,1446.97
9188,19,6259.27,329.44,41,1760.78
9189,25,11555.64,462.23,59,7560.25
9190,11,5094.49,463.14,15,565.42
9191,24,15006.72,625.28,64,5800.36
9192,10,2404.56,240.46,19,79.14
9193,6,2095.87,349.31,17,0.0
9194,23,6218.58,270.37,36,193.36
9195,5,1672.88,334.58,14,837.35
9196,16,5329.42,333.09,27,1172.75
9197,15,3264.1,217.61,32,2880.71
9198,38,9022.88,237.44,66,57.62
9199,11,7046.21,640.56,19,20.9
9200,5,2328.23,465.65,13,46.76
9201,24,11063.19,460.97,59,4271.09
9202,15,2561.28,170.75,24,1580.72
9203,11,2951.67,268.33,22,60.36
9204,13,5836.86,448.99,35,0.0
9205,11,6808.59,618.96,25,0.0
9206,52,15644.86,300.86,109,2127.99
9207,10,9727.64,972.76,24,210.29
9208,4,2450.2,612.55,8,39.09
9209,9,4116.78,457.42,22,168.96
9210,8,7394.37,924.3,14,1381.27
9211,17,3766.33,221.55,30,315.97
9212,27,9252.35,342.68,59,1313.4
9213,11,5937.32,539.76,30,48.52
9214,15,2729.88,181.99,22,0.0
9215,24,11612.47,483.85,55,1859.16
9216,7,2943.71,420.53,28,0.0
9217,5,4776.1,955.22,15,0.0
9218,19,3886.29,204.54,35,610.45
9219,9,12668.93,1407.66,27,95.98
9220,20,4833.81,241.69,43,581.17
9221,5,1884.42,376.88,8,4763.36
9222,16,10121.8,632.61,33,1475.88
9223,39,19978.2,512.26,90,0.0
9224,24,5205.75,216.91,48,18.47
9225,9,1298.62,144.29,13,395.02
9226,20,7509.08,375.45,44,7.24
9227,12,2454.11,204.51,23,737.62
9228,8,6520.95,815.12,16,21.7
9229,4,1507.01,376.75,7,0.0
9230,11,6306.67,573.33,23,2057.81
9231,8,3895.86,486.98,21,155.58
9232,8,817.52,102.19,14,0.0
9233,8,2657.34,332.17,12,520.35
9234,27,11068.17,409.93,42,663.97
9235,5,1308.45,261.69,9,484.69
9236,10,1780.37,178.04,18,42.5
9237,19,3977.96,209.37,42,562.45
9238,30,10176.69,339.22,55,1834.49
9239,15,6884.68,458.98,27,0.0
9240,9,1568.57,174.29,17,0.0
9241,27,13942.67,516.4,62,117.52
9242,13,2747.12,211.32,25,28.55
9243,7,5485.87,783.7,15,186.45
9244,8,4377.81,547.23,20,736.9
9245,5,4383.02,876.6,11,14.19
9246,20,9364.89,468.24,51,1414.15
9247,7,4677.03,668.15,17,125.18
9248,25,15634.03,625.36,50,1785.32
9249,11,4043.81,367.62,30,1931.19
9250,10,13026.28,1302.63,25,1361.83
9251,11,8709.88,791.81,30,0.0
9252,17,5031.9,295.99,35,0.0
9253,8,2511.22,313.9,16,112.27
9254,5,4207.46,841.49,13,3388.25
9255,15,6004.88,400.33,32,488.16
9256,7,10178.14,1454.02,15,0.0
9257,9,2516.41,279.6,19,0.0
9258,28,8395.67,299.85,59,106.87
9259,4,2002.39,500.6,5,41.78
9260,12,6259.66,521.64,24,2986.15
9261,24,5127.11,213.63,50,259.45
9262,36,19765.78,549.05,88,468.15
9263,19,9009.24,474.17,39,0.0
9264,16,11071.74,691.98,33,270.96
9265,27,12404.15,459.41,48,4122.38
9266,6,4180.61,696.77,17,1849.76
9267,10,6321.75,632.18,41,0.0
9268,11,2852.36,259.31,26,749.26
9269,12,17777.08,1481.42,34,134.96
9270,18,2766.66,153.7,34,805.12
9271,41,15986.09,389.9,91,318.4
9272,9,2177.81,241.98,15,0.0
9273,8,1425.36,178.17,10,1721.4
9274,9,926.84,102.98,15,0.0
9275,14,2217.8,158.41,32,125.4
9276,26,13925.29,535.59,57,155.41
9277,39,17736.2,454.77,91,5088.88
9278,18,10585.51,588.08,41,58.72
9279,54,34602.72,640.79,113,15.33
9280,12,2739.45,228.29,20,47.66
9281,15,6578.43,438.56,29,0.0
9282,14,4904.1,350.29,31,1217.37
9283,13,5872.98,451.77,25,39.25
9284,11,4968.93,451.72,20,1278.45
9285,10,1841.12,184.11,14,13.59
9286,11,8849.84,804.53,21,44.58
9287,11,2699.4,245.4,28,0.0
9288,13,9547.1,734.39,35,2650.46
9289,27,13930.89,515.96,61,373.84
9290,10,14902.52,1490.25,25,1257.62
9291,16,8166.21,510.39,29,3263.32
9292,9,4332.94,481.44,19,436.39
9293,11,4503.24,409.39,21,499.04
9294,9,2522.75,280.31,20,156.51
9295,14,3471.57,247.97,29,5347.48
9296,19,5542.21,291.7,25,400.28
9297,19,4651.39,244.81,42,158.35
9298,24,11660.89,485.87,61,1220.16
9299,7,358.87,51.27,10,961.04
9300,16,8934.31,558.39,36,659.83
9301,16,15016.55,938.53,32,21.47
9302,9,6140.16,682.24,24,188.46
9303,11,3312.07,301.1,24,249.05
9304,9,2529.05,281.01,19,92.7
9305,9,656.15,72.91,14,583.24
9306,9,2844.94,316.1,18,51.59
9307,12,3304.64,275.39,34,0.0
9308,32,11886.36,371.45,56,609.49
9309,24,11749.78,489.57,44,12123.92
9310,12,4157.85,346.49,24,2629.05
9311,19,19696.24,1036.64,65,0.0
9312,35,17240.56,492.59,82,1028.71
9313,7,4457.24,636.75,10,1695.68
9314,10,4443.91,444.39,20,2880.06
9315,14,3975.99,284.0,24,44.4
9316,28,12306.63,439.52,64,516.24
9317,14,7103.62,507.4,33,405.87
9318,9,4623.93,513.77,21,1488.71
9319,14,5433.4,388.1,34,241.39
9320,9,4293.93,477.1,19,41.7
9321,11,2150.08,195.46,26,0.0
9322,10,1292.05,129.2,24,376.0
9323,8,5091.27,636.41,16,1733.7
9324,7,1895.12,270.73,25,899.83
9325,15,5410.82,360.72,31,1041.75
9326,16,10336.54,646.03,29,549.53
9327,11,4165.23,378.66,16,0.0
9328,25,9185.51,367.42,49,148.35
9329,4,1328.92,332.23,13,372.17
9330,9,4546.44,505.16,35,244.73
9331,9,8095.75,899.53,21,88.99
9332,33,12976.79,393.24,88,1401.53
9333,29,10923.89,376.69,60,412.89
9334,9,1930.17,214.46,15,380.9
9335,20,12137.11,606.86,45,535.16
9336,15,8737.28,582.49,43,2543.85
9337,6,1311.19,218.53,8,17.21
9338,16,8171.87,510.74,34,421.61
9339,27,8468.19,313.64,46,105.38
9340,9,530.51,58.95,12,3608.02
9341,21,4378.48,208.5,55,0.0
9342,10,1285.92,128.59,19,0.0
9343,21,7619.17,362.82,45,234.06
9344,42,23285.63,554.42,80,1622.33
9345,13,2470.54,190.04,29,1076.35
9346,5,1445.55,289.11,10,713.58
9347,15,10065.43,671.03,36,599.8
9348,37,11993.98,324.16,87,252.14
9349,17,9601.66,564.8,32,0.0
9350,6,3089.18,514.86,17,45.02
9351,26,13506.1,519.47,73,397.39
9352,12,5944.67,495.39,24,20.44
9353,13,3806.39,292.8,24,2514.28
9354,12,8239.61,686.63,39,2466.36
9355,28,9020.05,322.14,51,10131.75
9356,6,1498.63,249.77,11,518.58
9357,28,7905.69,282.35,63,197.12
9358,20,9100.64,455.03,47,43.06
9359,20,5845.51,292.28,39,4690.92
9360,7,5982.43,854.63,16,0.0
9361,30,11875.14,395.84,59,0.0
9362,31,10017.43,323.14,66,366.56
9363,10,1739.74,173.97,16,8199.72
9364,16,11163.36,697.71,44,0.0
9365,8,4327.09,540.89,25,2317.71
9366,6,3343.83,557.3,17,180.6
9367,6,1831.33,305.22,12,879.18
9368,13,3332.91,256.38,25,0.0
9369,47,21901.13,465.98,121,173.93
9370,17,5073.32,298.43,26,154.01
9371,12,963.54,80.3,27,1269.5
9372,14,2544.24,181.73,21,0.0
9373,3,142.18,47.39,5,3867.47
9374,11,7346.82,667.89,16,0.0
9375,22,6984.45,317.47,47,43.05
9376,6,509.32,84.89,9,389.19
9377,4,446.31,111.58,5,1717.93
9378,21,10546.17,502.2,44,1471.59
9379,5,1628.81,325.76,12,283.22
9380,9,4353.55,483.73,22,48.09
9381,7,7040.96,1005.85,18,739.44
9382,14,10885.4,777.53,33,0.0
9383,24,10031.15,417.96,80,508.94
9384,13,4977.08,382.85,24,100.99
9385,17,5791.17,340.66,39,594.12
9386,10,6258.51,625.85,22,0.0
9387,14,8041.38,574.38,32,0.0
9388,18,4307.1,239.28,46,0.0
9389,5,935.25,187.05,9,309.34
9390,16,4328.05,270.5,29,0.0
9391,18,7984.22,443.57,37,72.93
9392,11,2220.2,201.84,25,0.0
9393,10,7572.08,757.21,26,64.0
9394,65,21685.72,333.63,144,139.04
9395,15,4551.81,303.45,29,12.16
9396,8,1829.75,228.72,15,1253.58
9397,10,2865.11,286.51,23,0.0
9398,16,5672.13,354.51,24,0.0
9399,21,9283.82,442.09,38,3588.53
9400,19,5691.18,299.54,31,0.0
9401,56,22085.56,394.39,126,544.94
9402,6,1679.26,279.88,15,472.01
9403,4,3325.13,831.28,13,194.95
9404,16,6648.16,415.51,36,7330.79
9405,7,7141.27,1020.18,11,258.7
9406,10,5496.83,549.68,35,0.0
9407,13,7626.39,586.65,33,2736.67
9408,10,988.6,98.86,27,227.02
9409,25,8683.92,347.36,50,303.54
9410,27,12116.89,448.77,56,1888.13
9411,10,3238.44,323.84,26,2917.97
9412,5,1315.03,263.01,10,698.18
9413,16,6040.02,377.5,38,507.43
9414,5,1923.78,384.76,16,396.35
9415,16,10982.42,686.4,40,775.83
9416,6,2473.07,412.18,11,0.0
9417,38,12996.13,342.0,91,1669.51
9418,7,2011.91,287.42,19,0.0
9419,18,4145.04,230.28,36,341.4
9420,25,6845.68,273.83,55,1812.22
9421,24,10924.03,455.17,52,1781.32
9422,19,6635.98,349.26,39,5099.78
9423,13,6195.25,476.56,24,535.69
9424,11,10654.98,968.63,33,5532.53
9425,6,1195.81,199.3,16,0.0
9426,18,6353.67,352.98,46,3461.88
9427,11,1387.71,126.16,25,2069.03
9428,11,1261.36,114.67,21,163.53
9429,28,7348.54,262.45,60,43.95
9430,22,9710.59,441.39,42,4391.78
9431,10,5369.92,536.99,17,3739.55
9432,7,319.47,45.64,12,289.1
9433,18,4886.89,271.49,39,0.0
9434,4,1250.5,312.62,5,51.01
9435,12,3054.65,254.55,25,0.0
9436,36,13732.98,381.47,72,1620.85
9437,10,8861.37,886.14,32,206.18
9438,13,3382.18,260.17,31,0.0
9439,14,3764.07,268.86,21,264.59
9440,1,1536.8,1536.8,10,685.0
9441,6,2330.55,388.42,7,59.33
9442,9,1781.47,197.94,19,0.0
9443,15,2470.11,164.67,28,604.0
9444,6,2177.95,362.99,21,0.0
9445,18,8983.55,499.09,37,397.42
9446,8,896.97,112.12,11,0.0
9447,19,10454.13,550.22,42,1327.63
9448,25,7426.71,297.07,44,3315.92
9449,24,6594.25,274.76,49,3939.33
9450,53,22657.77,427.51,97,119.22
9451,33,16959.03,513.91,72,574.13
9452,38,18631.34,490.3,88,3727.02
9453,14,2529.43,180.67,22,0.0
9454,8,8986.18,1123.27,25,678.51
9455,13,2971.55,228.58,17,860.8
9456,32,11658.2,364.32,72,6491.15
9457,25,6362.11,254.48,66,6483.6
9458,15,4447.33,296.49,36,83.67
9459,30,7896.26,263.21,71,3920.91
9460,27,15681.67,580.8,55,94.11
9461,11,9501.44,863.77,32,1278.3
9462,13,3888.34,299.1,21,972.59
9463,9,8983.24,998.14,20,0.0
9464,12,6966.85,580.57,18,0.0
9465,10,8296.38,829.64,29,0.0
9466,8,4499.92,562.49,14,294.15
9467,8,3366.01,420.75,21,296.37
9468,18,4549.19,252.73,53,590.12
9469,9,18606.37,2067.37,33,0.0
9470,17,7801.54,458.91,34,187.2
9471,13,3608.45,277.57,24,0.0
9472,25,7470.63,298.83,55,3238.84
9473,11,6668.76,606.25,20,107.46
9474,14,2849.05,203.5,25,3597.64
9475,19,11602.24,610.64,37,191.9
9476,16,13134.53,820.91,31,0.0
9477,22,7556.49,343.48,46,171.35
9478,11,3036.06,276.01,19,0.0
9479,31,10416.88,336.03,60,587.52
9480,8,3564.62,445.58,15,679.57
9481,27,13260.28,491.12,55,989.59
9482,8,1963.74,245.47,23,3164.64
9483,4,545.2,136.3,19,75.7
9484,10,3907.79,390.78,18,80.36
9485,6,891.63,148.6,10,4379.96
9486,10,2438.33,243.83,24,213.12
9487,18,6490.68,360.59,28,2619.71
9488,12,1859.52,154.96,15,2418.23
9489,48,18821.09,392.11,100,1055.32
9490,8,4668.15,583.52,17,0.0
9491,13,5755.62,442.74,30,114.21
9492,10,1754.69,175.47,20,14.26
9493,5,2495.71,499.14,12,0.0
9494,8,2468.79,308.6,16,44.7
9495,23,18936.12,823.31,47,897.82
9496,15,5074.66,338.31,30,69.43
9497,7,3386.73,483.82,14,616.48
9498,8,4604.07,575.51,14,1530.41
9499,9,1265.64,140.63,24,0.0
9500,8,1424.64,178.08,17,5149.94
9501,14,10113.52,722.39,29,2140.18
9502,2,777.41,388.7,11,476.92
9503,16,5866.95,366.68,35,2560.21
9504,45,14211.14,315.8,84,0.0
9505,17,5026.69,295.69,30,68.72
9506,30,8199.27,273.31,66,714.03
9507,18,15350.19,852.79,34,463.9
9508,5,544.84,108.97,7,1611.38
9509,27,11370.65,421.14,62,4262.44
9510,10,5146.44,514.64,29,39.62
9511,11,4820.26,438.21,26,1513.48
9512,21,8841.52,421.02,57,137.44
9513,31,14277.79,460.57,63,3083.7
9514,20,8365.63,418.28,55,1933.9
9515,23,8432.33,366.62,53,30.5
9516,13,4491.22,345.48,30,0.0
9517,33,14838.51,449.65,66,3219.0
9518,15,4174.01,278.27,29,170.04
9519,22,13152.64,597.85,49,262.9
9520,17,11562.52,680.15,37,470.04
9521,7,4240.73,605.82,14,375.28
9522,14,11799.61,842.83,27,0.0
9523,33,19699.5,596.95,75,1949.02
9524,32,11560.1,361.25,75,1515.37
9525,13,2583.45,198.73,22,15.46
9526,6,3653.58,608.93,10,295.16
9527,11,2479.46,225.41,15,0.0
9528,14,11924.73,851.77,36,333.54
9529,12,4006.32,333.86,29,1174.7
9530,28,5270.53,188.23,51,1141.27
9531,15,3370.5,224.7,33,15.56
9532,9,6589.49,732.17,32,51.87
9533,14,4335.45,309.68,32,0.0
9534,31,7547.85,243.48,58,107.6
9535,15,4088.23,272.55,31,0.0
9536,10,4021.29,402.13,19,148.2
9537,8,944.77,118.1,23,0.0
9538,14,2012.67,143.76,25,466.72
9539,8,1292.67,161.58,16,2.87
9540,20,7916.48,395.82,36,761.57
9541,7,827.95,118.28,13,212.48
9542,9,1580.82,175.65,29,0.0
9543,7,912.1,130.3,20,54.22
9544,12,6658.62,554.88,30,129.28
9545,16,6594.79,412.17,36,575.24
9546,23,8909.61,387.37,45,206.66
9547,6,2805.49,467.58,22,516.6
9548,11,8058.3,732.57,40,0.0
9549,12,7590.34,632.53,25,754.97
9550,21,14678.91,699.0,52,2302.09
9551,4,730.15,182.54,8,0.0
9552,5,1479.66,295.93,10,380.04
9553,26,8767.05,337.19,53,511.42
9554,6,3660.56,610.09,10,747.57
9555,44,15824.92,359.66,80,1061.25
9556,29,9201.6,317.3,44,1920.12
9557,11,7606.67,691.52,19,405.29
9558,5,1094.2,218.84,11,130.28
9559,50,17517.76,350.36,111,950.73
9560,15,4519.14,301.28,42,0.0
9561,7,3663.74,523.39,15,0.0
9562,13,6251.97,480.92,24,46.5
9563,23,5439.41,236.5,46,401.8
9564,25,14814.6,592.58,44,0.0
9565,17,6720.48,395.32,39,733.84
9566,9,5664.63,629.4,19,0.0
9567,20,5353.71,267.69,37,1043.43
9568,18,2317.09,128.73,44,1398.6
9569,8,2042.47,255.31,14,0.0
9570,8,2482.45,310.31,16,704.23
9571,20,4860.08,243.0,33,426.08
9572,12,5047.63,420.64,26,0.0
9573,45,27468.99,610.42,121,5323.16
9574,1,31.64,31.64,4,476.24
9575,8,3123.94,390.49,24,0.0
9576,11,3943.89,358.54,21,34.18
9577,12,8733.13,727.76,34,86.84
9578,8,887.82,110.98,21,0.0
9579,5,640.55,128.11,11,0.0
9580,12,2081.34,173.45,25,221.18
9581,27,4205.31,155.75,50,2249.26
9582,8,993.63,124.2,16,0.0
9583,20,4212.18,210.61,45,372.57
9584,17,10931.62,643.04,36,1360.28
9585,3,3400.01,1133.34,14,2852.65
9586,43,19248.34,447.64,89,583.87
9587,10,1150.09,115.01,16,0.0
9588,12,3524.24,293.69,32,2227.22
9589,11,4008.61,364.42,26,171.2
9590,14,3448.4,246.31,24,522.17
9591,7,3636.08,519.44,22,13.72
9592,4,1120.9,280.23,6,0.0
9593,18,5996.72,333.15,36,157.57
9594,33,13103.12,397.06,71,4016.85
9595,17,5474.1,322.01,33,1781.15
9596,11,5384.1,489.46,27,3065.27
9597,20,8180.5,409.02,53,87.57
9598,8,8025.61,1003.2,20,486.69
9599,8,7993.81,999.23,31,0.0
9600,11,3600.67,327.33,26,104.62
9601,13,2099.79,161.52,26,0.0
9602,12,7899.02,658.25,25,0.0
9603,23,12753.84,554.51,49,585.99
9604,9,9614.28,1068.25,23,3484.4
9605,14,4494.28,321.02,23,340.07
9606,14,8962.76,640.2,31,288.14
9607,14,8426.6,601.9,36,2916.81
9608,4,669.77,167.44,7,0.0
9609,10,2810.63,281.06,15,6425.62
9610,16,3672.65,229.54,26,55.06
9611,6,4189.08,698.18,12,85.26
9612,20,8650.68,432.53,63,92.52
9613,8,1649.68,206.21,16,924.33
9614,11,1968.64,178.97,28,499.86
9615,54,16929.46,313.51,106,7415.75
9616,7,4506.74,643.82,14,294.58
9617,9,1503.01,167.0,19,1068.52
9618,22,10047.17,456.69,55,0.0
9619,12,2579.85,214.99,25,0.0
9620,6,436.47,72.74,6,39.87
9621,9,996.77,110.75,16,908.52
9622,8,5759.63,719.95,16,399.24
9623,11,5386.17,489.65,20,337.28
9624,26,14171.1,545.04,64,0.0
9625,8,9121.29,1140.16,17,150.21
9626,5,2136.39,427.28,10,182.99
9627,19,6056.33,318.75,44,7.5
9628,8,6146.86,768.36,26,23.57
9629,24,8498.44,354.1,52,171.4
9630,15,4670.71,311.38,38,0.0
9631,11,5060.88,460.08,26,1081.85
9632,24,8801.91,366.75,44,7517.14
9633,6,4705.81,784.3,11,0.0
9634,31,7244.91,233.71,58,2201.33
9635,14,3354.05,239.58,28,545.31
9636,8,11948.07,1493.51,22,19.78
9637,8,1292.8,161.6,12,1087.96
9638,10,6409.54,640.95,30,0.0
9639,21,5927.56,282.26,52,1428.7
9640,9,4125.26,458.36,21,111.84
9641,16,5335.95,333.5,26,1638.07
9642,21,10702.06,509.62,45,4556.85
9643,7,503.12,71.87,10,0.0
9644,19,10110.32,532.12,44,693.95
9645,5,1307.4,261.48,10,852.7
9646,51,24998.74,490.17,118,4661.52
9647,9,1845.98,205.11,19,2214.2
9648,14,7394.82,528.2,24,1487.62
9649,18,5547.85,308.21,38,0.0
9650,38,19873.07,522.98,76,784.16
9651,59,45995.33,779.58,129,101.12
9652,11,1251.28,113.75,23,74.87
9653,5,3162.58,632.52,7,4387.53
9654,11,4058.83,368.98,23,1081.22
9655,34,18260.67,537.08,93,187.83
9656,8,3568.7,446.09,17,800.47
9657,26,10563.6,406.29,49,757.09
9658,16,3095.89,193.49,32,457.42
9659,11,3324.31,302.21,34,30.72
9660,10,2558.1,255.81,21,1295.07
9661,12,2967.23,247.27,26,72.65
9662,23,6073.37,264.06,38,0.0
9663,8,3307.98,413.5,15,690.46
9664,8,3206.49,400.81,16,0.0
9665,18,9892.62,549.59,43,82.22
9666,10,9139.1,913.91,28,0.0
9667,8,5077.38,634.67,14,1215.31
9668,13,3404.02,261.85,25,0.0
9669,8,3223.86,402.98,20,459.42
9670,5,1728.95,345.79,17,120.67
9671,15,15530.48,1035.37,46,1880.44
9672,20,14840.0,742.0,57,2069.23
9673,14,2798.45,199.89,28,474.54
9674,52,21189.2,407.48,109,1467.61
9675,6,2426.91,404.49,10,57.52
9676,11,3932.99,357.54,22,1617.06
9677,9,2811.39,312.38,19,83.25
9678,15,10387.13,692.48,32,449.16
9679,7,2872.99,410.43,12,4880.58
9680,30,8236.19,274.54,47,178.95
9681,11,2802.17,254.74,23,745.43
9682,30,12766.96,425.57,52,637.2
9683,16,9065.64,566.6,33,0.0
9684,15,3690.3,246.02,32,315.92
9685,14,10915.41,779.67,32,510.31
9686,6,2054.71,342.45,12,1361.82
9687,16,5695.37,355.96,39,713.12
9688,3,353.73,117.91,3,1084.46
9689,17,4995.13,293.83,47,2647.74
9690,16,2636.36,164.77,37,523.99
9691,11,4814.53,437.68,22,0.0
9692,10,7068.44,706.84,31,312.84
9693,10,8404.44,840.44,16,0.0
9694,15,4095.97,273.06,35,102.79
9695,19,5742.97,302.26,36,361.6
9696,12,2671.23,222.6,27,0.0
9697,40,16614.3,415.36,87,695.77
9698,46,28306.19,615.35,121,710.73
9699,13,5509.05,423.77,52,556.13
9700,31,8526.56,275.05,60,0.0
9701,14,6394.29,456.74,32,0.0
9702,12,2465.25,205.44,20,0.0
9703,6,1617.56,269.59,6,1450.65
9704,25,7688.45,307.54,43,1201.07
9705,33,23000.53,696.99,75,0.0
9706,10,2001.53,200.15,27,1302.24
9707,5,2417.17,483.43,10,680.61
9708,8,6504.3,813.04,30,970.46
9709,11,4721.7,429.25,29,0.0
9710,13,2314.35,178.03,27,0.0
9711,27,12591.22,466.34,58,362.59
9712,23,5889.52,256.07,45,979.04
9713,8,1103.23,137.9,15,0.0
9714,12,5152.83,429.4,32,985.28
9715,23,13898.26,604.27,51,0.0
9716,22,5072.11,230.55,44,2155.42
9717,30,12580.61,419.35,84,2607.18
9718,8,2221.71,277.71,19,1642.5
9719,13,8943.04,687.93,33,122.04
9720,5,198.13,39.63,7,472.76
9721,24,4818.87,200.79,47,102.44
9722,13,3732.12,287.09,30,0.0
9723,4,2261.54,565.38,8,51.79
9724,6,591.69,98.62,14,0.0
9725,14,4369.88,312.13,35,0.0
9726,7,3681.8,525.97,10,260.84
9727,14,4839.42,345.67,26,0.0
9728,32,7496.35,234.26,60,296.57
9729,13,5273.53,405.66,23,412.56
9730,5,862.99,172.6,12,289.59
9731,26,8801.98,338.54,48,653.6
9732,23,10570.11,459.57,51,2167.18
9733,3,607.02,202.34,4,1854.14
9734,16,6523.21,407.7,42,0.0
9735,13,3022.97,232.54,33,661.59
9736,4,813.56,203.39,4,289.45
9737,20,7084.87,354.24,39,0.0
9738,9,8089.56,898.84,23,310.11
9739,12,1806.45,150.54,22,1.86
9740,4,1241.85,310.46,14,3126.74
9741,9,4262.2,473.58,25,0.0
9742,11,3481.81,316.53,18,129.4
9743,27,7450.39,275.94,57,882.79
9744,11,4273.17,388.47,23,4008.88
9745,2,164.91,82.46,2,5878.9
9746,13,8307.24,639.02,23,314.13
9747,6,980.77,163.46,15,0.0
9748,21,8129.84,387.14,37,0.0
9749,14,4640.14,331.44,30,330.75
9750,7,1982.95,283.28,12,827.06
9751,8,4496.09,562.01,16,0.0
9752,9,4562.2,506.91,32,390.18
9753,25,10691.71,427.67,61,510.88
9754,15,2572.1,171.47,22,364.1
9755,11,2220.37,201.85,28,0.0
9756,3,116.88,38.96,3,1842.24
9757,26,10176.32,391.4,47,13.55
9758,8,3106.44,388.3,13,0.0
9759,7,2503.49,357.64,11,960.65
9760,21,11273.17,536.82,43,3039.63
9761,6,1466.6,244.43,14,31.97
9762,34,17161.88,504.76,88,768.19
9763,8,1961.32,245.16,18,1557.25
9764,26,11421.92,439.3,48,329.65
9765,11,4869.51,442.68,25,426.79
9766,5,1620.24,324.05,9,50.32
9767,7,2528.04,361.15,13,277.79
9768,45,16333.52,362.97,84,5501.11
9769,9,3060.18,340.02,18,112.29
9770,12,3201.39,266.78,30,30.65
9771,27,7060.34,261.49,58,301.56
9772,4,1154.88,288.72,4,320.56
9773,10,11699.16,1169.92,26,172.95
9774,13,3181.86,244.76,19,0.0
9775,26,14231.14,547.35,49,885.29
9776,10,6319.41,631.94,23,36.59
9777,6,1695.82,282.64,10,1711.39
9778,24,9158.38,381.6,43,1256.46
9779,15,8967.5,597.83,28,844.37
9780,9,1354.99,150.55,17,674.39
9781,17,9164.83,539.11,34,5910.26
9782,11,2960.79,269.16,25,119.25
9783,6,498.6,83.1,6,63.96
9784,8,5878.03,734.75,18,5201.93
9785,11,6097.62,554.33,29,36.25
9786,20,7196.9,359.84,37,3038.5
9787,7,1375.14,196.45,9,0.0
9788,6,6147.25,1024.54,13,954.32
9789,7,3067.14,438.16,23,393.24
9790,19,5427.51,285.66,49,0.0
9791,22,9027.86,410.36,45,185.32
9792,15,7232.55,482.17,35,130.35
9793,63,16636.34,264.07,127,2635.89
9794,30,13740.17,458.01,80,777.74
9795,58,18989.2,327.4,119,4343.45
9796,13,1567.16,120.55,27,87.9
9797,7,174.26,24.89,10,239.69
9798,15,8993.44,599.56,44,240.56
9799,15,5172.94,344.86,36,562.59
9800,3,538.26,179.42,8,0.0
9801,8,13053.5,1631.69,20,165.91
9802,8,5251.36,656.42,16,0.0
9803,15,5696.03,379.74,31,1370.0
9804,11,5254.49,477.68,26,1004.85
9805,5,810.32,162.06,16,0.0
9806,44,11159.66,253.63,84,2733.55
9807,16,8523.29,532.71,30,22.17
9808,5,1734.29,346.86,12,0.0
9809,5,658.88,131.78,9,1081.83
9810,10,1704.84,170.48,29,0.0
9811,28,8398.53,299.95,65,6976.46
9812,7,2022.58,288.94,12,0.0
9813,25,10365.09,414.6,49,0.0
9814,1,367.13,367.13,4,258.09
9815,21,9484.11,451.62,57,528.73
9816,13,2661.31,204.72,27,59.31
9817,10,4116.65,411.66,21,0.0
9818,8,8804.99,1100.62,19,0.0
9819,9,593.64,65.96,17,645.53
9820,53,27947.66,527.31,119,598.1
9821,22,6625.66,301.17,69,1835.77
9822,7,2538.97,362.71,14,55.54
9823,14,6609.92,472.14,30,401.1
9824,7,707.68,101.1,12,327.92
9825,30,12334.36,411.15,66,2443.06
9826,10,10779.29,1077.93,36,1520.47
9827,2,50.37,25.18,2,311.03
9828,8,1013.39,126.67,20,0.0
9829,12,1720.7,143.39,21,4161.84
9830,21,13548.19,645.15,45,512.23
9831,11,1482.68,134.79,21,2820.32
9832,8,3747.4,468.42,13,0.0
9833,26,11904.33,457.86,53,3820.93
9834,6,3042.18,507.03,19,488.43
9835,13,7536.2,579.71,39,284.8
9836,24,5932.81,247.2,56,253.43
9837,10,4726.71,472.67,26,29.27
9838,39,19829.21,508.44,73,1398.91
9839,22,7559.61,343.62,45,1787.91
9840,10,6074.57,607.46,20,0.0
9841,10,5435.34,543.53,24,7.13
9842,10,3135.79,313.58,18,224.68
9843,11,6026.49,547.86,38,0.0
9844,13,9012.46,693.27,37,2148.33
9845,14,3395.39,242.53,24,0.0
9846,6,1387.18,231.2,14,592.22
9847,17,5342.98,314.29,34,55.87
9848,6,509.65,84.94,12,699.13
9849,16,13944.64,871.54,46,1231.33
9850,13,5779.21,444.55,39,1413.83
9851,16,5668.16,354.26,38,317.94
9852,12,5951.07,495.92,44,0.0
9853,9,1717.57,190.84,16,0.0
9854,15,15515.56,1034.37,34,0.0
9855,40,21116.48,527.91,80,124.13
9856,28,12240.26,437.15,64,1558.05
9857,19,6557.07,345.11,41,1150.2
9858,10,11429.2,1142.92,26,0.0
9859,9,1072.25,119.14,15,26.19
9860,6,3164.59,527.43,11,227.08
9861,22,7159.04,325.41,53,13.11
9862,14,18325.59,1308.97,41,1211.9
9863,37,23041.86,622.75,102,243.9
9864,18,6296.52,349.81,44,1256.05
9865,5,560.06,112.01,12,4.33
9866,18,4083.54,226.86,46,563.06
9867,10,4433.14,443.31,20,1006.2
9868,12,1459.42,121.62,32,498.89
9869,9,2826.53,314.06,14,0.0
9870,10,2052.68,205.27,20,0.0
9871,15,8753.38,583.56,39,0.0
9872,15,4369.6,291.31,30,1476.36
9873,15,4915.8,327.72,28,203.56
9874,9,6732.78,748.09,19,564.11
9875,30,10954.5,365.15,50,5433.82
9876,26,13374.81,514.42,58,566.97
9877,10,15441.01,1544.1,25,0.0
9878,7,8885.21,1269.32,21,0.0
9879,30,7012.63,233.75,77,77.35
9880,11,6485.98,589.63,22,159.69
9881,9,2627.84,291.98,20,0.0
9882,33,9368.77,283.9,62,982.2
9883,14,2983.42,213.1,24,3507.01
9884,29,9623.74,331.85,52,0.0
9885,35,34541.63,986.9,79,947.55
9886,2,325.76,162.88,2,982.45
9887,10,1891.34,189.13,18,134.19
9888,36,17280.83,480.02,79,1600.37
9889,8,2247.97,281.0,19,2827.45
9890,13,5629.24,433.02,26,0.0
9891,14,5197.94,371.28,28,46.62
9892,17,5068.53,298.15,28,1982.9
9893,18,3819.6,212.2,50,284.99
9894,18,4264.79,236.93,43,2060.4
9895,11,3003.54,273.05,25,0.0
9896,16,8326.25,520.39,28,31.44
9897,14,4281.39,305.81,31,34.72
9898,31,14826.87,478.29,80,770.17
9899,19,7620.98,401.1,46,1792.42
9900,10,4501.0,450.1,31,1559.0
9901,7,2860.33,408.62,24,0.0
9902,12,5738.66,478.22,37,129.77
9903,12,9746.05,812.17,32,0.0
9904,26,12098.87,465.34,62,149.32
9905,7,2255.72,322.25,17,247.8
9906,29,8566.09,295.38,59,717.52
9907,7,2801.4,400.2,14,0.0
9908,10,3129.32,312.93,20,723.02
9909,8,3612.87,451.61,19,0.0
9910,7,3848.15,549.74,12,4529.48
9911,7,889.58,127.08,17,0.0
9912,14,4534.77,323.91,29,855.98
9913,11,2007.23,182.48,25,1046.61
9914,10,2730.3,273.03,27,18.36
9915,6,376.83,62.8,8,0.0
9916,14,5334.63,381.04,30,1022.21
9917,12,2528.39,210.7,30,8.51
9918,15,5230.89,348.73,26,0.0
9919,13,2351.56,180.89,21,0.0
9920,10,2004.19,200.42,20,2698.46
9921,8,1128.06,141.01,11,106.69
9922,5,1084.22,216.84,10,101.34
9923,10,2534.27,253.43,16,76.96
9924,16,3193.72,199.61,29,0.0
9925,26,9456.56,363.71,40,4530.47
9926,16,27883.76,1742.74,48,45.02
9927,12,3463.49,288.62,23,41.2
9928,17,2179.8,128.22,32,37.24
9929,12,9457.68,788.14,22,1703.16
9930,13,12581.57,967.81,28,0.0
9931,43,16849.87,391.86,95,923.21
9932,12,3772.7,314.39,22,0.0
9933,13,2513.68,193.36,29,25.35
9934,28,10479.65,374.27,65,1696.16
9935,19,14781.45,777.97,43,1000.47
9936,14,2862.29,204.45,27,3376.38
9937,26,14672.57,564.33,68,364.73
9938,18,19725.51,1095.86,46,1380.94
9939,18,4670.92,259.5,39,0.0
9940,11,2199.08,199.92,21,251.58
9941,25,9652.42,386.1,69,3594.25
9942,6,2240.69,373.45,9,4900.42
9943,14,7176.32,512.59,30,2642.82
9944,13,4646.01,357.39,32,147.25
9945,12,6227.36,518.95,34,47.77
9946,9,793.17,88.13,17,251.71
9947,8,1381.44,172.68,11,0.0
9948,10,4193.36,419.34,26,0.0
9949,34,19158.74,563.49,69,0.0
9950,8,1264.3,158.04,13,60.57
9951,4,369.05,92.26,10,1128.75
9952,33,10743.31,325.55,72,1314.53
9953,9,9462.96,1051.44,30,0.0
9954,12,5331.61,444.3,29,401.98
9955,8,1553.56,194.2,22,336.38
9956,19,8142.84,428.57,46,193.39
9957,8,2055.79,256.97,15,1382.86
9958,6,6031.68,1005.28,16,114.06
9959,7,2517.5,359.64,14,682.62
9960,8,2526.06,315.76,22,119.94
9961,4,689.69,172.42,5,945.25
9962,11,4254.65,386.79,24,0.0
9963,17,3685.96,216.82,23,270.09
9964,16,11383.92,711.5,30,5103.62
9965,15,4673.78,311.59,44,0.0
9966,18,11537.84,640.99,42,245.24
9967,9,2502.32,278.04,19,626.52
9968,20,6799.82,339.99,34,705.42
9969,28,10444.06,373.0,64,451.92
9970,5,2012.55,402.51,11,1146.85
9971,4,2642.48,660.62,11,294.67
9972,12,4838.97,403.25,26,2107.29
9973,29,9679.57,333.78,64,2349.01
9974,8,2646.78,330.85,27,0.0
9975,11,4267.51,387.96,26,32.37
9976,39,17623.01,451.87,98,420.73
9977,18,6776.52,376.47,36,0.0
9978,10,2583.91,258.39,25,46.86
9979,20,5130.59,256.53,49,0.0
9980,14,2942.71,210.19,27,18.76
9982,7,791.03,113.0,10,117.01
9983,13,4142.9,318.68,28,52.1
9984,10,2235.64,223.56,29,814.21
9985,49,24694.58,503.97,125,316.79
9986,12,5470.69,455.89,26,47.26
9987,14,4726.32,337.59,35,0.0
9988,23,7391.18,321.36,51,34.81
9989,8,1785.44,223.18,25,110.99
9990,3,1674.18,558.06,6,2157.67
9991,49,16037.81,327.3,108,391.5
9992,13,5379.01,413.77,32,194.47
9993,17,7020.34,412.96,47,0.0
9994,4,2834.52,708.63,10,0.0
9995,8,2366.5,295.81,22,627.2
9996,15,6216.96,414.46,34,105.57
9997,7,1332.11,190.3,14,912.1
9998,7,1933.72,276.25,21,1584.71
9999,7,5412.88,773.27,12,0.0
10000,12,2368.89,197.41,23,2082.44
